{
	"credit": "Made with Blockbench",
	"parent": "fire_sword",
	"texture_size": [64, 64],
	"textures": {
		"0": "item/sword/fire/fire_sword",
		"1": "item/sword/fire/ef_fire_sword_long",
		"particle": "item/sword/fire/fire_sword"
	},
	"elements": [
		{
			"from": [7, -14, 7],
			"to": [9, -6, 9],
			"shade": false,
			"rotation": {"angle": 0, "axis": "y", "origin": [8, -10, 8]},
			"faces": {
				"north": {"uv": [5.5, 7, 6, 9], "texture": "#0"},
				"east": {"uv": [7, 5.75, 7.5, 7.75], "texture": "#0"},
				"south": {"uv": [6, 7, 6.5, 9], "texture": "#0"},
				"west": {"uv": [0, 7.25, 0.5, 9.25], "texture": "#0"},
				"up": {"uv": [3.5, 9.75, 3, 9.25], "texture": "#0"},
				"down": {"uv": [10, 7.5, 9.5, 8], "texture": "#0"}
			}
		},
		{
			"from": [4.992, -8.008, 5.992],
			"to": [11.008, -1.992, 10.008],
			"shade": false,
			"rotation": {"angle": 0, "axis": "y", "origin": [8.13523, 6.4355, 5.98223]},
			"faces": {
				"north": {"uv": [5.25, 0, 6.75, 1.5], "texture": "#0"},
				"east": {"uv": [5.25, 3, 6.25, 4.5], "texture": "#0"},
				"south": {"uv": [5.25, 1.5, 6.75, 3], "texture": "#0"},
				"west": {"uv": [5.25, 4.5, 6.25, 6], "texture": "#0"},
				"up": {"uv": [6.75, 7, 5.25, 6], "texture": "#0"},
				"down": {"uv": [7.75, 3, 6.25, 4], "texture": "#0"}
			}
		},
		{
			"from": [10.75406, -1.41758, 5.994],
			"to": [14.01606, -0.25558, 10.006],
			"shade": false,
			"rotation": {"angle": -22.5, "axis": "z", "origin": [8.13523, 6.4355, 5.98223]},
			"faces": {
				"north": {"uv": [10, 7.5, 10.875, 7.75], "texture": "#0"},
				"east": {"uv": [6.75, 2.75, 7.75, 3], "texture": "#0"},
				"south": {"uv": [10, 7.75, 10.875, 8], "texture": "#0"},
				"west": {"uv": [9.5, 8, 10.5, 8.25], "texture": "#0"},
				"up": {"uv": [2.375, 8.25, 1.5, 7.25], "texture": "#0"},
				"down": {"uv": [3.375, 7.25, 2.5, 8.25], "texture": "#0"}
			}
		},
		{
			"from": [2.01053, -1.30809, 6],
			"to": [5.26053, -0.15809, 10],
			"shade": false,
			"rotation": {"angle": 22.5, "axis": "z", "origin": [8.13523, 6.4355, 5.98223]},
			"faces": {
				"north": {"uv": [10.875, 7.5, 10, 7.75], "texture": "#0"},
				"east": {"uv": [10.5, 8, 9.5, 8.25], "texture": "#0"},
				"south": {"uv": [10.875, 7.75, 10, 8], "texture": "#0"},
				"west": {"uv": [7.75, 2.75, 6.75, 3], "texture": "#0"},
				"up": {"uv": [1.5, 8.25, 2.375, 7.25], "texture": "#0"},
				"down": {"uv": [2.5, 7.25, 3.375, 8.25], "texture": "#0"}
			}
		},
		{
			"from": [2.00171, -8.00346, 5.994],
			"to": [5.26371, -6.84146, 10.006],
			"shade": false,
			"rotation": {"angle": 22.5, "axis": "z", "origin": [8.13523, 6.4355, 5.98223]},
			"faces": {
				"north": {"uv": [10, 8.5, 10.875, 8.75], "texture": "#0"},
				"east": {"uv": [1, 9.75, 2, 10], "texture": "#0"},
				"south": {"uv": [10, 9.75, 10.875, 10], "texture": "#0"},
				"west": {"uv": [9.75, 1.5, 10.75, 1.75], "texture": "#0"},
				"up": {"uv": [8.375, 7, 7.5, 6], "texture": "#0"},
				"down": {"uv": [8.375, 7, 7.5, 8], "texture": "#0"}
			}
		},
		{
			"from": [10.76288, -8.10096, 6],
			"to": [14.01288, -6.95096, 10],
			"shade": false,
			"rotation": {"angle": -22.5, "axis": "z", "origin": [8.13523, 6.4355, 5.98223]},
			"faces": {
				"north": {"uv": [10.875, 8.5, 10, 8.75], "texture": "#0"},
				"east": {"uv": [10.75, 1.5, 9.75, 1.75], "texture": "#0"},
				"south": {"uv": [10.875, 9.75, 10, 10], "texture": "#0"},
				"west": {"uv": [2, 9.75, 1, 10], "texture": "#0"},
				"up": {"uv": [7.5, 7, 8.375, 6], "texture": "#0"},
				"down": {"uv": [7.5, 7, 8.375, 8], "texture": "#0"}
			}
		},
		{
			"from": [1.48664, -4.15636, 7.2425],
			"to": [4.00064, -2.64236, 8.7565],
			"shade": false,
			"rotation": {"angle": 0, "axis": "y", "origin": [8.13523, 6.4355, 5.98223]},
			"faces": {
				"north": {"uv": [9.75, 4.875, 10.375, 4.5], "texture": "#0"},
				"east": {"uv": [5.5, 10.625, 5.875, 10.25], "rotation": 270, "texture": "#0"},
				"south": {"uv": [10.375, 4.875, 9.75, 4.5], "texture": "#0"},
				"west": {"uv": [10.25, 6.375, 10.625, 6], "rotation": 90, "texture": "#0"},
				"up": {"uv": [9.75, 2.625, 10.375, 2.25], "rotation": 180, "texture": "#0"},
				"down": {"uv": [4, 10.125, 4.625, 9.75], "texture": "#0"}
			}
		},
		{
			"from": [0.07377, -2.73514, 8],
			"to": [2.32377, -0.23514, 8],
			"shade": false,
			"rotation": {"angle": 0, "axis": "y", "origin": [8.13523, 6.4355, 5.98223]},
			"faces": {
				"north": {"uv": [9, 5.875, 9.625, 5.25], "rotation": 90, "texture": "#0"},
				"east": {"uv": [0, 0, 0.625, 0], "rotation": 270, "texture": "#0"},
				"south": {"uv": [9, 5.25, 9.625, 5.875], "rotation": 90, "texture": "#0"},
				"west": {"uv": [0, 0, 0.625, 0], "rotation": 90, "texture": "#0"},
				"up": {"uv": [0, 0, 0.625, 0], "rotation": 180, "texture": "#0"},
				"down": {"uv": [0, 0, 0.625, 0], "texture": "#0"}
			}
		},
		{
			"from": [-4.04971, 3.64319, 7.2455],
			"to": [-2.54171, 5.65119, 8.7535],
			"shade": false,
			"rotation": {"angle": 45, "axis": "z", "origin": [8.13523, 6.4355, 5.98223]},
			"faces": {
				"north": {"uv": [10.25, 1.5, 10.625, 1], "texture": "#0"},
				"east": {"uv": [10.25, 0.875, 10.75, 0.5], "rotation": 270, "texture": "#0"},
				"south": {"uv": [10.625, 1.5, 10.25, 1], "texture": "#0"},
				"west": {"uv": [1, 10.625, 1.5, 10.25], "rotation": 90, "texture": "#0"},
				"up": {"uv": [6.75, 10.625, 7.125, 10.25], "rotation": 180, "texture": "#0"},
				"down": {"uv": [7.25, 10.625, 7.625, 10.25], "texture": "#0"}
			}
		},
		{
			"from": [-4.71039, -15.63803, 8],
			"to": [-2.46039, -13.13803, 8],
			"shade": false,
			"rotation": {"angle": -45, "axis": "z", "origin": [8.13523, -19.5855, 5.98223]},
			"faces": {
				"north": {"uv": [9.625, 5.875, 9, 5.25], "rotation": 90, "texture": "#0"},
				"east": {"uv": [0.625, 0, 0, 0], "rotation": 270, "texture": "#0"},
				"south": {"uv": [9.625, 5.25, 9, 5.875], "rotation": 90, "texture": "#0"},
				"west": {"uv": [0.625, 0, 0, 0], "rotation": 90, "texture": "#0"},
				"up": {"uv": [0, 0, 0.625, 0], "texture": "#0"},
				"down": {"uv": [0, 0, 0.625, 0], "rotation": 180, "texture": "#0"}
			}
		},
		{
			"from": [3.61105, -7.45123, 7.2455],
			"to": [5.61905, -5.94323, 8.7535],
			"shade": false,
			"rotation": {"angle": 0, "axis": "y", "origin": [8.13523, -19.5855, 5.98223]},
			"faces": {
				"north": {"uv": [10.625, 1.5, 10.25, 1], "rotation": 90, "texture": "#0"},
				"east": {"uv": [7.625, 10.625, 7.25, 10.25], "rotation": 270, "texture": "#0"},
				"south": {"uv": [10.25, 1.5, 10.625, 1], "rotation": 270, "texture": "#0"},
				"west": {"uv": [7.125, 10.625, 6.75, 10.25], "rotation": 90, "texture": "#0"},
				"up": {"uv": [1, 10.25, 1.5, 10.625], "texture": "#0"},
				"down": {"uv": [10.25, 0.5, 10.75, 0.875], "rotation": 180, "texture": "#0"}
			}
		},
		{
			"from": [18.46039, -15.63803, 8],
			"to": [20.71039, -13.13803, 8],
			"shade": false,
			"rotation": {"angle": 45, "axis": "z", "origin": [7.86477, -19.5855, 5.98223]},
			"faces": {
				"north": {"uv": [9.625, 5.25, 9, 5.875], "rotation": 90, "texture": "#0"},
				"east": {"uv": [0.625, 0, 0, 0], "rotation": 90, "texture": "#0"},
				"south": {"uv": [9.625, 5.875, 9, 5.25], "rotation": 90, "texture": "#0"},
				"west": {"uv": [0.625, 0, 0, 0], "rotation": 270, "texture": "#0"},
				"up": {"uv": [0.625, 0, 0, 0], "texture": "#0"},
				"down": {"uv": [0.625, 0, 0, 0], "rotation": 180, "texture": "#0"}
			}
		},
		{
			"from": [10.38095, -7.45123, 7.2455],
			"to": [12.38895, -5.94323, 8.7535],
			"shade": false,
			"rotation": {"angle": 0, "axis": "y", "origin": [7.86477, -19.5855, 5.98223]},
			"faces": {
				"north": {"uv": [10.625, 1, 10.25, 1.5], "rotation": 90, "texture": "#0"},
				"east": {"uv": [7.125, 10.25, 6.75, 10.625], "rotation": 90, "texture": "#0"},
				"south": {"uv": [10.25, 1, 10.625, 1.5], "rotation": 270, "texture": "#0"},
				"west": {"uv": [7.625, 10.25, 7.25, 10.625], "rotation": 270, "texture": "#0"},
				"up": {"uv": [1.5, 10.25, 1, 10.625], "texture": "#0"},
				"down": {"uv": [10.75, 0.5, 10.25, 0.875], "rotation": 180, "texture": "#0"}
			}
		},
		{
			"from": [13.67623, -2.73514, 8],
			"to": [15.92623, -0.23514, 8],
			"shade": false,
			"rotation": {"angle": 0, "axis": "y", "origin": [7.86477, 6.4355, 5.98223]},
			"faces": {
				"north": {"uv": [9, 5.25, 9.625, 5.875], "rotation": 90, "texture": "#0"},
				"east": {"uv": [0, 0, 0.625, 0], "rotation": 90, "texture": "#0"},
				"south": {"uv": [9, 5.875, 9.625, 5.25], "rotation": 90, "texture": "#0"},
				"west": {"uv": [0, 0, 0.625, 0], "rotation": 270, "texture": "#0"},
				"up": {"uv": [0.625, 0, 0, 0], "rotation": 180, "texture": "#0"},
				"down": {"uv": [0.625, 0, 0, 0], "texture": "#0"}
			}
		},
		{
			"from": [18.54171, 3.64319, 7.2455],
			"to": [20.04971, 5.65119, 8.7535],
			"shade": false,
			"rotation": {"angle": -45, "axis": "z", "origin": [7.86477, 6.4355, 5.98223]},
			"faces": {
				"north": {"uv": [10.625, 1.5, 10.25, 1], "texture": "#0"},
				"east": {"uv": [1, 10.25, 1.5, 10.625], "rotation": 90, "texture": "#0"},
				"south": {"uv": [10.25, 1.5, 10.625, 1], "texture": "#0"},
				"west": {"uv": [10.25, 0.5, 10.75, 0.875], "rotation": 270, "texture": "#0"},
				"up": {"uv": [7.125, 10.625, 6.75, 10.25], "rotation": 180, "texture": "#0"},
				"down": {"uv": [7.625, 10.625, 7.25, 10.25], "texture": "#0"}
			}
		},
		{
			"from": [11.99936, -4.15636, 7.2425],
			"to": [14.51336, -2.64236, 8.7565],
			"shade": false,
			"rotation": {"angle": 0, "axis": "y", "origin": [7.86477, 6.4355, 5.98223]},
			"faces": {
				"north": {"uv": [10.375, 4.875, 9.75, 4.5], "texture": "#0"},
				"east": {"uv": [10.25, 6, 10.625, 6.375], "rotation": 90, "texture": "#0"},
				"south": {"uv": [9.75, 4.875, 10.375, 4.5], "texture": "#0"},
				"west": {"uv": [5.5, 10.25, 5.875, 10.625], "rotation": 270, "texture": "#0"},
				"up": {"uv": [10.375, 2.625, 9.75, 2.25], "rotation": 180, "texture": "#0"},
				"down": {"uv": [4.625, 10.125, 4, 9.75], "texture": "#0"}
			}
		},
		{
			"from": [-3.00622, -1.34149, 7.142],
			"to": [-1.24022, 4.92451, 8.858],
			"shade": false,
			"rotation": {"angle": 45, "axis": "z", "origin": [8.13523, 6.4355, 5.98223]},
			"faces": {
				"north": {"uv": [3.5, 7.25, 4, 8.875], "texture": "#0"},
				"east": {"uv": [8.5, 4.5, 8.875, 6.125], "texture": "#0"},
				"south": {"uv": [4, 7.25, 3.5, 8.875], "texture": "#0"},
				"west": {"uv": [8.5, 6.25, 8.875, 7.875], "texture": "#0"},
				"up": {"uv": [6.75, 10.375, 6.25, 10], "texture": "#0"},
				"down": {"uv": [10.75, 0, 10.25, 0.375], "texture": "#0"}
			}
		},
		{
			"from": [4.692, 3.13581, 7.992],
			"to": [11.308, 31.758, 8.008],
			"shade": false,
			"rotation": {"angle": 0, "axis": "y", "origin": [8.13523, 6.4355, 5.98223]},
			"faces": {
				"north": {"uv": [0, 0, 2.125, 7.25], "texture": "#0"},
				"south": {"uv": [2.125, 0, 0, 7.25], "texture": "#0"}
			}
		},
		{
			"from": [6.192, 3.13581, 7.642],
			"to": [9.808, 21.008, 8.358],
			"shade": false,
			"rotation": {"angle": 0, "axis": "y", "origin": [8.13523, 6.4355, 5.98223]},
			"faces": {
				"north": {"uv": [4, 0, 5.125, 4.5], "texture": "#0"},
				"east": {"uv": [6.75, 5.75, 7, 10.25], "texture": "#0"},
				"south": {"uv": [4, 4.5, 5.125, 9], "texture": "#0"},
				"west": {"uv": [5.25, 7, 5.5, 11.5], "texture": "#0"},
				"up": {"uv": [10.125, 9, 9, 8.75], "texture": "#0"},
				"down": {"uv": [10.625, 6.5, 9.5, 6.75], "texture": "#0"}
			}
		},
		{
			"from": [16.70927, 15.20078, 7.646],
			"to": [19.96727, 18.45878, 8.354],
			"shade": false,
			"rotation": {"angle": 45, "axis": "z", "origin": [8.13523, 6.4355, 5.98223]},
			"faces": {
				"north": {"uv": [0.5, 8.25, 1.375, 9.125], "texture": "#0"},
				"east": {"uv": [6.5, 7, 6.75, 7.875], "texture": "#0"},
				"south": {"uv": [1.5, 8.25, 2.375, 9.125], "texture": "#0"},
				"west": {"uv": [6.5, 8, 6.75, 8.875], "texture": "#0"},
				"up": {"uv": [10.625, 3, 9.75, 2.75], "texture": "#0"},
				"down": {"uv": [0.875, 10, 0, 10.25], "texture": "#0"}
			}
		},
		{
			"from": [6.192, 22.492, 7.642],
			"to": [9.808, 24.86419, 8.358],
			"shade": false,
			"rotation": {"angle": 0, "axis": "y", "origin": [8.13523, 6.4355, 5.98223]},
			"faces": {
				"north": {"uv": [8.25, 3, 9.375, 3.625], "texture": "#0"},
				"east": {"uv": [7.25, 5, 7.5, 5.625], "texture": "#0"},
				"south": {"uv": [8.25, 3.75, 9.375, 4.375], "texture": "#0"},
				"west": {"uv": [2, 10.25, 2.25, 10.875], "texture": "#0"},
				"up": {"uv": [8.125, 9.75, 7, 9.5], "texture": "#0"},
				"down": {"uv": [10.625, 7.25, 9.5, 7.5], "texture": "#0"}
			}
		},
		{
			"from": [15.05351, 22.61957, 7.644],
			"to": [17.19051, 24.98776, 8.356],
			"shade": false,
			"rotation": {"angle": 22.5, "axis": "z", "origin": [8.13523, 6.4355, 5.98223]},
			"faces": {
				"north": {"uv": [9.25, 1.5, 9.75, 2.125], "texture": "#0"},
				"east": {"uv": [2.25, 10.25, 2.5, 10.875], "texture": "#0"},
				"south": {"uv": [2, 9.25, 2.5, 9.875], "texture": "#0"},
				"west": {"uv": [2.5, 10.25, 2.75, 10.875], "texture": "#0"},
				"up": {"uv": [6.75, 6, 6.25, 5.75], "texture": "#0"},
				"down": {"uv": [8.25, 3.75, 7.75, 4], "texture": "#0"}
			}
		},
		{
			"from": [-1.16792, 22.51807, 7.646],
			"to": [0.96508, 24.88226, 8.354],
			"shade": false,
			"rotation": {"angle": -22.5, "axis": "z", "origin": [8.13523, 6.4355, 5.98223]},
			"faces": {
				"north": {"uv": [9.25, 2.25, 9.75, 2.875], "texture": "#0"},
				"east": {"uv": [2.75, 10.25, 3, 10.875], "texture": "#0"},
				"south": {"uv": [2.5, 9.25, 3, 9.875], "texture": "#0"},
				"west": {"uv": [10.25, 3, 10.5, 3.625], "texture": "#0"},
				"up": {"uv": [10.75, 4.5, 10.25, 4.25], "texture": "#0"},
				"down": {"uv": [10.75, 8.75, 10.25, 9], "texture": "#0"}
			}
		},
		{
			"from": [-7.51718, 19.91857, 7.65],
			"to": [-5.53599, 21.89357, 8.35],
			"shade": false,
			"rotation": {"angle": -45, "axis": "z", "origin": [8.13523, 6.4355, 5.98223]},
			"faces": {
				"north": {"uv": [8.25, 9.5, 8.75, 10], "texture": "#0"},
				"east": {"uv": [8.25, 4.5, 8.5, 5], "texture": "#0"},
				"south": {"uv": [8.75, 9.5, 9.25, 10], "texture": "#0"},
				"west": {"uv": [4.5, 10.25, 4.75, 10.75], "texture": "#0"},
				"up": {"uv": [7.5, 8, 7, 7.75], "texture": "#0"},
				"down": {"uv": [9.25, 1.75, 8.75, 2], "texture": "#0"}
			}
		},
		{
			"from": [-4.94471, 16.0742, 7.65],
			"to": [-1.69471, 19.3242, 8.35],
			"shade": false,
			"rotation": {"angle": -45, "axis": "z", "origin": [8.13523, 6.4355, 5.98223]},
			"faces": {
				"north": {"uv": [8.25, 2, 9.125, 2.875], "texture": "#0"},
				"east": {"uv": [7.75, 9.75, 8, 10.625], "texture": "#0"},
				"south": {"uv": [2.5, 8.25, 3.375, 9.125], "texture": "#0"},
				"west": {"uv": [8, 9.75, 8.25, 10.625], "texture": "#0"},
				"up": {"uv": [1.875, 10.25, 1, 10], "texture": "#0"},
				"down": {"uv": [2.875, 10, 2, 10.25], "texture": "#0"}
			}
		},
		{
			"from": [5.9417, -4.32097, 7.144],
			"to": [9.2037, -0.30897, 8.856],
			"shade": false,
			"rotation": {"angle": -22.5, "axis": "z", "origin": [8.13523, 6.4355, 5.98223]},
			"faces": {
				"north": {"uv": [6.75, 1.75, 7.625, 2.75], "texture": "#0"},
				"east": {"uv": [6.25, 9, 6.625, 10], "texture": "#0"},
				"south": {"uv": [7.625, 1.75, 6.75, 2.75], "texture": "#0"},
				"west": {"uv": [9, 7.25, 9.375, 8.25], "texture": "#0"},
				"up": {"uv": [1.875, 9.625, 1, 9.25], "texture": "#0"},
				"down": {"uv": [10.125, 1, 9.25, 1.375], "texture": "#0"}
			}
		},
		{
			"from": [8.71835, -0.69541, 7.148],
			"to": [11.97235, 5.65859, 8.852],
			"shade": false,
			"rotation": {"angle": -45, "axis": "z", "origin": [8.13523, 6.4355, 5.98223]},
			"faces": {
				"north": {"uv": [6.25, 4, 7.125, 5.625], "texture": "#0"},
				"east": {"uv": [8.75, 0, 9.125, 1.625], "texture": "#0"},
				"south": {"uv": [7.125, 4, 6.25, 5.625], "texture": "#0"},
				"west": {"uv": [3.5, 9, 3.875, 10.625], "texture": "#0"},
				"up": {"uv": [10.125, 0.375, 9.25, 0], "texture": "#0"},
				"down": {"uv": [10.125, 0.5, 9.25, 0.875], "texture": "#0"}
			}
		},
		{
			"from": [6.81689, -4.21747, 7.144],
			"to": [10.07889, -0.20547, 8.856],
			"shade": false,
			"rotation": {"angle": 22.5, "axis": "z", "origin": [8.13523, 6.4355, 5.98223]},
			"faces": {
				"north": {"uv": [7.625, 1.75, 6.75, 2.75], "texture": "#0"},
				"east": {"uv": [9.375, 7.25, 9, 8.25], "texture": "#0"},
				"south": {"uv": [6.75, 1.75, 7.625, 2.75], "texture": "#0"},
				"west": {"uv": [6.625, 9, 6.25, 10], "texture": "#0"},
				"up": {"uv": [1, 9.625, 1.875, 9.25], "texture": "#0"},
				"down": {"uv": [9.25, 1, 10.125, 1.375], "texture": "#0"}
			}
		},
		{
			"from": [17.31943, -1.53273, 7.142],
			"to": [19.08543, 4.73327, 8.858],
			"shade": false,
			"rotation": {"angle": -45, "axis": "z", "origin": [8.13523, 6.4355, 5.98223]},
			"faces": {
				"north": {"uv": [4, 7.25, 3.5, 8.875], "texture": "#0"},
				"east": {"uv": [8.875, 6.25, 8.5, 7.875], "texture": "#0"},
				"south": {"uv": [3.5, 7.25, 4, 8.875], "texture": "#0"},
				"west": {"uv": [8.875, 4.5, 8.5, 6.125], "texture": "#0"},
				"up": {"uv": [6.25, 10.375, 6.75, 10], "texture": "#0"},
				"down": {"uv": [10.25, 0, 10.75, 0.375], "texture": "#0"}
			}
		},
		{
			"from": [4.10887, -0.50217, 7.15],
			"to": [7.35887, 5.84783, 8.85],
			"shade": false,
			"rotation": {"angle": 45, "axis": "z", "origin": [8.13523, 6.4355, 5.98223]},
			"faces": {
				"north": {"uv": [7.125, 4, 6.25, 5.625], "texture": "#0"},
				"east": {"uv": [3.875, 9, 3.5, 10.625], "texture": "#0"},
				"south": {"uv": [6.25, 4, 7.125, 5.625], "texture": "#0"},
				"west": {"uv": [9.125, 0, 8.75, 1.625], "texture": "#0"},
				"up": {"uv": [9.25, 0.375, 10.125, 0], "texture": "#0"},
				"down": {"uv": [9.25, 0.5, 10.125, 0.875], "texture": "#0"}
			}
		},
		{
			"from": [6.25, -15.5, 6.25],
			"to": [9.75, -14, 9.75],
			"shade": false,
			"rotation": {"angle": 0, "axis": "y", "origin": [8.13523, 6.4355, 5.98223]},
			"faces": {
				"north": {"uv": [7.75, 9, 8.625, 9.375], "texture": "#0"},
				"east": {"uv": [7.75, 9, 8.625, 9.375], "texture": "#0"},
				"south": {"uv": [7.75, 9, 8.625, 9.375], "texture": "#0"},
				"west": {"uv": [7.75, 9, 8.625, 9.375], "texture": "#0"},
				"up": {"uv": [7.875, 8.875, 7, 8], "texture": "#0"},
				"down": {"uv": [8.875, 8, 8, 8.875], "texture": "#0"}
			}
		},
		{
			"from": [-9.4408, -10.94929, 7],
			"to": [-6.4408, -7.94929, 9],
			"shade": false,
			"rotation": {"angle": 45, "axis": "z", "origin": [8.13523, 6.4355, 5.98223]},
			"faces": {
				"north": {"uv": [4, 9, 4.75, 9.75], "texture": "#0"},
				"east": {"uv": [4.75, 9, 5.25, 9.75], "texture": "#0"},
				"south": {"uv": [9, 4.5, 9.75, 5.25], "texture": "#0"},
				"west": {"uv": [9, 6, 9.5, 6.75], "texture": "#0"},
				"up": {"uv": [9.75, 7.25, 9, 6.75], "texture": "#0"},
				"down": {"uv": [7.75, 9, 7, 9.5], "texture": "#0"}
			}
		},
		{
			"name": "eye",
			"from": [5.25, -8.5, 5.975],
			"to": [10.75, -1.5, 5.975],
			"rotation": {"angle": 0, "axis": "y", "origin": [8.13523, 6.4355, 5.98223]},
			"faces": {
				"north": {"uv": [2, 1.625, 4.125, 4], "texture": "#1"},
				"east": {"uv": [0, 0, 0, 2.25], "texture": "#missing"},
				"south": {"uv": [4.125, 1.625, 2, 4], "texture": "#1"},
				"west": {"uv": [0, 0, 0, 2.25], "texture": "#missing"},
				"up": {"uv": [0, 0, 1.75, 0], "texture": "#missing"},
				"down": {"uv": [0, 0, 1.75, 0], "texture": "#missing"}
			}
		},
		{
			"name": "eye",
			"from": [5.25, -8.5, 10.025],
			"to": [10.75, -1.5, 10.025],
			"rotation": {"angle": 0, "axis": "y", "origin": [8.13523, 6.4355, 5.98223]},
			"faces": {
				"north": {"uv": [2, 1.625, 4.125, 4], "texture": "#1"},
				"east": {"uv": [0, 0, 0, 2.25], "texture": "#missing"},
				"south": {"uv": [4.125, 1.625, 2, 4], "texture": "#1"},
				"west": {"uv": [0, 0, 0, 2.25], "texture": "#missing"},
				"up": {"uv": [0, 0, 1.75, 0], "texture": "#missing"},
				"down": {"uv": [0, 0, 1.75, 0], "texture": "#missing"}
			}
		},
		{
			"from": [0, 1, 8],
			"to": [16.25, 31.25, 8],
			"rotation": {"angle": 0, "axis": "y", "origin": [8.13523, 6.4355, 5.98223]},
			"faces": {
				"north": {"uv": [0, 6, 6, 16], "texture": "#1"},
				"east": {"uv": [0, 0, 0, 7.5], "texture": "#missing"},
				"south": {"uv": [6, 6, 0, 16], "texture": "#1"},
				"west": {"uv": [0, 0, 0, 7.5], "texture": "#missing"},
				"up": {"uv": [0, 0, 2, 0], "texture": "#missing"},
				"down": {"uv": [0, 0, 2, 0], "texture": "#missing"}
			}
		}
	],
	"gui_light": "front",
	"display": {
		"thirdperson_righthand": {
			"rotation": [0, -90, 0],
			"translation": [0, 11.75, 2.25],
			"scale": [0.7, 0.7, 0.7]
		},
		"thirdperson_lefthand": {
			"rotation": [0, -90, 0],
			"translation": [0, 11.75, 2.25],
			"scale": [0.7, 0.7, 0.7]
		},
		"firstperson_righthand": {
			"rotation": [-90, -85, -90],
			"translation": [5, 7.75, -3],
			"scale": [0.48, 0.48, 0.48]
		},
		"firstperson_lefthand": {
			"rotation": [138.38, 76.58, -137.62],
			"translation": [5, 7.75, -3],
			"scale": [0.48, 0.48, 0.48]
		},
		"ground": {
			"rotation": [0, 0, 45],
			"translation": [0, 1.25, 0],
			"scale": [0.27, 0.27, 0.27]
		},
		"gui": {
			"rotation": [-180, 0, -135],
			"translation": [0.25, 0, 0],
			"scale": [0.42, 0.42, 0.42]
		},
		"head": {
			"scale": [0, 0, 0]
		},
		"fixed": {
			"scale": [0.69, 0.69, 0.69]
		}
	}
}