{
	"credit": "Made with Blockbench",
	"parent": "moon_sword",
	"texture_size": [64, 64],
	"textures": {
		"0": "item/sword/moon/moon_sword",
		"1": "item/sword/moon/ef_moon_sword_long",
		"2": "item/sword/moon/ef1_moon_sword_long",
		"particle": "item/sword/moon/moon_sword"
	},
	"elements": [
		{
			"from": [7.25, -7, 7.25],
			"to": [8.75, 0, 8.75],
			"shade": false,
			"rotation": {"angle": 0, "axis": "y", "origin": [8.00022, 5.89624, 8]},
			"faces": {
				"north": {"uv": [5.75, 6.5, 6.125, 8.5], "texture": "#0"},
				"east": {"uv": [6.25, 6.5, 6.625, 8.5], "texture": "#0"},
				"south": {"uv": [2, 6.75, 2.375, 8.75], "texture": "#0"},
				"west": {"uv": [2.5, 6.75, 2.875, 8.75], "texture": "#0"},
				"up": {"uv": [7.125, 9.125, 6.75, 8.75], "texture": "#0"},
				"down": {"uv": [9.125, 8.25, 8.75, 8.625], "texture": "#0"}
			}
		},
		{
			"from": [4.91075, -0.06349, 7.25],
			"to": [8.91075, 1.43651, 8.75],
			"shade": false,
			"rotation": {"angle": -22.5, "axis": "z", "origin": [8.00022, 5.89624, 8]},
			"faces": {
				"north": {"uv": [8.25, 2, 9.25, 2.375], "texture": "#0"},
				"east": {"uv": [8.75, 8.75, 9.125, 9.125], "texture": "#0"},
				"south": {"uv": [8.5, 1, 9.5, 1.375], "texture": "#0"},
				"west": {"uv": [9, 0, 9.375, 0.375], "texture": "#0"},
				"up": {"uv": [9.5, 1.875, 8.5, 1.5], "texture": "#0"},
				"down": {"uv": [6, 8.5, 5, 8.875], "texture": "#0"}
			}
		},
		{
			"from": [1.59747, 3.86266, 7.246],
			"to": [3.10547, 6.82066, 8.754],
			"shade": false,
			"rotation": {"angle": 22.5, "axis": "z", "origin": [8.00022, 5.89624, 8]},
			"faces": {
				"north": {"uv": [7.25, 8.5, 7.625, 9.25], "texture": "#0"},
				"east": {"uv": [8.5, 7.5, 8.875, 8.25], "texture": "#0"},
				"south": {"uv": [7.75, 8.5, 8.125, 9.25], "texture": "#0"},
				"west": {"uv": [8.25, 8.5, 8.625, 9.25], "texture": "#0"},
				"up": {"uv": [9.375, 0.875, 9, 0.5], "texture": "#0"},
				"down": {"uv": [3.375, 9, 3, 9.375], "texture": "#0"}
			}
		},
		{
			"from": [4.35883, 6.45642, 7.242],
			"to": [8.62483, 7.97242, 8.758],
			"shade": false,
			"rotation": {"angle": 22.5, "axis": "z", "origin": [8.00022, 5.89624, 8]},
			"faces": {
				"north": {"uv": [7.75, 6, 8.875, 6.375], "texture": "#0"},
				"east": {"uv": [4.75, 9, 5.125, 9.375], "texture": "#0"},
				"south": {"uv": [8, 4.25, 9.125, 4.625], "texture": "#0"},
				"west": {"uv": [5.25, 9, 5.625, 9.375], "texture": "#0"},
				"up": {"uv": [9.125, 5.125, 8, 4.75], "texture": "#0"},
				"down": {"uv": [9.125, 6.5, 8, 6.875], "texture": "#0"}
			}
		},
		{
			"from": [4.69303, 0.32488, 7.244],
			"to": [6.20503, 3.33688, 8.756],
			"shade": false,
			"rotation": {"angle": -45, "axis": "z", "origin": [8.00022, 5.89624, 8]},
			"faces": {
				"north": {"uv": [2, 8.75, 2.375, 9.5], "texture": "#0"},
				"east": {"uv": [2.5, 8.75, 2.875, 9.5], "texture": "#0"},
				"south": {"uv": [8.75, 2.5, 9.125, 3.25], "texture": "#0"},
				"west": {"uv": [8.75, 3.25, 9.125, 4], "texture": "#0"},
				"up": {"uv": [6.125, 9.375, 5.75, 9], "texture": "#0"},
				"down": {"uv": [9.375, 5.75, 9, 6.125], "texture": "#0"}
			}
		},
		{
			"from": [7.08925, -0.06349, 7.25],
			"to": [11.08925, 1.43651, 8.75],
			"shade": false,
			"rotation": {"angle": 22.5, "axis": "z", "origin": [7.99978, 5.89624, 8]},
			"faces": {
				"north": {"uv": [9.25, 2, 8.25, 2.375], "texture": "#0"},
				"east": {"uv": [9.375, 0, 9, 0.375], "texture": "#0"},
				"south": {"uv": [9.5, 1, 8.5, 1.375], "texture": "#0"},
				"west": {"uv": [9.125, 8.75, 8.75, 9.125], "texture": "#0"},
				"up": {"uv": [8.5, 1.875, 9.5, 1.5], "texture": "#0"},
				"down": {"uv": [5, 8.5, 6, 8.875], "texture": "#0"}
			}
		},
		{
			"from": [12.89453, 3.86266, 7.246],
			"to": [14.40253, 6.82066, 8.754],
			"shade": false,
			"rotation": {"angle": -22.5, "axis": "z", "origin": [7.99978, 5.89624, 8]},
			"faces": {
				"north": {"uv": [7.625, 8.5, 7.25, 9.25], "texture": "#0"},
				"east": {"uv": [8.625, 8.5, 8.25, 9.25], "texture": "#0"},
				"south": {"uv": [8.125, 8.5, 7.75, 9.25], "texture": "#0"},
				"west": {"uv": [8.875, 7.5, 8.5, 8.25], "texture": "#0"},
				"up": {"uv": [9, 0.875, 9.375, 0.5], "texture": "#0"},
				"down": {"uv": [3, 9, 3.375, 9.375], "texture": "#0"}
			}
		},
		{
			"from": [9.79497, 0.32488, 7.244],
			"to": [11.30697, 3.33688, 8.756],
			"shade": false,
			"rotation": {"angle": 45, "axis": "z", "origin": [7.99978, 5.89624, 8]},
			"faces": {
				"north": {"uv": [2.375, 8.75, 2, 9.5], "texture": "#0"},
				"east": {"uv": [9.125, 3.25, 8.75, 4], "texture": "#0"},
				"south": {"uv": [9.125, 2.5, 8.75, 3.25], "texture": "#0"},
				"west": {"uv": [2.875, 8.75, 2.5, 9.5], "texture": "#0"},
				"up": {"uv": [5.75, 9.375, 6.125, 9], "texture": "#0"},
				"down": {"uv": [9, 5.75, 9.375, 6.125], "texture": "#0"}
			}
		},
		{
			"from": [7.37517, 6.45642, 7.242],
			"to": [11.64117, 7.97242, 8.758],
			"shade": false,
			"rotation": {"angle": -22.5, "axis": "z", "origin": [7.99978, 5.89624, 8]},
			"faces": {
				"north": {"uv": [8.875, 6, 7.75, 6.375], "texture": "#0"},
				"east": {"uv": [5.625, 9, 5.25, 9.375], "texture": "#0"},
				"south": {"uv": [9.125, 4.25, 8, 4.625], "texture": "#0"},
				"west": {"uv": [5.125, 9, 4.75, 9.375], "texture": "#0"},
				"up": {"uv": [8, 5.125, 9.125, 4.75], "texture": "#0"},
				"down": {"uv": [8, 6.5, 9.125, 6.875], "texture": "#0"}
			}
		},
		{
			"from": [6.50007, -8.5, 6.50016],
			"to": [9.50007, -7, 9.50016],
			"shade": false,
			"rotation": {"angle": -45, "axis": "y", "origin": [8.00022, 6.89624, 8]},
			"faces": {
				"north": {"uv": [3, 8.5, 3.75, 8.875], "texture": "#0"},
				"east": {"uv": [8.5, 5.25, 9.25, 5.625], "texture": "#0"},
				"south": {"uv": [6, 8.5, 6.75, 8.875], "texture": "#0"},
				"west": {"uv": [8.5, 7, 9.25, 7.375], "texture": "#0"},
				"up": {"uv": [6.75, 5.75, 6, 5], "texture": "#0"},
				"down": {"uv": [7.5, 5, 6.75, 5.75], "texture": "#0"}
			}
		},
		{
			"from": [6.5, -10.69927, 7],
			"to": [9.5, -7.69927, 9],
			"shade": false,
			"rotation": {"angle": 45, "axis": "z", "origin": [8, -9.19927, 8]},
			"faces": {
				"north": {"uv": [5, 7, 5.75, 7.75], "texture": "#0"},
				"east": {"uv": [8, 7, 8.5, 7.75], "texture": "#0"},
				"south": {"uv": [7, 5.75, 7.75, 6.5], "texture": "#0"},
				"west": {"uv": [8, 7.75, 8.5, 8.5], "texture": "#0"},
				"up": {"uv": [9, 0.5, 8.25, 0], "texture": "#0"},
				"down": {"uv": [9, 0.5, 8.25, 1], "texture": "#0"}
			}
		},
		{
			"from": [2.91579, 0.81212, 6.744],
			"to": [5.92779, 3.82412, 9.256],
			"shade": false,
			"rotation": {"angle": 45, "axis": "z", "origin": [8.00022, 5.89624, 8]},
			"faces": {
				"north": {"uv": [7.25, 3.25, 8, 4], "texture": "#0"},
				"east": {"uv": [7.75, 1.25, 8.375, 2], "texture": "#0"},
				"south": {"uv": [7.5, 2, 8.25, 2.75], "texture": "#0"},
				"west": {"uv": [3, 7.75, 3.625, 8.5], "texture": "#0"},
				"up": {"uv": [5.75, 8.375, 5, 7.75], "texture": "#0"},
				"down": {"uv": [8.5, 5.25, 7.75, 5.875], "texture": "#0"}
			}
		},
		{
			"from": [8.89641, 2.0327, 6.75],
			"to": [11.89641, 6.0327, 9.25],
			"shade": false,
			"rotation": {"angle": -22.5, "axis": "z", "origin": [8.00022, 5.89624, 8]},
			"faces": {
				"north": {"uv": [6, 4, 6.75, 5], "texture": "#0"},
				"east": {"uv": [6.75, 6.5, 7.375, 7.5], "texture": "#0"},
				"south": {"uv": [6.75, 2.25, 7.5, 3.25], "texture": "#0"},
				"west": {"uv": [7, 0, 7.625, 1], "texture": "#0"},
				"up": {"uv": [8, 8.375, 7.25, 7.75], "texture": "#0"},
				"down": {"uv": [8.75, 2.75, 8, 3.375], "texture": "#0"}
			}
		},
		{
			"from": [6.37183, 2.33032, 6.742],
			"to": [11.56283, 7.52132, 9.258],
			"shade": false,
			"rotation": {"angle": -45, "axis": "z", "origin": [8.00745, 5.89624, 8]},
			"faces": {
				"north": {"uv": [4.5, 0, 5.75, 1.25], "texture": "#0"},
				"east": {"uv": [4.25, 5.75, 4.875, 7], "texture": "#0"},
				"south": {"uv": [4.5, 1.25, 5.75, 2.5], "texture": "#0"},
				"west": {"uv": [5, 5.75, 5.625, 7], "texture": "#0"},
				"up": {"uv": [7, 6.375, 5.75, 5.75], "texture": "#0"},
				"down": {"uv": [7.25, 3.25, 6, 3.875], "texture": "#0"}
			}
		},
		{
			"from": [4.10362, 2.03287, 6.75],
			"to": [7.10362, 6.03287, 9.25],
			"shade": false,
			"rotation": {"angle": 22.5, "axis": "z", "origin": [8.00022, 5.89624, 8]},
			"faces": {
				"north": {"uv": [3, 6.75, 3.75, 7.75], "texture": "#0"},
				"east": {"uv": [7, 1, 7.625, 2], "texture": "#0"},
				"south": {"uv": [6.75, 4, 7.5, 5], "texture": "#0"},
				"west": {"uv": [4.25, 7, 4.875, 8], "texture": "#0"},
				"up": {"uv": [8.75, 4.125, 8, 3.5], "texture": "#0"},
				"down": {"uv": [5, 8, 4.25, 8.625], "texture": "#0"}
			}
		},
		{
			"from": [4, -15, 8],
			"to": [12, -7.19929, 8],
			"shade": false,
			"rotation": {"angle": 0, "axis": "y", "origin": [8.00022, 6.89624, 8]},
			"faces": {
				"north": {"uv": [2, 3.75, 4.125, 5.75], "texture": "#0"},
				"east": {"uv": [0, 0, 0, 2], "texture": "#0"},
				"south": {"uv": [4.125, 3.75, 2, 5.75], "texture": "#0"},
				"west": {"uv": [0, 0, 0, 2], "texture": "#0"},
				"up": {"uv": [2, 0, 0, 0], "texture": "#0"},
				"down": {"uv": [2, 0, 0, 0], "texture": "#0"}
			}
		},
		{
			"from": [-3, -6, 8],
			"to": [6, 9.05071, 8],
			"shade": false,
			"rotation": {"angle": 0, "axis": "y", "origin": [9.00022, 5.89624, 8]},
			"faces": {
				"north": {"uv": [0, 0, 2.25, 3.75], "texture": "#0"},
				"east": {"uv": [0, 0, 0, 3.75], "texture": "#0"},
				"south": {"uv": [2.25, 0, 0, 3.75], "texture": "#0"},
				"west": {"uv": [0, 0, 0, 3.75], "texture": "#0"},
				"up": {"uv": [2.25, 0, 0, 0], "texture": "#0"},
				"down": {"uv": [2.25, 0, 0, 0], "texture": "#0"}
			}
		},
		{
			"from": [-0.79052, 6.29819, 7.2],
			"to": [4.20948, 11.29819, 7.2],
			"shade": false,
			"rotation": {"angle": 45, "axis": "z", "origin": [8.00022, 5.89624, 8]},
			"faces": {
				"north": {"uv": [4.5, 2.5, 5.75, 3.75], "texture": "#0"},
				"east": {"uv": [0, 0, 0, 1.25], "texture": "#0"},
				"south": {"uv": [5.75, 2.5, 4.5, 3.75], "texture": "#0"},
				"west": {"uv": [0, 0, 0, 1.25], "texture": "#0"},
				"up": {"uv": [1.25, 0, 0, 0], "texture": "#0"},
				"down": {"uv": [1.25, 0, 0, 0], "texture": "#0"}
			}
		},
		{
			"from": [-1, 1, 8.8],
			"to": [4, 6, 8.8],
			"shade": false,
			"rotation": {"angle": 45, "axis": "z", "origin": [1.5, 3.5, 8.8]},
			"faces": {
				"north": {"uv": [4.5, 2.5, 5.75, 3.75], "texture": "#0"},
				"east": {"uv": [0, 0, 0, 1.25], "texture": "#0"},
				"south": {"uv": [5.75, 2.5, 4.5, 3.75], "texture": "#0"},
				"west": {"uv": [0, 0, 0, 1.25], "texture": "#0"},
				"up": {"uv": [1.25, 0, 0, 0], "texture": "#0"},
				"down": {"uv": [1.25, 0, 0, 0], "texture": "#0"}
			}
		},
		{
			"from": [10, -6, 8],
			"to": [19, 9.05071, 8],
			"shade": false,
			"rotation": {"angle": 0, "axis": "y", "origin": [14.5, 1.52535, 8]},
			"faces": {
				"north": {"uv": [2.25, 0, 0, 3.75], "texture": "#0"},
				"east": {"uv": [0, 0, 0, 3.75], "texture": "#0"},
				"south": {"uv": [0, 0, 2.25, 3.75], "texture": "#0"},
				"west": {"uv": [0, 0, 0, 3.75], "texture": "#0"},
				"up": {"uv": [0, 0, 2.25, 0], "texture": "#0"},
				"down": {"uv": [0, 0, 2.25, 0], "texture": "#0"}
			}
		},
		{
			"from": [11.79052, 6.29819, 7.2],
			"to": [16.79052, 11.29819, 7.2],
			"shade": false,
			"rotation": {"angle": -45, "axis": "z", "origin": [7.99978, 5.89624, 8]},
			"faces": {
				"north": {"uv": [5.75, 2.5, 4.5, 3.75], "texture": "#0"},
				"east": {"uv": [0, 0, 0, 1.25], "texture": "#0"},
				"south": {"uv": [4.5, 2.5, 5.75, 3.75], "texture": "#0"},
				"west": {"uv": [0, 0, 0, 1.25], "texture": "#0"},
				"up": {"uv": [0, 0, 1.25, 0], "texture": "#0"},
				"down": {"uv": [0, 0, 1.25, 0], "texture": "#0"}
			}
		},
		{
			"from": [12, 1, 8.8],
			"to": [17, 6, 8.8],
			"shade": false,
			"rotation": {"angle": -45, "axis": "z", "origin": [14.5, 3.5, 8.8]},
			"faces": {
				"north": {"uv": [5.75, 2.5, 4.5, 3.75], "texture": "#0"},
				"east": {"uv": [0, 0, 0, 1.25], "texture": "#0"},
				"south": {"uv": [4.5, 2.5, 5.75, 3.75], "texture": "#0"},
				"west": {"uv": [0, 0, 0, 1.25], "texture": "#0"},
				"up": {"uv": [0, 0, 1.25, 0], "texture": "#0"},
				"down": {"uv": [0, 0, 1.25, 0], "texture": "#0"}
			}
		},
		{
			"from": [16.20996, 26.17134, 7.644],
			"to": [17.94696, 28.18952, 8.356],
			"shade": false,
			"rotation": {"angle": 22.5, "axis": "z", "origin": [8.00388, 6.88101, 8]},
			"faces": {
				"north": {"uv": [7.5, 4, 8, 5.125], "texture": "#0"},
				"east": {"uv": [3.5, 9, 3.625, 10.125], "texture": "#0"},
				"south": {"uv": [7.5, 6.5, 8, 7.625], "texture": "#0"},
				"west": {"uv": [6.25, 9, 6.375, 10.125], "texture": "#0"},
				"up": {"uv": [7.5, 2.125, 7, 2], "texture": "#0"},
				"down": {"uv": [8.75, 2.5, 8.25, 2.625], "texture": "#0"}
			}
		},
		{
			"from": [-9.3308, 22.74885, 7.65],
			"to": [-7.84962, 24.22385, 8.35],
			"shade": false,
			"rotation": {"angle": -45, "axis": "z", "origin": [8.00022, 6.89624, 8]},
			"faces": {
				"north": {"uv": [7.5, 2.75, 8, 3.25], "texture": "#0"},
				"east": {"uv": [5.75, 3.25, 5.875, 3.75], "texture": "#0"},
				"south": {"uv": [4.25, 8.75, 4.75, 9.25], "texture": "#0"},
				"west": {"uv": [7.5, 5.25, 7.625, 5.75], "texture": "#0"},
				"up": {"uv": [9, 5.875, 8.5, 5.75], "texture": "#0"},
				"down": {"uv": [9.75, 3, 9.25, 3.125], "texture": "#0"}
			}
		},
		{
			"from": [-1.94754, 26.17208, 7.646],
			"to": [-0.21454, 28.18627, 8.354],
			"shade": false,
			"rotation": {"angle": -22.5, "axis": "z", "origin": [7.99396, 6.87993, 8]},
			"faces": {
				"north": {"uv": [6.75, 7.5, 7.25, 8.625], "texture": "#0"},
				"east": {"uv": [6.5, 9, 6.625, 10.125], "texture": "#0"},
				"south": {"uv": [7.75, 0, 8.25, 1.125], "texture": "#0"},
				"west": {"uv": [0, 9.25, 0.125, 10.375], "texture": "#0"},
				"up": {"uv": [9.75, 3.375, 9.25, 3.25], "texture": "#0"},
				"down": {"uv": [9.75, 3.5, 9.25, 3.625], "texture": "#0"}
			}
		},
		{
			"from": [6.192, 6.13581, 7.642],
			"to": [9.808, 28.508, 8.358],
			"shade": false,
			"rotation": {"angle": 0, "axis": "y", "origin": [8.00022, 5.89624, 8]},
			"faces": {
				"north": {"uv": [0, 3.75, 0.875, 9.125], "texture": "#0"},
				"east": {"uv": [3.75, 6.75, 3.875, 12.125], "texture": "#0"},
				"south": {"uv": [1, 3.75, 1.875, 9.125], "texture": "#0"},
				"west": {"uv": [4, 6.75, 4.125, 12.125], "texture": "#0"},
				"up": {"uv": [9.875, 8.125, 9, 8], "texture": "#0"},
				"down": {"uv": [1.625, 9.25, 0.75, 9.375], "texture": "#0"}
			}
		},
		{
			"from": [8.77286, 6.6692, 7.646],
			"to": [13.03086, 10.9272, 8.354],
			"shade": false,
			"rotation": {"angle": 45, "axis": "z", "origin": [8.00022, 5.89624, 8]},
			"faces": {
				"north": {"uv": [5.75, 1.25, 6.875, 2.25], "texture": "#0"},
				"east": {"uv": [0.25, 9.25, 0.375, 10.25], "texture": "#0"},
				"south": {"uv": [2, 5.75, 3.125, 6.75], "texture": "#0"},
				"west": {"uv": [0.5, 9.25, 0.625, 10.25], "texture": "#0"},
				"up": {"uv": [9.875, 4.125, 8.75, 4], "texture": "#0"},
				"down": {"uv": [10.125, 6.25, 9, 6.375], "texture": "#0"}
			}
		},
		{
			"from": [13.97261, 11.86894, 7.646],
			"to": [17.73061, 15.62694, 8.354],
			"shade": false,
			"rotation": {"angle": 45, "axis": "z", "origin": [8.00022, 5.89624, 8]},
			"faces": {
				"north": {"uv": [5.75, 2.25, 6.75, 3.125], "texture": "#0"},
				"east": {"uv": [1.75, 9.25, 1.875, 10.125], "texture": "#0"},
				"south": {"uv": [3.25, 5.75, 4.25, 6.625], "texture": "#0"},
				"west": {"uv": [9.25, 2, 9.375, 2.875], "texture": "#0"},
				"up": {"uv": [10, 7.625, 9, 7.5], "texture": "#0"},
				"down": {"uv": [10, 7.75, 9, 7.875], "texture": "#0"}
			}
		},
		{
			"name": "moon",
			"from": [5.5, 1, 6.7],
			"to": [10.5, 6, 6.7],
			"rotation": {"angle": 45, "axis": "z", "origin": [8, 3.5, 8]},
			"faces": {
				"north": {"uv": [0, 8, 8, 16], "rotation": 270, "texture": "#1"},
				"east": {"uv": [0, 0, 1.5, 0], "rotation": 90, "texture": "#missing"},
				"south": {"uv": [8, 8, 0, 16], "rotation": 90, "texture": "#1"},
				"west": {"uv": [0, 0, 1.5, 0], "rotation": 90, "texture": "#missing"},
				"up": {"uv": [0, 0, 0, 1.5], "rotation": 90, "texture": "#missing"},
				"down": {"uv": [0, 0, 0, 1.5], "rotation": 90, "texture": "#missing"}
			}
		},
		{
			"name": "moon",
			"from": [5.5, 1, 9.3],
			"to": [10.5, 6, 9.3],
			"rotation": {"angle": 45, "axis": "z", "origin": [8, 3.5, 8]},
			"faces": {
				"north": {"uv": [0, 8, 8, 16], "rotation": 270, "texture": "#1"},
				"east": {"uv": [0, 0, 1.5, 0], "rotation": 90, "texture": "#missing"},
				"south": {"uv": [8, 8, 0, 16], "rotation": 90, "texture": "#1"},
				"west": {"uv": [0, 0, 1.5, 0], "rotation": 90, "texture": "#missing"},
				"up": {"uv": [0, 0, 0, 1.5], "rotation": 90, "texture": "#missing"},
				"down": {"uv": [0, 0, 0, 1.5], "rotation": 90, "texture": "#missing"}
			}
		},
		{
			"name": "ef",
			"from": [3.25, 5.5, 6.5],
			"to": [6.75, 11, 6.5],
			"rotation": {"angle": 22.5, "axis": "y", "origin": [5, 8.25, 6.5]},
			"faces": {
				"north": {"uv": [3, 2.25, 5.25, 5.5], "texture": "#1"},
				"east": {"uv": [0, 0, 0, 1.75], "texture": "#missing"},
				"south": {"uv": [5.25, 2.25, 3, 5.5], "texture": "#1"},
				"west": {"uv": [0, 0, 0, 1.75], "texture": "#missing"},
				"up": {"uv": [0, 0, 2, 0], "texture": "#missing"},
				"down": {"uv": [0, 0, 2, 0], "texture": "#missing"}
			}
		},
		{
			"name": "ef",
			"from": [9.25, -2.75, 6.5],
			"to": [12.75, 2.75, 6.5],
			"rotation": {"angle": -22.5, "axis": "y", "origin": [11, 0, 6.5]},
			"faces": {
				"north": {"uv": [13, 13.5, 10.75, 10.25], "texture": "#1"},
				"east": {"uv": [0, 1.75, 0, 0], "texture": "#missing"},
				"south": {"uv": [10.75, 13.5, 13, 10.25], "texture": "#1"},
				"west": {"uv": [0, 1.75, 0, 0], "texture": "#missing"},
				"up": {"uv": [2, 0, 0, 0], "texture": "#missing"},
				"down": {"uv": [2, 0, 0, 0], "texture": "#missing"}
			}
		},
		{
			"name": "ef",
			"from": [9.25, 3.5, 9.5],
			"to": [12.75, 9, 9.5],
			"rotation": {"angle": 22.5, "axis": "y", "origin": [11, 6.25, 9.5]},
			"faces": {
				"north": {"uv": [13, 2.25, 10.75, 5.5], "texture": "#1"},
				"east": {"uv": [0, 0, 0, 1.75], "texture": "#missing"},
				"south": {"uv": [10.75, 2.25, 13, 5.5], "texture": "#1"},
				"west": {"uv": [0, 0, 0, 1.75], "texture": "#missing"},
				"up": {"uv": [2, 0, 0, 0], "texture": "#missing"},
				"down": {"uv": [2, 0, 0, 0], "texture": "#missing"}
			}
		},
		{
			"name": "ef",
			"from": [3.25, -1.75, 9.5],
			"to": [6.75, 3.75, 9.5],
			"rotation": {"angle": -22.5, "axis": "y", "origin": [5, 1, 9.5]},
			"faces": {
				"north": {"uv": [10.75, 13.5, 13, 10.25], "texture": "#1"},
				"east": {"uv": [0, 1.75, 0, 0], "texture": "#missing"},
				"south": {"uv": [13, 13.5, 10.75, 10.25], "texture": "#1"},
				"west": {"uv": [0, 1.75, 0, 0], "texture": "#missing"},
				"up": {"uv": [0, 0, 2, 0], "texture": "#missing"},
				"down": {"uv": [0, 0, 2, 0], "texture": "#missing"}
			}
		},
		{
			"from": [7, 0, 8],
			"to": [9, 2, 8],
			"rotation": {"angle": 0, "axis": "y", "origin": [7, 0, 8]},
			"color": 0,
			"faces": {
				"north": {"uv": [0, 0, 0.5, 0.5], "texture": "#missing"},
				"east": {"uv": [0, 0, 0, 0.5], "texture": "#missing"},
				"south": {"uv": [0, 0, 0.5, 0.5], "texture": "#missing"},
				"west": {"uv": [0, 0, 0, 0.5], "texture": "#missing"},
				"up": {"uv": [0, 0, 0.5, 0], "texture": "#missing"},
				"down": {"uv": [0, 0, 0.5, 0], "texture": "#missing"}
			}
		},
		{
			"name": "ef_smoke",
			"from": [5.42915, 1.074, 14.20504],
			"to": [10.56995, 31.25, 14.20504],
			"shade": false,
			"rotation": {"angle": 0, "axis": "y", "origin": [8, 16.162, 8]},
			"faces": {
				"north": {"uv": [2, 0, 4, 16], "texture": "#2"},
				"east": {"uv": [0, 0, 0, 7.5], "texture": "#2"},
				"south": {"uv": [4, 0, 2, 16], "texture": "#2"},
				"west": {"uv": [0, 0, 0, 7.5], "texture": "#2"},
				"up": {"uv": [2, 0, 1, 0], "texture": "#2"},
				"down": {"uv": [2, 0, 1, 0], "texture": "#2"}
			}
		},
		{
			"name": "ef_smoke",
			"from": [5.4296, 1.074, 14.20485],
			"to": [10.5704, 31.25, 14.20485],
			"shade": false,
			"rotation": {"angle": 45, "axis": "y", "origin": [8, 16.162, 8]},
			"faces": {
				"north": {"uv": [0, 0, 2, 16], "texture": "#2"},
				"east": {"uv": [0, 0, 0, 7.5], "texture": "#2"},
				"south": {"uv": [2, 0, 0, 16], "texture": "#2"},
				"west": {"uv": [0, 0, 0, 7.5], "texture": "#2"},
				"up": {"uv": [1, 0, 0, 0], "texture": "#2"},
				"down": {"uv": [1, 0, 0, 0], "texture": "#2"}
			}
		},
		{
			"name": "ef_smoke",
			"from": [5.4296, 1.074, 1.79515],
			"to": [10.5704, 31.25, 1.79515],
			"shade": false,
			"rotation": {"angle": 45, "axis": "y", "origin": [8, 16.162, 8]},
			"faces": {
				"north": {"uv": [10, 0, 8, 16], "texture": "#2"},
				"east": {"uv": [0, 0, 0, 7.5], "texture": "#2"},
				"south": {"uv": [8, 0, 10, 16], "texture": "#2"},
				"west": {"uv": [0, 0, 0, 7.5], "texture": "#2"},
				"up": {"uv": [1, 0, 0, 0], "texture": "#2"},
				"down": {"uv": [1, 0, 0, 0], "texture": "#2"}
			}
		},
		{
			"name": "ef_smoke",
			"from": [14.20549, 1.074, 5.42896],
			"to": [14.20549, 31.25, 10.56976],
			"shade": false,
			"rotation": {"angle": 45, "axis": "y", "origin": [8, 16.162, 8]},
			"faces": {
				"north": {"uv": [0, 0, 0, 7.5], "texture": "#2"},
				"east": {"uv": [14, 0, 12, 16], "texture": "#2"},
				"south": {"uv": [0, 0, 0, 7.5], "texture": "#2"},
				"west": {"uv": [12, 0, 14, 16], "texture": "#2"},
				"up": {"uv": [1, 0, 0, 0], "rotation": 270, "texture": "#2"},
				"down": {"uv": [1, 0, 0, 0], "rotation": 90, "texture": "#2"}
			}
		},
		{
			"name": "ef_smoke",
			"from": [14.20504, 1.074, 5.42915],
			"to": [14.20504, 31.25, 10.56995],
			"shade": false,
			"rotation": {"angle": 0, "axis": "y", "origin": [8, 16.162, 8]},
			"faces": {
				"north": {"uv": [0, 0, 0, 7.5], "texture": "#2"},
				"east": {"uv": [16, 0, 14, 16], "texture": "#2"},
				"south": {"uv": [0, 0, 0, 7.5], "texture": "#2"},
				"west": {"uv": [14, 0, 16, 16], "texture": "#2"},
				"up": {"uv": [1, 0, 0, 0], "rotation": 270, "texture": "#2"},
				"down": {"uv": [1, 0, 0, 0], "rotation": 90, "texture": "#2"}
			}
		},
		{
			"name": "ef_smoke",
			"from": [5.42915, 1.074, 1.79534],
			"to": [10.56995, 31.25, 1.79534],
			"shade": false,
			"rotation": {"angle": 0, "axis": "y", "origin": [8, 16.162, 8]},
			"faces": {
				"north": {"uv": [12, 0, 10, 16], "texture": "#2"},
				"east": {"uv": [0, 0, 0, 7.5], "texture": "#2"},
				"south": {"uv": [10, 0, 12, 16], "texture": "#2"},
				"west": {"uv": [0, 0, 0, 7.5], "texture": "#2"},
				"up": {"uv": [1, 0, 0, 0], "texture": "#2"},
				"down": {"uv": [1, 0, 0, 0], "texture": "#2"}
			}
		},
		{
			"name": "ef_smoke",
			"from": [1.79534, 1.074, 5.42915],
			"to": [1.79534, 31.25, 10.56995],
			"shade": false,
			"rotation": {"angle": 0, "axis": "y", "origin": [8, 16.162, 8]},
			"faces": {
				"north": {"uv": [0, 0, 0, 7.5], "texture": "#2"},
				"east": {"uv": [6, 0, 8, 16], "texture": "#2"},
				"south": {"uv": [0, 0, 0, 7.5], "texture": "#2"},
				"west": {"uv": [8, 0, 6, 16], "texture": "#2"},
				"up": {"uv": [2, 0, 1, 0], "rotation": 270, "texture": "#2"},
				"down": {"uv": [2, 0, 1, 0], "rotation": 90, "texture": "#2"}
			}
		},
		{
			"name": "ef_smoke",
			"from": [1.79451, 1.074, 5.42896],
			"to": [1.79451, 31.25, 10.56976],
			"shade": false,
			"rotation": {"angle": 45, "axis": "y", "origin": [8, 16.162, 8]},
			"faces": {
				"north": {"uv": [0, 0, 0, 7.5], "texture": "#2"},
				"east": {"uv": [4, 0, 6, 16], "texture": "#2"},
				"south": {"uv": [0, 0, 0, 7.5], "texture": "#2"},
				"west": {"uv": [6, 0, 4, 16], "texture": "#2"},
				"up": {"uv": [1, 0, 0, 0], "rotation": 270, "texture": "#2"},
				"down": {"uv": [1, 0, 0, 0], "rotation": 90, "texture": "#2"}
			}
		},
		{
			"name": "ef_smoke2",
			"from": [14.20466, 0.75, 5.43005],
			"to": [14.20466, 30.926, 10.57085],
			"shade": false,
			"rotation": {"angle": 0, "axis": "y", "origin": [8, 15.838, 8]},
			"faces": {
				"north": {"uv": [0, 7.5, 0, 0], "texture": "#2"},
				"east": {"uv": [8, 16, 6, 0], "texture": "#2"},
				"south": {"uv": [0, 7.5, 0, 0], "texture": "#2"},
				"west": {"uv": [6, 16, 8, 0], "texture": "#2"},
				"up": {"uv": [2, 0, 1, 0], "rotation": 90, "texture": "#2"},
				"down": {"uv": [2, 0, 1, 0], "rotation": 270, "texture": "#2"}
			}
		},
		{
			"name": "ef_smoke2",
			"from": [5.43005, 0.75, 14.20466],
			"to": [10.57085, 30.926, 14.20466],
			"shade": false,
			"rotation": {"angle": 0, "axis": "y", "origin": [8, 15.838, 8]},
			"faces": {
				"north": {"uv": [10, 16, 12, 0], "texture": "#2"},
				"east": {"uv": [0, 7.5, 0, 0], "texture": "#2"},
				"south": {"uv": [12, 16, 10, 0], "texture": "#2"},
				"west": {"uv": [0, 7.5, 0, 0], "texture": "#2"},
				"up": {"uv": [0, 0, 1, 0], "texture": "#2"},
				"down": {"uv": [0, 0, 1, 0], "texture": "#2"}
			}
		},
		{
			"name": "ef_smoke2",
			"from": [1.79496, 0.75, 5.43005],
			"to": [1.79496, 30.926, 10.57085],
			"shade": false,
			"rotation": {"angle": 0, "axis": "y", "origin": [8, 15.838, 8]},
			"faces": {
				"north": {"uv": [0, 7.5, 0, 0], "texture": "#2"},
				"east": {"uv": [14, 16, 16, 0], "texture": "#2"},
				"south": {"uv": [0, 7.5, 0, 0], "texture": "#2"},
				"west": {"uv": [16, 16, 14, 0], "texture": "#2"},
				"up": {"uv": [1, 0, 0, 0], "rotation": 90, "texture": "#2"},
				"down": {"uv": [1, 0, 0, 0], "rotation": 270, "texture": "#2"}
			}
		},
		{
			"name": "ef_smoke2",
			"from": [1.79451, 0.75, 5.43024],
			"to": [1.79451, 30.926, 10.57104],
			"shade": false,
			"rotation": {"angle": 45, "axis": "y", "origin": [8, 15.838, 8]},
			"faces": {
				"north": {"uv": [0, 7.5, 0, 0], "texture": "#2"},
				"east": {"uv": [12, 16, 14, 0], "texture": "#2"},
				"south": {"uv": [0, 7.5, 0, 0], "texture": "#2"},
				"west": {"uv": [14, 16, 12, 0], "texture": "#2"},
				"up": {"uv": [1, 0, 0, 0], "rotation": 90, "texture": "#2"},
				"down": {"uv": [1, 0, 0, 0], "rotation": 270, "texture": "#2"}
			}
		},
		{
			"name": "ef_smoke2",
			"from": [5.4296, 0.75, 14.20485],
			"to": [10.5704, 30.926, 14.20485],
			"shade": false,
			"rotation": {"angle": 45, "axis": "y", "origin": [8, 15.838, 8]},
			"faces": {
				"north": {"uv": [8, 16, 10, 0], "texture": "#2"},
				"east": {"uv": [0, 7.5, 0, 0], "texture": "#2"},
				"south": {"uv": [10, 16, 8, 0], "texture": "#2"},
				"west": {"uv": [0, 7.5, 0, 0], "texture": "#2"},
				"up": {"uv": [0, 0, 1, 0], "texture": "#2"},
				"down": {"uv": [0, 0, 1, 0], "texture": "#2"}
			}
		},
		{
			"name": "ef_smoke2",
			"from": [5.4296, 0.75, 1.79515],
			"to": [10.5704, 30.926, 1.79515],
			"shade": false,
			"rotation": {"angle": 45, "axis": "y", "origin": [8, 15.838, 8]},
			"faces": {
				"north": {"uv": [2, 16, 0, 0], "texture": "#2"},
				"east": {"uv": [0, 7.5, 0, 0], "texture": "#2"},
				"south": {"uv": [0, 16, 2, 0], "texture": "#2"},
				"west": {"uv": [0, 7.5, 0, 0], "texture": "#2"},
				"up": {"uv": [0, 0, 1, 0], "texture": "#2"},
				"down": {"uv": [0, 0, 1, 0], "texture": "#2"}
			}
		},
		{
			"name": "ef_smoke2",
			"from": [5.43005, 0.75, 1.79496],
			"to": [10.57085, 30.926, 1.79496],
			"shade": false,
			"rotation": {"angle": 0, "axis": "y", "origin": [8, 15.838, 8]},
			"faces": {
				"north": {"uv": [4, 16, 2, 0], "texture": "#2"},
				"east": {"uv": [0, 7.5, 0, 0], "texture": "#2"},
				"south": {"uv": [2, 16, 4, 0], "texture": "#2"},
				"west": {"uv": [0, 7.5, 0, 0], "texture": "#2"},
				"up": {"uv": [1, 0, 2, 0], "texture": "#2"},
				"down": {"uv": [1, 0, 2, 0], "texture": "#2"}
			}
		},
		{
			"name": "ef_smoke2",
			"from": [14.20549, 0.75, 5.43024],
			"to": [14.20549, 30.926, 10.57104],
			"shade": false,
			"rotation": {"angle": 45, "axis": "y", "origin": [8, 15.838, 8]},
			"faces": {
				"north": {"uv": [0, 7.5, 0, 0], "texture": "#2"},
				"east": {"uv": [6, 16, 4, 0], "texture": "#2"},
				"south": {"uv": [0, 7.5, 0, 0], "texture": "#2"},
				"west": {"uv": [4, 16, 6, 0], "texture": "#2"},
				"up": {"uv": [1, 0, 0, 0], "rotation": 90, "texture": "#2"},
				"down": {"uv": [1, 0, 0, 0], "rotation": 270, "texture": "#2"}
			}
		}
	],
	"gui_light": "front",
	"display": {
		"thirdperson_righthand": {
			"rotation": [0, -90, 0],
			"translation": [0, 6.25, 2.25],
			"scale": [0.7, 0.7, 0.7]
		},
		"thirdperson_lefthand": {
			"rotation": [0, -90, 0],
			"translation": [0, 6.25, 2.25],
			"scale": [0.7, 0.7, 0.7]
		},
		"firstperson_righthand": {
			"rotation": [-90, -85, -90],
			"translation": [3.75, 5.5, -1],
			"scale": [0.48, 0.48, 0.48]
		},
		"firstperson_lefthand": {
			"rotation": [-90, -85, -90],
			"translation": [3.75, 5.5, -1],
			"scale": [0.48, 0.48, 0.48]
		},
		"ground": {
			"rotation": [0, 0, 45],
			"translation": [0, 1.25, 0],
			"scale": [0.27, 0.27, 0.27]
		},
		"gui": {
			"rotation": [-180, 0, -135],
			"translation": [-0.25, -0.5, 0],
			"scale": [0.42, 0.42, 0.42]
		},
		"head": {
			"scale": [0, 0, 0]
		},
		"fixed": {
			"scale": [0.69, 0.69, 0.69]
		}
	}
}