{
	"parent": "item/generated",
	"textures": {
		"layer0": "item/diamond"
	},
	"overrides": [
		{"predicate":{"custom_model_data":1},"model":"item/inventory/cross"},
		{"predicate":{"custom_model_data":2},"model":"item/inventory/clock"},
		{"predicate":{"custom_model_data":3},"model":"item/inventory/law"},
		{"predicate":{"custom_model_data":4},"model":"item/inventory/search"},
		{"predicate":{"custom_model_data":5},"model":"item/inventory/up_down"},
		{"predicate":{"custom_model_data":6},"model":"item/inventory/mouse"},
		{"predicate":{"custom_model_data":7},"model":"item/inventory/mouse_left"},
		{"predicate":{"custom_model_data":8},"model":"item/inventory/mouse_middle"},
		{"predicate":{"custom_model_data":9},"model":"item/inventory/mouse_right"},
		{"predicate":{"custom_model_data":10},"model":"item/inventory/keyboard_shift"},
		{"predicate":{"custom_model_data":11},"model":"item/inventory/personal_chest"},
		{"predicate":{"custom_model_data":12},"model":"item/inventory/bank"},
		{"predicate":{"custom_model_data":13},"model":"item/inventory/logs"},
		{"predicate":{"custom_model_data":14},"model":"item/inventory/tick"},

		{"predicate":{"custom_model_data":15},"model":"item/inventory/lock"},
    {"predicate":{"custom_model_data":16},"model":"item/inventory/lock_green"},
    {"predicate":{"custom_model_data":17},"model":"item/inventory/lock_red"},
    {"predicate":{"custom_model_data":18},"model":"item/inventory/lock1"},
    {"predicate":{"custom_model_data":19},"model":"item/inventory/lock2"},
    {"predicate":{"custom_model_data":20},"model":"item/inventory/lock3"},
    {"predicate":{"custom_model_data":21},"model":"item/inventory/lock4"},
    {"predicate":{"custom_model_data":22},"model":"item/inventory/lock5"},
    {"predicate":{"custom_model_data":23},"model":"item/inventory/lock6"},
    {"predicate":{"custom_model_data":24},"model":"item/inventory/lock7"},
    {"predicate":{"custom_model_data":25},"model":"item/inventory/lock8"},
    {"predicate":{"custom_model_data":26},"model":"item/inventory/lock9"},
    {"predicate":{"custom_model_data":27},"model":"item/inventory/lock10"},
    {"predicate":{"custom_model_data":28},"model":"item/inventory/lock11"},
    {"predicate":{"custom_model_data":29},"model":"item/inventory/lock12"},
    {"predicate":{"custom_model_data":30},"model":"item/inventory/lock13"},
    {"predicate":{"custom_model_data":31},"model":"item/inventory/lock14"},
    {"predicate":{"custom_model_data":32},"model":"item/inventory/lock15"},
    {"predicate":{"custom_model_data":33},"model":"item/inventory/lock16"},
    {"predicate":{"custom_model_data":34},"model":"item/inventory/lock17"},
    {"predicate":{"custom_model_data":35},"model":"item/inventory/lock18"},
    {"predicate":{"custom_model_data":36},"model":"item/inventory/lock19"},
    {"predicate":{"custom_model_data":37},"model":"item/inventory/lock20"},
    {"predicate":{"custom_model_data":38},"model":"item/inventory/lock21"},
    {"predicate":{"custom_model_data":39},"model":"item/inventory/lock22"},
    {"predicate":{"custom_model_data":40},"model":"item/inventory/lock23"},
    {"predicate":{"custom_model_data":41},"model":"item/inventory/lock24"},
    {"predicate":{"custom_model_data":42},"model":"item/inventory/lock25"},
    {"predicate":{"custom_model_data":43},"model":"item/inventory/lock26"},
    {"predicate":{"custom_model_data":44},"model":"item/inventory/lock27"},
    {"predicate":{"custom_model_data":45},"model":"item/inventory/lock28"},
    {"predicate":{"custom_model_data":46},"model":"item/inventory/lock29"},
    {"predicate":{"custom_model_data":47},"model":"item/inventory/lock30"},
    {"predicate":{"custom_model_data":48},"model":"item/inventory/lock31"},

    {"predicate":{"custom_model_data":49},"model":"item/badge/combat"},
    {"predicate":{"custom_model_data":50},"model":"item/badge/electric"},
    {"predicate":{"custom_model_data":51},"model":"item/badge/fire"},
    {"predicate":{"custom_model_data":52},"model":"item/badge/grass"},
    {"predicate":{"custom_model_data":53},"model":"item/badge/psychic"},
    {"predicate":{"custom_model_data":54},"model":"item/badge/radiant"},
    {"predicate":{"custom_model_data":55},"model":"item/badge/rock"},
    {"predicate":{"custom_model_data":56},"model":"item/badge/water"},

    {"predicate":{"custom_model_data":57},"model":"item/inventory/circle_green"},
    {"predicate":{"custom_model_data":58},"model":"item/inventory/circle_purple"},
    {"predicate":{"custom_model_data":59},"model":"item/inventory/circle_red"},
    {"predicate":{"custom_model_data":60},"model":"item/inventory/circle_yellow"},

    {"predicate":{"custom_model_data":61},"model":"item/inventory/arrow_left_small"},
    {"predicate":{"custom_model_data":62},"model":"item/inventory/arrow_right_small"},

    {"predicate":{"custom_model_data":63},"model":"item/inventory/premier_key"},
    {"predicate":{"custom_model_data":64},"model":"item/inventory/ultra_key"},
    {"predicate":{"custom_model_data":65},"model":"item/inventory/victory_key"},
    {"predicate":{"custom_model_data":66},"model":"item/inventory/evolutionary_item"},
    {"predicate":{"custom_model_data":67},"model":"item/inventory/held_item"},
    {"predicate":{"custom_model_data":68},"model":"item/inventory/medicine_item"},
    {"predicate":{"custom_model_data":69},"model":"item/inventory/pokespinner"},

    {"predicate":{"custom_model_data":1000},"model":"item/inventory/empty"}
	]
}
