{
    "providers": [
        {
            "type": "bitmap",
            "file": "font/battle_ranks/rookie.png",
            "ascent": 7,
            "height": 7,
            "chars": [
                "\uE000"
            ]
        },
        {
            "type": "bitmap",
            "file": "font/battle_ranks/trainee.png",
            "ascent": 7,
            "height": 7,
            "chars": [
                "\uE001"
            ]
        },
        {
            "type": "bitmap",
            "file": "font/battle_ranks/amateur.png",
            "ascent": 7,
            "height": 7,
            "chars": [
                "\uE002"
            ]
        },
        {
            "type": "bitmap",
            "file": "font/battle_ranks/skilled.png",
            "ascent": 7,
            "height": 7,
            "chars": [
                "\uE003"
            ]
        },
        {
            "type": "bitmap",
            "file": "font/battle_ranks/elite.png",
            "ascent": 7,
            "height": 7,
            "chars": [
                "\uE004"
            ]
        },
        {
            "type": "bitmap",
            "file": "font/battle_ranks/master.png",
            "ascent": 7,
            "height": 7,
            "chars": [
                "\uE005"
            ]
        },
        {
            "type": "bitmap",
            "file": "font/battle_ranks/grand_master.png",
            "ascent": 7,
            "height": 7,
            "chars": [
                "\uE006"
            ]
        },
        {
            "type": "bitmap",
            "file": "font/battle_ranks/champion.png",
            "ascent": 7,
            "height": 7,
            "chars": [
                "\uE007"
            ]
        }
    ]
}