{
    "providers": [
        {
            "type": "bitmap",
            "file": "font/cobblemon/stats/attack.png",
            "ascent": 7,
            "height": 7,
            "chars": [
                "\uE000"
            ]
        },
        {
            "type": "bitmap",
            "file": "font/cobblemon/stats/defense.png",
            "ascent": 7,
            "height": 7,
            "chars": [
                "\uE001"
            ]
        },
        {
            "type": "bitmap",
            "file": "font/cobblemon/stats/health_point.png",
            "ascent": 7,
            "height": 7,
            "chars": [
                "\uE002"
            ]
        },
        {
            "type": "bitmap",
            "file": "font/cobblemon/stats/special_attack.png",
            "ascent": 7,
            "height": 7,
            "chars": [
                "\uE003"
            ]
        },
        {
            "type": "bitmap",
            "file": "font/cobblemon/stats/special_defense.png",
            "ascent": 7,
            "height": 7,
            "chars": [
                "\uE004"
            ]
        },
        {
            "type": "bitmap",
            "file": "font/cobblemon/stats/speed.png",
            "ascent": 7,
            "height": 7,
            "chars": [
                "\uE005"
            ]
        }
    ]
}