{"providers": [{"type": "bitmap", "file": "font/cobblemon_item/fine_remedy.png", "ascent": 8, "height": 9, "chars": ["\ue000"]}, {"type": "bitmap", "file": "font/cobblemon_item/quick_ball.png", "ascent": 8, "height": 9, "chars": ["\ue001"]}, {"type": "bitmap", "file": "font/cobblemon_item/white_apricorn.png", "ascent": 8, "height": 9, "chars": ["\ue002"]}, {"type": "bitmap", "file": "font/cobblemon_item/magost_berry.png", "ascent": 8, "height": 9, "chars": ["\ue003"]}, {"type": "bitmap", "file": "font/cobblemon_item/grepa_berry.png", "ascent": 8, "height": 9, "chars": ["\ue004"]}, {"type": "bitmap", "file": "font/cobblemon_item/aspear_berry.png", "ascent": 8, "height": 9, "chars": ["\ue005"]}, {"type": "bitmap", "file": "font/cobblemon_item/cyan_mint_seeds.png", "ascent": 8, "height": 9, "chars": ["\ue006"]}, {"type": "bitmap", "file": "font/cobblemon_item/choice_specs.png", "ascent": 8, "height": 9, "chars": ["\ue007"]}, {"type": "bitmap", "file": "font/cobblemon_item/electirizer.png", "ascent": 8, "height": 9, "chars": ["\ue008"]}, {"type": "bitmap", "file": "font/cobblemon_item/rare_candy.png", "ascent": 8, "height": 9, "chars": ["\ue009"]}, {"type": "bitmap", "file": "font/cobblemon_item/medicinal_brew.png", "ascent": 8, "height": 9, "chars": ["\ue00a"]}, {"type": "bitmap", "file": "font/cobblemon_item/pink_apricorn_seed.png", "ascent": 8, "height": 9, "chars": ["\ue00b"]}, {"type": "bitmap", "file": "font/cobblemon_item/cobblemon_logo_green.png", "ascent": 8, "height": 9, "chars": ["\ue00c"]}, {"type": "bitmap", "file": "font/cobblemon_item/charti_berry.png", "ascent": 8, "height": 9, "chars": ["\ue00d"]}, {"type": "bitmap", "file": "font/cobblemon_item/petaya_berry.png", "ascent": 8, "height": 9, "chars": ["\ue00e"]}, {"type": "bitmap", "file": "font/cobblemon_item/heavy_ball.png", "ascent": 8, "height": 9, "chars": ["\ue00f"]}, {"type": "bitmap", "file": "font/cobblemon_item/jaboca_berry.png", "ascent": 8, "height": 9, "chars": ["\ue010"]}, {"type": "bitmap", "file": "font/cobblemon_item/reaper_cloth.png", "ascent": 8, "height": 9, "chars": ["\ue011"]}, {"type": "bitmap", "file": "font/cobblemon_item/peat_mulch.png", "ascent": 8, "height": 9, "chars": ["\ue012"]}, {"type": "bitmap", "file": "font/cobblemon_item/green_apricorn_seed.png", "ascent": 8, "height": 9, "chars": ["\ue013"]}, {"type": "bitmap", "file": "font/cobblemon_item/braised_vivichoke.png", "ascent": 8, "height": 9, "chars": ["\ue014"]}, {"type": "bitmap", "file": "font/cobblemon_item/dawn_stone.png", "ascent": 8, "height": 9, "chars": ["\ue015"]}, {"type": "bitmap", "file": "font/cobblemon_item/custap_berry.png", "ascent": 8, "height": 9, "chars": ["\ue016"]}, {"type": "bitmap", "file": "font/cobblemon_item/leek_and_potato_stew.png", "ascent": 8, "height": 9, "chars": ["\ue017"]}, {"type": "bitmap", "file": "font/cobblemon_item/micle_berry.png", "ascent": 8, "height": 9, "chars": ["\ue018"]}, {"type": "bitmap", "file": "font/cobblemon_item/antidote.png", "ascent": 8, "height": 9, "chars": ["\ue019"]}, {"type": "bitmap", "file": "font/cobblemon_item/loamy_mulch.png", "ascent": 8, "height": 9, "chars": ["\ue01a"]}, {"type": "bitmap", "file": "font/cobblemon_item/silver_powder.png", "ascent": 8, "height": 9, "chars": ["\ue01b"]}, {"type": "bitmap", "file": "font/cobblemon_item/cobblemon_logo_blue.png", "ascent": 8, "height": 9, "chars": ["\ue01c"]}, {"type": "bitmap", "file": "font/cobblemon_item/bold_mint.png", "ascent": 8, "height": 9, "chars": ["\ue01d"]}, {"type": "bitmap", "file": "font/cobblemon_item/sitrus_berry.png", "ascent": 8, "height": 9, "chars": ["\ue01e"]}, {"type": "bitmap", "file": "font/cobblemon_item/occa_berry.png", "ascent": 8, "height": 9, "chars": ["\ue01f"]}, {"type": "bitmap", "file": "font/cobblemon_item/x_speed.png", "ascent": 8, "height": 9, "chars": ["\ue020"]}, {"type": "bitmap", "file": "font/cobblemon_item/exp_candy_m.png", "ascent": 8, "height": 9, "chars": ["\ue021"]}, {"type": "bitmap", "file": "font/cobblemon_item/persim_berry.png", "ascent": 8, "height": 9, "chars": ["\ue022"]}, {"type": "bitmap", "file": "font/cobblemon_item/medicinal_leek.png", "ascent": 8, "height": 9, "chars": ["\ue023"]}, {"type": "bitmap", "file": "font/cobblemon_item/hard_stone.png", "ascent": 8, "height": 9, "chars": ["\ue024"]}, {"type": "bitmap", "file": "font/cobblemon_item/citrine_ball.png", "ascent": 8, "height": 9, "chars": ["\ue025"]}, {"type": "bitmap", "file": "font/cobblemon_item/growth_mulch.png", "ascent": 8, "height": 9, "chars": ["\ue026"]}, {"type": "bitmap", "file": "font/cobblemon_item/silk_scarf.png", "ascent": 8, "height": 9, "chars": ["\ue027"]}, {"type": "bitmap", "file": "font/cobblemon_item/passho_berry.png", "ascent": 8, "height": 9, "chars": ["\ue028"]}, {"type": "bitmap", "file": "font/cobblemon_item/strawberry_sweet.png", "ascent": 8, "height": 9, "chars": ["\ue029"]}, {"type": "bitmap", "file": "font/cobblemon_item/quick_powder.png", "ascent": 8, "height": 9, "chars": ["\ue02a"]}, {"type": "bitmap", "file": "font/cobblemon_item/coarse_mulch.png", "ascent": 8, "height": 9, "chars": ["\ue02b"]}, {"type": "bitmap", "file": "font/cobblemon_item/protector.png", "ascent": 8, "height": 9, "chars": ["\ue02c"]}, {"type": "bitmap", "file": "font/cobblemon_item/max_elixir.png", "ascent": 8, "height": 9, "chars": ["\ue02d"]}, {"type": "bitmap", "file": "font/cobblemon_item/qualot_berry.png", "ascent": 8, "height": 9, "chars": ["\ue02e"]}, {"type": "bitmap", "file": "font/cobblemon_item/galarica_wreath.png", "ascent": 8, "height": 9, "chars": ["\ue02f"]}, {"type": "bitmap", "file": "font/cobblemon_item/exp_candy_l.png", "ascent": 8, "height": 9, "chars": ["\ue030"]}, {"type": "bitmap", "file": "font/cobblemon_item/brave_mint.png", "ascent": 8, "height": 9, "chars": ["\ue031"]}, {"type": "bitmap", "file": "font/cobblemon_item/sandy_mulch.png", "ascent": 8, "height": 9, "chars": ["\ue032"]}, {"type": "bitmap", "file": "font/cobblemon_item/rabuta_berry.png", "ascent": 8, "height": 9, "chars": ["\ue033"]}, {"type": "bitmap", "file": "font/cobblemon_item/lure_ball.png", "ascent": 8, "height": 9, "chars": ["\ue034"]}, {"type": "bitmap", "file": "font/cobblemon_item/charcoal_stick.png", "ascent": 8, "height": 9, "chars": ["\ue035"]}, {"type": "bitmap", "file": "font/cobblemon_item/revival_herb.png", "ascent": 8, "height": 9, "chars": ["\ue036"]}, {"type": "bitmap", "file": "font/cobblemon_item/love_ball.png", "ascent": 8, "height": 9, "chars": ["\ue037"]}, {"type": "bitmap", "file": "font/cobblemon_item/tart_apple.png", "ascent": 8, "height": 9, "chars": ["\ue038"]}, {"type": "bitmap", "file": "font/cobblemon_item/vivichoke_dip.png", "ascent": 8, "height": 9, "chars": ["\ue039"]}, {"type": "bitmap", "file": "font/cobblemon_item/oran_berry.png", "ascent": 8, "height": 9, "chars": ["\ue03a"]}, {"type": "bitmap", "file": "font/cobblemon_item/revive.png", "ascent": 8, "height": 9, "chars": ["\ue03b"]}, {"type": "bitmap", "file": "font/cobblemon_item/magnet.png", "ascent": 8, "height": 9, "chars": ["\ue03c"]}, {"type": "bitmap", "file": "font/cobblemon_item/black_augurite.png", "ascent": 8, "height": 9, "chars": ["\ue03d"]}, {"type": "bitmap", "file": "font/cobblemon_item/rawst_berry.png", "ascent": 8, "height": 9, "chars": ["\ue03e"]}, {"type": "bitmap", "file": "font/cobblemon_item/potion.png", "ascent": 8, "height": 9, "chars": ["\ue03f"]}, {"type": "bitmap", "file": "font/cobblemon_item/impish_mint.png", "ascent": 8, "height": 9, "chars": ["\ue040"]}, {"type": "bitmap", "file": "font/cobblemon_item/black_glasses.png", "ascent": 8, "height": 9, "chars": ["\ue041"]}, {"type": "bitmap", "file": "font/cobblemon_item/pinap_berry.png", "ascent": 8, "height": 9, "chars": ["\ue042"]}, {"type": "bitmap", "file": "font/cobblemon_item/hp_up.png", "ascent": 8, "height": 9, "chars": ["\ue043"]}, {"type": "bitmap", "file": "font/cobblemon_item/full_restore.png", "ascent": 8, "height": 9, "chars": ["\ue044"]}, {"type": "bitmap", "file": "font/cobblemon_item/metal_coat.png", "ascent": 8, "height": 9, "chars": ["\ue045"]}, {"type": "bitmap", "file": "font/cobblemon_item/dusk_ball.png", "ascent": 8, "height": 9, "chars": ["\ue046"]}, {"type": "bitmap", "file": "font/cobblemon_item/cobblemon_logo.png", "ascent": 8, "height": 9, "chars": ["\ue047"]}, {"type": "bitmap", "file": "font/cobblemon_item/pamtre_berry.png", "ascent": 8, "height": 9, "chars": ["\ue048"]}, {"type": "bitmap", "file": "font/cobblemon_item/lucky_egg.png", "ascent": 8, "height": 9, "chars": ["\ue049"]}, {"type": "bitmap", "file": "font/cobblemon_item/pp_max.png", "ascent": 8, "height": 9, "chars": ["\ue04a"]}, {"type": "bitmap", "file": "font/cobblemon_item/wacan_berry.png", "ascent": 8, "height": 9, "chars": ["\ue04b"]}, {"type": "bitmap", "file": "font/cobblemon_item/green_apricorn.png", "ascent": 8, "height": 9, "chars": ["\ue04c"]}, {"type": "bitmap", "file": "font/cobblemon_item/modest_mint.png", "ascent": 8, "height": 9, "chars": ["\ue04d"]}, {"type": "bitmap", "file": "font/cobblemon_item/everstone.png", "ascent": 8, "height": 9, "chars": ["\ue04e"]}, {"type": "bitmap", "file": "font/cobblemon_item/aguav_berry.png", "ascent": 8, "height": 9, "chars": ["\ue04f"]}, {"type": "bitmap", "file": "font/cobblemon_item/flame_orb.png", "ascent": 8, "height": 9, "chars": ["\ue050"]}, {"type": "bitmap", "file": "font/cobblemon_item/flower_sweet.png", "ascent": 8, "height": 9, "chars": ["\ue051"]}, {"type": "bitmap", "file": "font/cobblemon_item/relaxed_mint.png", "ascent": 8, "height": 9, "chars": ["\ue052"]}, {"type": "bitmap", "file": "font/cobblemon_item/destiny_knot.png", "ascent": 8, "height": 9, "chars": ["\ue053"]}, {"type": "bitmap", "file": "font/cobblemon_item/rich_mulch.png", "ascent": 8, "height": 9, "chars": ["\ue054"]}, {"type": "bitmap", "file": "font/cobblemon_item/blue_mint_seeds.png", "ascent": 8, "height": 9, "chars": ["\ue055"]}, {"type": "bitmap", "file": "font/cobblemon_item/figy_berry.png", "ascent": 8, "height": 9, "chars": ["\ue056"]}, {"type": "bitmap", "file": "font/cobblemon_item/level_ball.png", "ascent": 8, "height": 9, "chars": ["\ue057"]}, {"type": "bitmap", "file": "font/cobblemon_item/shiny_stone.png", "ascent": 8, "height": 9, "chars": ["\ue058"]}, {"type": "bitmap", "file": "font/cobblemon_item/focus_band.png", "ascent": 8, "height": 9, "chars": ["\ue059"]}, {"type": "bitmap", "file": "font/cobblemon_item/surprise_mulch.png", "ascent": 8, "height": 9, "chars": ["\ue05a"]}, {"type": "bitmap", "file": "font/cobblemon_item/white_mint_seeds.png", "ascent": 8, "height": 9, "chars": ["\ue05b"]}, {"type": "bitmap", "file": "font/cobblemon_item/jolly_mint.png", "ascent": 8, "height": 9, "chars": ["\ue05c"]}, {"type": "bitmap", "file": "font/cobblemon_item/sassy_mint.png", "ascent": 8, "height": 9, "chars": ["\ue05d"]}, {"type": "bitmap", "file": "font/cobblemon_item/roseate_ball.png", "ascent": 8, "height": 9, "chars": ["\ue05e"]}, {"type": "bitmap", "file": "font/cobblemon_item/white_apricorn_seed.png", "ascent": 8, "height": 9, "chars": ["\ue05f"]}, {"type": "bitmap", "file": "font/cobblemon_item/cheri_berry.png", "ascent": 8, "height": 9, "chars": ["\ue060"]}, {"type": "bitmap", "file": "font/cobblemon_item/lansat_berry.png", "ascent": 8, "height": 9, "chars": ["\ue061"]}, {"type": "bitmap", "file": "font/cobblemon_item/nanab_berry.png", "ascent": 8, "height": 9, "chars": ["\ue062"]}, {"type": "bitmap", "file": "font/cobblemon_item/deep_sea_scale.png", "ascent": 8, "height": 9, "chars": ["\ue063"]}, {"type": "bitmap", "file": "font/cobblemon_item/naive_mint.png", "ascent": 8, "height": 9, "chars": ["\ue064"]}, {"type": "bitmap", "file": "font/cobblemon_item/roselei_berry.png", "ascent": 8, "height": 9, "chars": ["\ue065"]}, {"type": "bitmap", "file": "font/cobblemon_item/vivichoke.png", "ascent": 8, "height": 9, "chars": ["\ue066"]}, {"type": "bitmap", "file": "font/cobblemon_item/x_sp_def.png", "ascent": 8, "height": 9, "chars": ["\ue067"]}, {"type": "bitmap", "file": "font/cobblemon_item/kings_rock.png", "ascent": 8, "height": 9, "chars": ["\ue068"]}, {"type": "bitmap", "file": "font/cobblemon_item/x_sp_atk.png", "ascent": 8, "height": 9, "chars": ["\ue069"]}, {"type": "bitmap", "file": "font/cobblemon_item/cyan_mint_leaf.png", "ascent": 8, "height": 9, "chars": ["\ue06a"]}, {"type": "bitmap", "file": "font/cobblemon_item/shuca_berry.png", "ascent": 8, "height": 9, "chars": ["\ue06b"]}, {"type": "bitmap", "file": "font/cobblemon_item/kasib_berry.png", "ascent": 8, "height": 9, "chars": ["\ue06c"]}, {"type": "bitmap", "file": "font/cobblemon_item/fire_stone.png", "ascent": 8, "height": 9, "chars": ["\ue06d"]}, {"type": "bitmap", "file": "font/cobblemon_item/metal_powder.png", "ascent": 8, "height": 9, "chars": ["\ue06e"]}, {"type": "bitmap", "file": "font/cobblemon_item/quiet_mint.png", "ascent": 8, "height": 9, "chars": ["\ue06f"]}, {"type": "bitmap", "file": "font/cobblemon_item/dragon_scale.png", "ascent": 8, "height": 9, "chars": ["\ue070"]}, {"type": "bitmap", "file": "font/cobblemon_item/dive_ball.png", "ascent": 8, "height": 9, "chars": ["\ue071"]}, {"type": "bitmap", "file": "font/cobblemon_item/great_ball.png", "ascent": 8, "height": 9, "chars": ["\ue072"]}, {"type": "bitmap", "file": "font/cobblemon_item/careful_mint.png", "ascent": 8, "height": 9, "chars": ["\ue073"]}, {"type": "bitmap", "file": "font/cobblemon_item/red_mint_seeds.png", "ascent": 8, "height": 9, "chars": ["\ue074"]}, {"type": "bitmap", "file": "font/cobblemon_item/chesto_berry.png", "ascent": 8, "height": 9, "chars": ["\ue075"]}, {"type": "bitmap", "file": "font/cobblemon_item/cobblemon_logo_yellow.png", "ascent": 8, "height": 9, "chars": ["\ue076"]}, {"type": "bitmap", "file": "font/cobblemon_item/sachet.png", "ascent": 8, "height": 9, "chars": ["\ue077"]}, {"type": "bitmap", "file": "font/cobblemon_item/oval_stone.png", "ascent": 8, "height": 9, "chars": ["\ue078"]}, {"type": "bitmap", "file": "font/cobblemon_item/blue_apricorn.png", "ascent": 8, "height": 9, "chars": ["\ue079"]}, {"type": "bitmap", "file": "font/cobblemon_item/apricorn_hanging_sign.png", "ascent": 8, "height": 9, "chars": ["\ue07a"]}, {"type": "bitmap", "file": "font/cobblemon_item/lax_mint.png", "ascent": 8, "height": 9, "chars": ["\ue07b"]}, {"type": "bitmap", "file": "font/cobblemon_item/white_herb.png", "ascent": 8, "height": 9, "chars": ["\ue07c"]}, {"type": "bitmap", "file": "font/cobblemon_item/chipped_pot.png", "ascent": 8, "height": 9, "chars": ["\ue07d"]}, {"type": "bitmap", "file": "font/cobblemon_item/star_sweet.png", "ascent": 8, "height": 9, "chars": ["\ue07e"]}, {"type": "bitmap", "file": "font/cobblemon_item/watmel_berry.png", "ascent": 8, "height": 9, "chars": ["\ue07f"]}, {"type": "bitmap", "file": "font/cobblemon_item/exp_candy_xs.png", "ascent": 8, "height": 9, "chars": ["\ue080"]}, {"type": "bitmap", "file": "font/cobblemon_item/protein.png", "ascent": 8, "height": 9, "chars": ["\ue081"]}, {"type": "bitmap", "file": "font/cobblemon_item/bluk_berry.png", "ascent": 8, "height": 9, "chars": ["\ue082"]}, {"type": "bitmap", "file": "font/cobblemon_item/toxic_orb.png", "ascent": 8, "height": 9, "chars": ["\ue083"]}, {"type": "bitmap", "file": "font/cobblemon_item/bright_powder.png", "ascent": 8, "height": 9, "chars": ["\ue084"]}, {"type": "bitmap", "file": "font/cobblemon_item/power_lens.png", "ascent": 8, "height": 9, "chars": ["\ue085"]}, {"type": "bitmap", "file": "font/cobblemon_item/ganlon_berry.png", "ascent": 8, "height": 9, "chars": ["\ue086"]}, {"type": "bitmap", "file": "font/cobblemon_item/ice_heal.png", "ascent": 8, "height": 9, "chars": ["\ue087"]}, {"type": "bitmap", "file": "font/cobblemon_item/assault_vest.png", "ascent": 8, "height": 9, "chars": ["\ue088"]}, {"type": "bitmap", "file": "font/cobblemon_item/power_band.png", "ascent": 8, "height": 9, "chars": ["\ue089"]}, {"type": "bitmap", "file": "font/cobblemon_item/energy_root.png", "ascent": 8, "height": 9, "chars": ["\ue08a"]}, {"type": "bitmap", "file": "font/cobblemon_item/blue_mint_leaf.png", "ascent": 8, "height": 9, "chars": ["\ue08b"]}, {"type": "bitmap", "file": "font/cobblemon_item/life_orb.png", "ascent": 8, "height": 9, "chars": ["\ue08c"]}, {"type": "bitmap", "file": "font/cobblemon_item/serious_mint.png", "ascent": 8, "height": 9, "chars": ["\ue08d"]}, {"type": "bitmap", "file": "font/cobblemon_item/naughty_mint.png", "ascent": 8, "height": 9, "chars": ["\ue08e"]}, {"type": "bitmap", "file": "font/cobblemon_item/kelpsy_berry.png", "ascent": 8, "height": 9, "chars": ["\ue08f"]}, {"type": "bitmap", "file": "font/cobblemon_item/colbur_berry.png", "ascent": 8, "height": 9, "chars": ["\ue090"]}, {"type": "bitmap", "file": "font/cobblemon_item/miracle_seed.png", "ascent": 8, "height": 9, "chars": ["\ue091"]}, {"type": "bitmap", "file": "font/cobblemon_item/malicious_armor.png", "ascent": 8, "height": 9, "chars": ["\ue092"]}, {"type": "bitmap", "file": "font/cobblemon_item/timer_ball.png", "ascent": 8, "height": 9, "chars": ["\ue093"]}, {"type": "bitmap", "file": "font/cobblemon_item/sharp_beak.png", "ascent": 8, "height": 9, "chars": ["\ue094"]}, {"type": "bitmap", "file": "font/cobblemon_item/pomeg_berry.png", "ascent": 8, "height": 9, "chars": ["\ue095"]}, {"type": "bitmap", "file": "font/cobblemon_item/starf_berry.png", "ascent": 8, "height": 9, "chars": ["\ue096"]}, {"type": "bitmap", "file": "font/cobblemon_item/fairy_feather.png", "ascent": 8, "height": 9, "chars": ["\ue097"]}, {"type": "bitmap", "file": "font/cobblemon_item/leppa_berry.png", "ascent": 8, "height": 9, "chars": ["\ue098"]}, {"type": "bitmap", "file": "font/cobblemon_item/choice_scarf.png", "ascent": 8, "height": 9, "chars": ["\ue099"]}, {"type": "bitmap", "file": "font/cobblemon_item/lum_berry.png", "ascent": 8, "height": 9, "chars": ["\ue09a"]}, {"type": "bitmap", "file": "font/cobblemon_item/razor_fang.png", "ascent": 8, "height": 9, "chars": ["\ue09b"]}, {"type": "bitmap", "file": "font/cobblemon_item/durin_berry.png", "ascent": 8, "height": 9, "chars": ["\ue09c"]}, {"type": "bitmap", "file": "font/cobblemon_item/apricorn_door.png", "ascent": 8, "height": 9, "chars": ["\ue09d"]}, {"type": "bitmap", "file": "font/cobblemon_item/muscle_band.png", "ascent": 8, "height": 9, "chars": ["\ue09e"]}, {"type": "bitmap", "file": "font/cobblemon_item/peat_block.png", "ascent": 8, "height": 9, "chars": ["\ue09f"]}, {"type": "bitmap", "file": "font/cobblemon_item/salac_berry.png", "ascent": 8, "height": 9, "chars": ["\ue0a0"]}, {"type": "bitmap", "file": "font/cobblemon_item/choice_band.png", "ascent": 8, "height": 9, "chars": ["\ue0a1"]}, {"type": "bitmap", "file": "font/cobblemon_item/light_clay.png", "ascent": 8, "height": 9, "chars": ["\ue0a2"]}, {"type": "bitmap", "file": "font/cobblemon_item/mago_berry.png", "ascent": 8, "height": 9, "chars": ["\ue0a3"]}, {"type": "bitmap", "file": "font/cobblemon_item/upgrade.png", "ascent": 8, "height": 9, "chars": ["\ue0a4"]}, {"type": "bitmap", "file": "font/cobblemon_item/power_bracer.png", "ascent": 8, "height": 9, "chars": ["\ue0a5"]}, {"type": "bitmap", "file": "font/cobblemon_item/friend_ball.png", "ascent": 8, "height": 9, "chars": ["\ue0a6"]}, {"type": "bitmap", "file": "font/cobblemon_item/heal_powder.png", "ascent": 8, "height": 9, "chars": ["\ue0a7"]}, {"type": "bitmap", "file": "font/cobblemon_item/razz_berry.png", "ascent": 8, "height": 9, "chars": ["\ue0a8"]}, {"type": "bitmap", "file": "font/cobblemon_item/rowap_berry.png", "ascent": 8, "height": 9, "chars": ["\ue0a9"]}, {"type": "bitmap", "file": "font/cobblemon_item/twisted_spoon.png", "ascent": 8, "height": 9, "chars": ["\ue0aa"]}, {"type": "bitmap", "file": "font/cobblemon_item/max_ether.png", "ascent": 8, "height": 9, "chars": ["\ue0ab"]}, {"type": "bitmap", "file": "font/cobblemon_item/net_ball.png", "ascent": 8, "height": 9, "chars": ["\ue0ac"]}, {"type": "bitmap", "file": "font/cobblemon_item/kee_berry.png", "ascent": 8, "height": 9, "chars": ["\ue0ad"]}, {"type": "bitmap", "file": "font/cobblemon_item/pink_mint_seeds.png", "ascent": 8, "height": 9, "chars": ["\ue0ae"]}, {"type": "bitmap", "file": "font/cobblemon_item/enigma_berry.png", "ascent": 8, "height": 9, "chars": ["\ue0af"]}, {"type": "bitmap", "file": "font/cobblemon_item/chilan_berry.png", "ascent": 8, "height": 9, "chars": ["\ue0b0"]}, {"type": "bitmap", "file": "font/cobblemon_item/thunder_stone.png", "ascent": 8, "height": 9, "chars": ["\ue0b1"]}, {"type": "bitmap", "file": "font/cobblemon_item/moon_stone.png", "ascent": 8, "height": 9, "chars": ["\ue0b2"]}, {"type": "bitmap", "file": "font/cobblemon_item/gentle_mint.png", "ascent": 8, "height": 9, "chars": ["\ue0b3"]}, {"type": "bitmap", "file": "font/cobblemon_item/dragon_fang.png", "ascent": 8, "height": 9, "chars": ["\ue0b4"]}, {"type": "bitmap", "file": "font/cobblemon_item/power_weight.png", "ascent": 8, "height": 9, "chars": ["\ue0b5"]}, {"type": "bitmap", "file": "font/cobblemon_item/berry_juice.png", "ascent": 8, "height": 9, "chars": ["\ue0b6"]}, {"type": "bitmap", "file": "font/cobblemon_item/premier_ball.png", "ascent": 8, "height": 9, "chars": ["\ue0b7"]}, {"type": "bitmap", "file": "font/cobblemon_item/heavy_duty_boots.png", "ascent": 8, "height": 9, "chars": ["\ue0b8"]}, {"type": "bitmap", "file": "font/cobblemon_item/mild_mint.png", "ascent": 8, "height": 9, "chars": ["\ue0b9"]}, {"type": "bitmap", "file": "font/cobblemon_item/power_herb.png", "ascent": 8, "height": 9, "chars": ["\ue0ba"]}, {"type": "bitmap", "file": "font/cobblemon_item/auspicious_armor.png", "ascent": 8, "height": 9, "chars": ["\ue0bb"]}, {"type": "bitmap", "file": "font/cobblemon_item/hondew_berry.png", "ascent": 8, "height": 9, "chars": ["\ue0bc"]}, {"type": "bitmap", "file": "font/cobblemon_item/nest_ball.png", "ascent": 8, "height": 9, "chars": ["\ue0bd"]}, {"type": "bitmap", "file": "font/cobblemon_item/apicot_berry.png", "ascent": 8, "height": 9, "chars": ["\ue0be"]}, {"type": "bitmap", "file": "font/cobblemon_item/whipped_dream.png", "ascent": 8, "height": 9, "chars": ["\ue0bf"]}, {"type": "bitmap", "file": "font/cobblemon_item/sport_ball.png", "ascent": 8, "height": 9, "chars": ["\ue0c0"]}, {"type": "bitmap", "file": "font/cobblemon_item/never_melt_ice.png", "ascent": 8, "height": 9, "chars": ["\ue0c1"]}, {"type": "bitmap", "file": "font/cobblemon_item/master_ball.png", "ascent": 8, "height": 9, "chars": ["\ue0c2"]}, {"type": "bitmap", "file": "font/cobblemon_item/guard_spec.png", "ascent": 8, "height": 9, "chars": ["\ue0c3"]}, {"type": "bitmap", "file": "font/cobblemon_item/liechi_berry.png", "ascent": 8, "height": 9, "chars": ["\ue0c4"]}, {"type": "bitmap", "file": "font/cobblemon_item/verdant_ball.png", "ascent": 8, "height": 9, "chars": ["\ue0c5"]}, {"type": "bitmap", "file": "font/cobblemon_item/pink_mint_leaf.png", "ascent": 8, "height": 9, "chars": ["\ue0c6"]}, {"type": "bitmap", "file": "font/cobblemon_item/cleanse_tag.png", "ascent": 8, "height": 9, "chars": ["\ue0c7"]}, {"type": "bitmap", "file": "font/cobblemon_item/humid_mulch.png", "ascent": 8, "height": 9, "chars": ["\ue0c8"]}, {"type": "bitmap", "file": "font/cobblemon_item/burn_heal.png", "ascent": 8, "height": 9, "chars": ["\ue0c9"]}, {"type": "bitmap", "file": "font/cobblemon_item/dusk_stone.png", "ascent": 8, "height": 9, "chars": ["\ue0ca"]}, {"type": "bitmap", "file": "font/cobblemon_item/magmarizer.png", "ascent": 8, "height": 9, "chars": ["\ue0cb"]}, {"type": "bitmap", "file": "font/cobblemon_item/link_cable.png", "ascent": 8, "height": 9, "chars": ["\ue0cc"]}, {"type": "bitmap", "file": "font/cobblemon_item/prism_scale.png", "ascent": 8, "height": 9, "chars": ["\ue0cd"]}, {"type": "bitmap", "file": "font/cobblemon_item/red_apricorn_seed.png", "ascent": 8, "height": 9, "chars": ["\ue0ce"]}, {"type": "bitmap", "file": "font/cobblemon_item/black_apricorn.png", "ascent": 8, "height": 9, "chars": ["\ue0cf"]}, {"type": "bitmap", "file": "font/cobblemon_item/kebia_berry.png", "ascent": 8, "height": 9, "chars": ["\ue0d0"]}, {"type": "bitmap", "file": "font/cobblemon_item/tamato_berry.png", "ascent": 8, "height": 9, "chars": ["\ue0d1"]}, {"type": "bitmap", "file": "font/cobblemon_item/poke_ball.png", "ascent": 8, "height": 9, "chars": ["\ue0d2"]}, {"type": "bitmap", "file": "font/cobblemon_item/apricorn_sign.png", "ascent": 8, "height": 9, "chars": ["\ue0d3"]}, {"type": "bitmap", "file": "font/cobblemon_item/red_apricorn.png", "ascent": 8, "height": 9, "chars": ["\ue0d4"]}, {"type": "bitmap", "file": "font/cobblemon_item/apricorn_chest_boat.png", "ascent": 8, "height": 9, "chars": ["\ue0d5"]}, {"type": "bitmap", "file": "font/cobblemon_item/sweet_apple.png", "ascent": 8, "height": 9, "chars": ["\ue0d6"]}, {"type": "bitmap", "file": "font/cobblemon_item/wepear_berry.png", "ascent": 8, "height": 9, "chars": ["\ue0d7"]}, {"type": "bitmap", "file": "font/cobblemon_item/calcium.png", "ascent": 8, "height": 9, "chars": ["\ue0d8"]}, {"type": "bitmap", "file": "font/cobblemon_item/fast_ball.png", "ascent": 8, "height": 9, "chars": ["\ue0d9"]}, {"type": "bitmap", "file": "font/cobblemon_item/exp_candy_xl.png", "ascent": 8, "height": 9, "chars": ["\ue0da"]}, {"type": "bitmap", "file": "font/cobblemon_item/rindo_berry.png", "ascent": 8, "height": 9, "chars": ["\ue0db"]}, {"type": "bitmap", "file": "font/cobblemon_item/full_heal.png", "ascent": 8, "height": 9, "chars": ["\ue0dc"]}, {"type": "bitmap", "file": "font/cobblemon_item/pep_up_flower.png", "ascent": 8, "height": 9, "chars": ["\ue0dd"]}, {"type": "bitmap", "file": "font/cobblemon_item/hyper_potion.png", "ascent": 8, "height": 9, "chars": ["\ue0de"]}, {"type": "bitmap", "file": "font/cobblemon_item/power_belt.png", "ascent": 8, "height": 9, "chars": ["\ue0df"]}, {"type": "bitmap", "file": "font/cobblemon_item/x_attack.png", "ascent": 8, "height": 9, "chars": ["\ue0e0"]}, {"type": "bitmap", "file": "font/cobblemon_item/green_mint_leaf.png", "ascent": 8, "height": 9, "chars": ["\ue0e1"]}, {"type": "bitmap", "file": "font/cobblemon_item/blue_apricorn_seed.png", "ascent": 8, "height": 9, "chars": ["\ue0e2"]}, {"type": "bitmap", "file": "font/cobblemon_item/rocky_helmet.png", "ascent": 8, "height": 9, "chars": ["\ue0e3"]}, {"type": "bitmap", "file": "font/cobblemon_item/black_apricorn_seed.png", "ascent": 8, "height": 9, "chars": ["\ue0e4"]}, {"type": "bitmap", "file": "font/cobblemon_item/rash_mint.png", "ascent": 8, "height": 9, "chars": ["\ue0e5"]}, {"type": "bitmap", "file": "font/cobblemon_item/paralyze_heal.png", "ascent": 8, "height": 9, "chars": ["\ue0e6"]}, {"type": "bitmap", "file": "font/cobblemon_item/poison_barb.png", "ascent": 8, "height": 9, "chars": ["\ue0e7"]}, {"type": "bitmap", "file": "font/cobblemon_item/awakening.png", "ascent": 8, "height": 9, "chars": ["\ue0e8"]}, {"type": "bitmap", "file": "font/cobblemon_item/lonely_mint.png", "ascent": 8, "height": 9, "chars": ["\ue0e9"]}, {"type": "bitmap", "file": "font/cobblemon_item/big_root.png", "ascent": 8, "height": 9, "chars": ["\ue0ea"]}, {"type": "bitmap", "file": "font/cobblemon_item/wiki_berry.png", "ascent": 8, "height": 9, "chars": ["\ue0eb"]}, {"type": "bitmap", "file": "font/cobblemon_item/yellow_apricorn_seed.png", "ascent": 8, "height": 9, "chars": ["\ue0ec"]}, {"type": "bitmap", "file": "font/cobblemon_item/wise_glasses.png", "ascent": 8, "height": 9, "chars": ["\ue0ed"]}, {"type": "bitmap", "file": "font/cobblemon_item/roseli_berry.png", "ascent": 8, "height": 9, "chars": ["\ue0ee"]}, {"type": "bitmap", "file": "font/cobblemon_item/spell_tag.png", "ascent": 8, "height": 9, "chars": ["\ue0ef"]}, {"type": "bitmap", "file": "font/cobblemon_item/berry_sweet.png", "ascent": 8, "height": 9, "chars": ["\ue0f0"]}, {"type": "bitmap", "file": "font/cobblemon_item/slate_ball.png", "ascent": 8, "height": 9, "chars": ["\ue0f1"]}, {"type": "bitmap", "file": "font/cobblemon_item/coba_berry.png", "ascent": 8, "height": 9, "chars": ["\ue0f2"]}, {"type": "bitmap", "file": "font/cobblemon_item/green_mint_seeds.png", "ascent": 8, "height": 9, "chars": ["\ue0f3"]}, {"type": "bitmap", "file": "font/cobblemon_item/nomel_berry.png", "ascent": 8, "height": 9, "chars": ["\ue0f4"]}, {"type": "bitmap", "file": "font/cobblemon_item/water_stone.png", "ascent": 8, "height": 9, "chars": ["\ue0f5"]}, {"type": "bitmap", "file": "font/cobblemon_item/zinc.png", "ascent": 8, "height": 9, "chars": ["\ue0f6"]}, {"type": "bitmap", "file": "font/cobblemon_item/soft_sand.png", "ascent": 8, "height": 9, "chars": ["\ue0f7"]}, {"type": "bitmap", "file": "font/cobblemon_item/dream_ball.png", "ascent": 8, "height": 9, "chars": ["\ue0f8"]}, {"type": "bitmap", "file": "font/cobblemon_item/love_sweet.png", "ascent": 8, "height": 9, "chars": ["\ue0f9"]}, {"type": "bitmap", "file": "font/cobblemon_item/yellow_apricorn.png", "ascent": 8, "height": 9, "chars": ["\ue0fa"]}, {"type": "bitmap", "file": "font/cobblemon_item/leaf_stone.png", "ascent": 8, "height": 9, "chars": ["\ue0fb"]}, {"type": "bitmap", "file": "font/cobblemon_item/exp_share.png", "ascent": 8, "height": 9, "chars": ["\ue0fc"]}, {"type": "bitmap", "file": "font/cobblemon_item/sun_stone.png", "ascent": 8, "height": 9, "chars": ["\ue0fd"]}, {"type": "bitmap", "file": "font/cobblemon_item/remedy.png", "ascent": 8, "height": 9, "chars": ["\ue0fe"]}, {"type": "bitmap", "file": "font/cobblemon_item/park_ball.png", "ascent": 8, "height": 9, "chars": ["\ue0ff"]}, {"type": "bitmap", "file": "font/cobblemon_item/dire_hit.png", "ascent": 8, "height": 9, "chars": ["\ue100"]}, {"type": "bitmap", "file": "font/cobblemon_item/cracked_pot.png", "ascent": 8, "height": 9, "chars": ["\ue101"]}, {"type": "bitmap", "file": "font/cobblemon_item/max_revive.png", "ascent": 8, "height": 9, "chars": ["\ue102"]}, {"type": "bitmap", "file": "font/cobblemon_item/vivichoke_seeds.png", "ascent": 8, "height": 9, "chars": ["\ue103"]}, {"type": "bitmap", "file": "font/cobblemon_item/roasted_leek.png", "ascent": 8, "height": 9, "chars": ["\ue104"]}, {"type": "bitmap", "file": "font/cobblemon_item/white_mint_leaf.png", "ascent": 8, "height": 9, "chars": ["\ue105"]}, {"type": "bitmap", "file": "font/cobblemon_item/galarica_cuff.png", "ascent": 8, "height": 9, "chars": ["\ue106"]}, {"type": "bitmap", "file": "font/cobblemon_item/iron.png", "ascent": 8, "height": 9, "chars": ["\ue107"]}, {"type": "bitmap", "file": "font/cobblemon_item/max_potion.png", "ascent": 8, "height": 9, "chars": ["\ue108"]}, {"type": "bitmap", "file": "font/cobblemon_item/black_sludge.png", "ascent": 8, "height": 9, "chars": ["\ue109"]}, {"type": "bitmap", "file": "font/cobblemon_item/cornn_berry.png", "ascent": 8, "height": 9, "chars": ["\ue10a"]}, {"type": "bitmap", "file": "font/cobblemon_item/dubious_disc.png", "ascent": 8, "height": 9, "chars": ["\ue10b"]}, {"type": "bitmap", "file": "font/cobblemon_item/pink_apricorn.png", "ascent": 8, "height": 9, "chars": ["\ue10c"]}, {"type": "bitmap", "file": "font/cobblemon_item/pecha_berry.png", "ascent": 8, "height": 9, "chars": ["\ue10d"]}, {"type": "bitmap", "file": "font/cobblemon_item/iapapa_berry.png", "ascent": 8, "height": 9, "chars": ["\ue10e"]}, {"type": "bitmap", "file": "font/cobblemon_item/superb_remedy.png", "ascent": 8, "height": 9, "chars": ["\ue10f"]}, {"type": "bitmap", "file": "font/cobblemon_item/ether.png", "ascent": 8, "height": 9, "chars": ["\ue110"]}, {"type": "bitmap", "file": "font/cobblemon_item/mulch_base.png", "ascent": 8, "height": 9, "chars": ["\ue111"]}, {"type": "bitmap", "file": "font/cobblemon_item/ultra_ball.png", "ascent": 8, "height": 9, "chars": ["\ue112"]}, {"type": "bitmap", "file": "font/cobblemon_item/leftovers.png", "ascent": 8, "height": 9, "chars": ["\ue113"]}, {"type": "bitmap", "file": "font/cobblemon_item/cherish_ball.png", "ascent": 8, "height": 9, "chars": ["\ue114"]}, {"type": "bitmap", "file": "font/cobblemon_item/moon_ball.png", "ascent": 8, "height": 9, "chars": ["\ue115"]}, {"type": "bitmap", "file": "font/cobblemon_item/mystic_water.png", "ascent": 8, "height": 9, "chars": ["\ue116"]}, {"type": "bitmap", "file": "font/cobblemon_item/exp_candy_s.png", "ascent": 8, "height": 9, "chars": ["\ue117"]}, {"type": "bitmap", "file": "font/cobblemon_item/tanga_berry.png", "ascent": 8, "height": 9, "chars": ["\ue118"]}, {"type": "bitmap", "file": "font/cobblemon_item/maranga_berry.png", "ascent": 8, "height": 9, "chars": ["\ue119"]}, {"type": "bitmap", "file": "font/cobblemon_item/luxury_ball.png", "ascent": 8, "height": 9, "chars": ["\ue11a"]}, {"type": "bitmap", "file": "font/cobblemon_item/spelon_berry.png", "ascent": 8, "height": 9, "chars": ["\ue11b"]}, {"type": "bitmap", "file": "font/cobblemon_item/repeat_ball.png", "ascent": 8, "height": 9, "chars": ["\ue11c"]}, {"type": "bitmap", "file": "font/cobblemon_item/x_defense.png", "ascent": 8, "height": 9, "chars": ["\ue11d"]}, {"type": "bitmap", "file": "font/cobblemon_item/safety_goggles.png", "ascent": 8, "height": 9, "chars": ["\ue11e"]}, {"type": "bitmap", "file": "font/cobblemon_item/red_mint_leaf.png", "ascent": 8, "height": 9, "chars": ["\ue11f"]}, {"type": "bitmap", "file": "font/cobblemon_item/adamant_mint.png", "ascent": 8, "height": 9, "chars": ["\ue120"]}, {"type": "bitmap", "file": "font/cobblemon_item/safari_ball.png", "ascent": 8, "height": 9, "chars": ["\ue121"]}, {"type": "bitmap", "file": "font/cobblemon_item/apricorn_boat.png", "ascent": 8, "height": 9, "chars": ["\ue122"]}, {"type": "bitmap", "file": "font/cobblemon_item/charcoal.png", "ascent": 8, "height": 9, "chars": ["\ue123"]}, {"type": "bitmap", "file": "font/cobblemon_item/x_accuracy.png", "ascent": 8, "height": 9, "chars": ["\ue124"]}, {"type": "bitmap", "file": "font/cobblemon_item/mirror_herb.png", "ascent": 8, "height": 9, "chars": ["\ue125"]}, {"type": "bitmap", "file": "font/cobblemon_item/deep_sea_tooth.png", "ascent": 8, "height": 9, "chars": ["\ue126"]}, {"type": "bitmap", "file": "font/cobblemon_item/haban_berry.png", "ascent": 8, "height": 9, "chars": ["\ue127"]}, {"type": "bitmap", "file": "font/cobblemon_item/heal_ball.png", "ascent": 8, "height": 9, "chars": ["\ue128"]}, {"type": "bitmap", "file": "font/cobblemon_item/beast_ball.png", "ascent": 8, "height": 9, "chars": ["\ue129"]}, {"type": "bitmap", "file": "font/cobblemon_item/clover_sweet.png", "ascent": 8, "height": 9, "chars": ["\ue12a"]}, {"type": "bitmap", "file": "font/cobblemon_item/ice_stone.png", "ascent": 8, "height": 9, "chars": ["\ue12b"]}, {"type": "bitmap", "file": "font/cobblemon_item/ribbon_sweet.png", "ascent": 8, "height": 9, "chars": ["\ue12c"]}, {"type": "bitmap", "file": "font/cobblemon_item/touga_berry.png", "ascent": 8, "height": 9, "chars": ["\ue12d"]}, {"type": "bitmap", "file": "font/cobblemon_item/cobblemon_logo_purple.png", "ascent": 8, "height": 9, "chars": ["\ue12e"]}, {"type": "bitmap", "file": "font/cobblemon_item/pp_up.png", "ascent": 8, "height": 9, "chars": ["\ue12f"]}, {"type": "bitmap", "file": "font/cobblemon_item/power_anklet.png", "ascent": 8, "height": 9, "chars": ["\ue130"]}, {"type": "bitmap", "file": "font/cobblemon_item/belue_berry.png", "ascent": 8, "height": 9, "chars": ["\ue131"]}, {"type": "bitmap", "file": "font/cobblemon_item/razor_claw.png", "ascent": 8, "height": 9, "chars": ["\ue132"]}, {"type": "bitmap", "file": "font/cobblemon_item/babiri_berry.png", "ascent": 8, "height": 9, "chars": ["\ue133"]}, {"type": "bitmap", "file": "font/cobblemon_item/carbos.png", "ascent": 8, "height": 9, "chars": ["\ue134"]}, {"type": "bitmap", "file": "font/cobblemon_item/quick_claw.png", "ascent": 8, "height": 9, "chars": ["\ue135"]}, {"type": "bitmap", "file": "font/cobblemon_item/super_potion.png", "ascent": 8, "height": 9, "chars": ["\ue136"]}, {"type": "bitmap", "file": "font/cobblemon_item/hasty_mint.png", "ascent": 8, "height": 9, "chars": ["\ue137"]}, {"type": "bitmap", "file": "font/cobblemon_item/hopo_berry.png", "ascent": 8, "height": 9, "chars": ["\ue138"]}, {"type": "bitmap", "file": "font/cobblemon_item/yache_berry.png", "ascent": 8, "height": 9, "chars": ["\ue139"]}, {"type": "bitmap", "file": "font/cobblemon_item/smoke_ball.png", "ascent": 8, "height": 9, "chars": ["\ue13a"]}, {"type": "bitmap", "file": "font/cobblemon_item/calm_mint.png", "ascent": 8, "height": 9, "chars": ["\ue13b"]}, {"type": "bitmap", "file": "font/cobblemon_item/timid_mint.png", "ascent": 8, "height": 9, "chars": ["\ue13c"]}, {"type": "bitmap", "file": "font/cobblemon_item/azure_ball.png", "ascent": 8, "height": 9, "chars": ["\ue13d"]}, {"type": "bitmap", "file": "font/cobblemon_item/mental_herb.png", "ascent": 8, "height": 9, "chars": ["\ue13e"]}, {"type": "bitmap", "file": "font/cobblemon_item/elixir.png", "ascent": 8, "height": 9, "chars": ["\ue13f"]}, {"type": "bitmap", "file": "font/cobblemon_item/chople_berry.png", "ascent": 8, "height": 9, "chars": ["\ue140"]}, {"type": "bitmap", "file": "font/cobblemon_item/payapa_berry.png", "ascent": 8, "height": 9, "chars": ["\ue141"]}, {"type": "bitmap", "file": "font/cobblemon_item/black_belt.png", "ascent": 8, "height": 9, "chars": ["\ue142"]}]}