{
    "providers": [
      {
        "type": "bitmap",
        "file": "font/emoji/fearful.png",
        "ascent": 8,
        "height": 9,
        "chars": [
          "\ue000"
        ]
      },
      {
        "type": "bitmap",
        "file": "font/emoji/dance.png",
        "ascent": 8,
        "height": 9,
        "chars": [
          "\ue001"
        ]
      },
      {
        "type": "bitmap",
        "file": "font/emoji/shrug.png",
        "ascent": 8,
        "height": 9,
        "chars": [
          "\ue002"
        ]
      },
      {
        "type": "bitmap",
        "file": "font/emoji/triumph.png",
        "ascent": 8,
        "height": 9,
        "chars": [
          "\ue003"
        ]
      },
      {
        "type": "bitmap",
        "file": "font/emoji/hug.png",
        "ascent": 8,
        "height": 9,
        "chars": [
          "\ue004"
        ]
      },
      {
        "type": "bitmap",
        "file": "font/emoji/frown.png",
        "ascent": 8,
        "height": 9,
        "chars": [
          "\ue005"
        ]
      },
      {
        "type": "bitmap",
        "file": "font/emoji/tongue.png",
        "ascent": 8,
        "height": 9,
        "chars": [
          "\ue006"
        ]
      },
      {
        "type": "bitmap",
        "file": "font/emoji/starstruck.png",
        "ascent": 8,
        "height": 9,
        "chars": [
          "\ue007"
        ]
      },
      {
        "type": "bitmap",
        "file": "font/emoji/scream.png",
        "ascent": 8,
        "height": 9,
        "chars": [
          "\ue008"
        ]
      },
      {
        "type": "bitmap",
        "file": "font/emoji/joy.png",
        "ascent": 8,
        "height": 9,
        "chars": [
          "\ue009"
        ]
      },
      {
        "type": "bitmap",
        "file": "font/emoji/middle_finger.png",
        "ascent": 8,
        "height": 9,
        "chars": [
          "\ue00a"
        ]
      },
      {
        "type": "bitmap",
        "file": "font/emoji/question_mark.png",
        "ascent": 8,
        "height": 9,
        "chars": [
          "\ue00b"
        ]
      },
      {
        "type": "bitmap",
        "file": "font/emoji/heart_eyes.png",
        "ascent": 8,
        "height": 9,
        "chars": [
          "\ue00c"
        ]
      },
      {
        "type": "bitmap",
        "file": "font/emoji/cry.png",
        "ascent": 8,
        "height": 9,
        "chars": [
          "\ue00d"
        ]
      },
      {
        "type": "bitmap",
        "file": "font/emoji/sleep.png",
        "ascent": 8,
        "height": 9,
        "chars": [
          "\ue00e"
        ]
      },
      {
        "type": "bitmap",
        "file": "font/emoji/thumbsup.png",
        "ascent": 8,
        "height": 9,
        "chars": [
          "\ue00f"
        ]
      },
      {
        "type": "bitmap",
        "file": "font/emoji/disappointed.png",
        "ascent": 8,
        "height": 9,
        "chars": [
          "\ue010"
        ]
      },
      {
        "type": "bitmap",
        "file": "font/emoji/fistbump.png",
        "ascent": 8,
        "height": 9,
        "chars": [
          "\ue011"
        ]
      },
      {
        "type": "bitmap",
        "file": "font/emoji/pensive.png",
        "ascent": 8,
        "height": 9,
        "chars": [
          "\ue012"
        ]
      },
      {
        "type": "bitmap",
        "file": "font/emoji/smirk.png",
        "ascent": 8,
        "height": 9,
        "chars": [
          "\ue013"
        ]
      },
      {
        "type": "bitmap",
        "file": "font/emoji/pouting_cat.png",
        "ascent": 8,
        "height": 9,
        "chars": [
          "\ue014"
        ]
      },
      {
        "type": "bitmap",
        "file": "font/emoji/thumbsdown.png",
        "ascent": 8,
        "height": 9,
        "chars": [
          "\ue015"
        ]
      },
      {
        "type": "bitmap",
        "file": "font/emoji/drink.png",
        "ascent": 8,
        "height": 9,
        "chars": [
          "\ue016"
        ]
      },
      {
        "type": "bitmap",
        "file": "font/emoji/facepalm.png",
        "ascent": 8,
        "height": 9,
        "chars": [
          "\ue017"
        ]
      },
      {
        "type": "bitmap",
        "file": "font/emoji/heart.png",
        "ascent": 8,
        "height": 9,
        "chars": [
          "\ue018"
        ]
      },
      {
        "type": "bitmap",
        "file": "font/emoji/run.png",
        "ascent": 8,
        "height": 9,
        "chars": [
          "\ue019"
        ]
      },
      {
        "type": "bitmap",
        "file": "font/emoji/angry.png",
        "ascent": 8,
        "height": 9,
        "chars": [
          "\ue01a"
        ]
      },
      {
        "type": "bitmap",
        "file": "font/emoji/thinking.png",
        "ascent": 8,
        "height": 9,
        "chars": [
          "\ue01b"
        ]
      },
      {
        "type": "bitmap",
        "file": "font/emoji/kiss.png",
        "ascent": 8,
        "height": 9,
        "chars": [
          "\ue01c"
        ]
      },
      {
        "type": "bitmap",
        "file": "font/emoji/wink.png",
        "ascent": 8,
        "height": 9,
        "chars": [
          "\ue01d"
        ]
      },
      {
        "type": "bitmap",
        "file": "font/emoji/wave.png",
        "ascent": 8,
        "height": 9,
        "chars": [
          "\ue01e"
        ]
      },
      {
        "type": "bitmap",
        "file": "font/emoji/handshake.png",
        "ascent": 8,
        "height": 9,
        "chars": [
          "\ue01f"
        ]
      },
      {
        "type": "bitmap",
        "file": "font/emoji/grin.png",
        "ascent": 8,
        "height": 9,
        "chars": [
          "\ue020"
        ]
      },
      {
        "type": "bitmap",
        "file": "font/emoji/eat.png",
        "ascent": 8,
        "height": 9,
        "chars": [
          "\ue021"
        ]
      },
      {
        "type": "bitmap",
        "file": "font/emoji/clown.png",
        "ascent": 8,
        "height": 9,
        "chars": [
          "\ue022"
        ]
      },
      {
        "type": "bitmap",
        "file": "font/emoji/shocked.png",
        "ascent": 8,
        "height": 9,
        "chars": [
          "\ue023"
        ]
      },
      {
        "type": "bitmap",
        "file": "font/emoji/laughing.png",
        "ascent": 8,
        "height": 9,
        "chars": [
          "\ue024"
        ]
      },
      {
        "type": "bitmap",
        "file": "font/emoji/sob.png",
        "ascent": 8,
        "height": 9,
        "chars": [
          "\ue025"
        ]
      },
      {
        "type": "bitmap",
        "file": "font/emoji/clap.png",
        "ascent": 8,
        "height": 9,
        "chars": [
          "\ue026"
        ]
      },
      {
        "type": "bitmap",
        "file": "font/emoji/wide_eyes.png",
        "ascent": 8,
        "height": 9,
        "chars": [
          "\ue027"
        ]
      },
      {
        "type": "bitmap",
        "file": "font/emoji/smile.png",
        "ascent": 8,
        "height": 9,
        "chars": [
          "\ue028"
        ]
      },
      {
        "type": "bitmap",
        "file": "font/emoji/rage_swear.png",
        "ascent": 8,
        "height": 9,
        "chars": [
          "\ue029"
        ]
      },
      {
        "type": "bitmap",
        "file": "font/emoji/rage.png",
        "ascent": 8,
        "height": 9,
        "chars": [
          "\ue02a"
        ]
      }
    ]
  }  