{"providers": [
	{"type": "bitmap", "file": "font/inventory/auction_house/main.png", "ascent": 46, "height": 256, "chars": ["\ue000"]},
	{"type": "bitmap", "file": "font/inventory/auction_house/your_listings.png", "ascent": 46, "height": 256, "chars": ["\ue001"]},
	{"type": "bitmap", "file": "font/inventory/auction_house/browse_listings.png", "ascent": 46, "height": 256, "chars": ["\ue002"]},
	{"type": "bitmap", "file": "font/inventory/auction_house/view_bids.png", "ascent": 46, "height": 256, "chars": ["\ue003"]},
	{"type": "bitmap", "file": "font/inventory/auction_house/list_item.png", "ascent": 46, "height": 256, "chars": ["\ue004"]},

	{"type": "bitmap", "file": "font/inventory/bank/main.png", "ascent": 31, "height": 256, "chars": ["\ue005"]},
	{"type": "bitmap", "file": "font/inventory/random_teleport/main.png", "ascent": 31, "height": 256, "chars": ["\ue006"]},

	{"type": "bitmap", "file": "font/inventory/minion/farmer.png", "ascent": 31, "height": 256, "chars": ["\ue007"]},
	{"type": "bitmap", "file": "font/inventory/minion/miner.png", "ascent": 31, "height": 256, "chars": ["\ue008"]},
	{"type": "bitmap", "file": "font/inventory/minion/slayer.png", "ascent": 31, "height": 256, "chars": ["\ue009"]},

	{"type": "bitmap", "file": "font/inventory/trainer_card/1.png", "ascent": 30, "height": 256, "chars": ["\ue00a"]},
	{"type": "bitmap", "file": "font/inventory/trainer_card/2.png", "ascent": 30, "height": 256, "chars": ["\ue00b"]},
	{"type": "bitmap", "file": "font/inventory/trainer_card/3.png", "ascent": 30, "height": 256, "chars": ["\ue00c"]},
	{"type": "bitmap", "file": "font/inventory/trainer_card/4.png", "ascent": 30, "height": 256, "chars": ["\ue00d"]},
	{"type": "bitmap", "file": "font/inventory/trainer_card/5.png", "ascent": 30, "height": 256, "chars": ["\ue00e"]},
	{"type": "bitmap", "file": "font/inventory/trainer_card/6.png", "ascent": 30, "height": 256, "chars": ["\ue00f"]},
	{"type": "bitmap", "file": "font/inventory/trainer_card/7.png", "ascent": 30, "height": 256, "chars": ["\ue010"]},
	{"type": "bitmap", "file": "font/inventory/trainer_card/8.png", "ascent": 30, "height": 256, "chars": ["\ue011"]},
	{"type": "bitmap", "file": "font/inventory/trainer_card/9.png", "ascent": 30, "height": 256, "chars": ["\ue012"]},
	{"type": "bitmap", "file": "font/inventory/trainer_card/10.png", "ascent": 30, "height": 256, "chars": ["\ue013"]},
	{"type": "bitmap", "file": "font/inventory/trainer_card/11.png", "ascent": 30, "height": 256, "chars": ["\ue014"]},

	{"type": "bitmap", "file": "font/inventory/shop/main.png", "ascent": 31, "height": 256, "chars": ["\ue015"]},
	{"type": "bitmap", "file": "font/inventory/shop/category.png", "ascent": 31, "height": 256, "chars": ["\ue016"]},
	{"type": "bitmap", "file": "font/inventory/shop/vanilla.png", "ascent": 31, "height": 256, "chars": ["\ue017"]},
	{"type": "bitmap", "file": "font/inventory/shop/cobblemon.png", "ascent": 31, "height": 256, "chars": ["\ue018"]},
	{"type": "bitmap", "file": "font/inventory/shop/buy_and_sell.png", "ascent": 31, "height": 256, "chars": ["\ue019"]},
	
	{"type": "bitmap", "file": "font/inventory/pokemon_selection.png", "ascent": 31, "height": 256, "chars": ["\ue01a"]},

	{"type": "bitmap", "file": "font/inventory/claim/main.png", "ascent": 31, "height": 256, "chars": ["\ue01b"]},
	{"type": "bitmap", "file": "font/inventory/claim/overview.png", "ascent": 31, "height": 256, "chars": ["\ue01c"]},
	{"type": "bitmap", "file": "font/inventory/claim/profiles.png", "ascent": 31, "height": 256, "chars": ["\ue01d"]},
	{"type": "bitmap", "file": "font/inventory/claim/map.png", "ascent": 31, "height": 256, "chars": ["\ue01e"]},
	{"type": "bitmap", "file": "font/inventory/claim/profile.png", "ascent": 31, "height": 256, "chars": ["\ue01f"]},
	{"type": "bitmap", "file": "font/inventory/claim/members.png", "ascent": 31, "height": 256, "chars": ["\ue020"]},
	{"type": "bitmap", "file": "font/inventory/claim/permissions.png", "ascent": 31, "height": 256, "chars": ["\ue021"]},


	{"type": "bitmap", "file": "font/inventory/vote/main.png", "ascent": 46, "height": 256, "chars": ["\ue022"]},

	{"type": "bitmap", "file": "font/inventory/login_streak/main.png", "ascent": 31, "height": 256, "chars": ["\ue023"]},

	{"type": "bitmap", "file": "font/inventory/playtime/main.png", "ascent": 31, "height": 256, "chars": ["\ue024"]},
	
	{"type": "bitmap", "file": "font/inventory/pokeball_loot/main.png", "ascent": 31, "height": 256, "chars": ["\ue025"]},

	{"type": "bitmap", "file": "font/inventory/vault/main.png", "ascent": 31, "height": 256, "chars": ["\ue026"]},
	{"type": "bitmap", "file": "font/inventory/vault/config.png", "ascent": 31, "height": 256, "chars": ["\ue027"]},
	{"type": "bitmap", "file": "font/inventory/vault/icon_select.png", "ascent": 31, "height": 256, "chars": ["\ue028"]},

	{"type": "bitmap", "file": "font/inventory/storage/lost.png", "ascent": 31, "height": 256, "chars": ["\ue029"]},
	{"type": "bitmap", "file": "font/inventory/storage/shop.png", "ascent": 31, "height": 256, "chars": ["\ue02a"]},
	{"type": "bitmap", "file": "font/inventory/storage/auction.png", "ascent": 31, "height": 256, "chars": ["\ue02b"]},
	
	{"type": "bitmap", "file": "font/inventory/pokedex/main.png", "ascent": 31, "height": 256, "chars": ["\ue02c"]},
	
	{"type": "bitmap", "file": "font/inventory/spinner/main.png", "ascent": 31, "height": 256, "chars": ["\ue02d"]},
	{"type": "bitmap", "file": "font/inventory/spinner/pokemon.png", "ascent": 31, "height": 256, "chars": ["\ue02e"]},
	
	{"type": "bitmap", "file": "font/inventory/pc/main.png", "ascent": 31, "height": 256, "chars": ["\ue02f"]},
	
	{"type": "bitmap", "file": "font/inventory/confirmation/main.png", "ascent": 31, "height": 256, "chars": ["\ue030"]},
	
	{"type": "bitmap", "file": "font/inventory/xpshop/main.png", "ascent": 31, "height": 256, "chars": ["\ue031"]},
	{"type": "bitmap", "file": "font/inventory/xpshop/buy_and_sell.png", "ascent": 31, "height": 256, "chars": ["\ue032"]},

	{"type": "bitmap", "file": "font/inventory/karma_shop/main.png", "ascent": 31, "height": 256, "chars": ["\ue033"]},
	{"type": "bitmap", "file": "font/inventory/karma_shop/buy_and_sell.png", "ascent": 31, "height": 256, "chars": ["\ue034"]},
	
	{"type": "bitmap", "file": "font/inventory/crate/preview.png", "ascent": 31, "height": 256, "chars": ["\ue035"]},
	{"type": "bitmap", "file": "font/inventory/crate/1_slot.png", "ascent": 31, "height": 256, "chars": ["\ue036"]},
	{"type": "bitmap", "file": "font/inventory/crate/5_slot.png", "ascent": 31, "height": 256, "chars": ["\ue037"]},

	{"type": "bitmap", "file": "font/inventory/gem_shop/main.png", "ascent": 31, "height": 256, "chars": ["\ue038"]},
	{"type": "bitmap", "file": "font/inventory/gem_shop/crates.png", "ascent": 31, "height": 256, "chars": ["\ue039"]},

	{"type": "bitmap", "file": "font/inventory/cosmetic/main.png", "ascent": 31, "height": 256, "chars": ["\ue03a"]}
]}