{
  "providers":[
    {
      "type":"bitmap",
      "file":"font/minecraft_custom/mana.png",
      "ascent":8,
      "height":9,
      "chars":[
        "\ue000"
      ]
    },
    {
      "type":"bitmap",
      "file":"font/minecraft_custom/experience_orb.png",
      "ascent":8,
      "height":9,
      "chars":[
        "\ue001"
      ]
    },
    {
      "type":"bitmap",
      "file":"font/minecraft_custom/heart.png",
      "ascent":8,
      "height":9,
      "chars":[
        "\ue002"
      ]
    }
  ]
}