{"providers": [{"type": "bitmap", "file": "font/minecraft_item/acacia_boat.png", "ascent": 8, "height": 9, "chars": ["\ue000"]}, {"type": "bitmap", "file": "font/minecraft_item/acacia_door.png", "ascent": 8, "height": 9, "chars": ["\ue001"]}, {"type": "bitmap", "file": "font/minecraft_item/acacia_sign.png", "ascent": 8, "height": 9, "chars": ["\ue002"]}, {"type": "bitmap", "file": "font/minecraft_item/amethyst_shard.png", "ascent": 8, "height": 9, "chars": ["\ue003"]}, {"type": "bitmap", "file": "font/minecraft_item/apple.png", "ascent": 8, "height": 9, "chars": ["\ue004"]}, {"type": "bitmap", "file": "font/minecraft_item/armor_stand.png", "ascent": 8, "height": 9, "chars": ["\ue005"]}, {"type": "bitmap", "file": "font/minecraft_item/arrow.png", "ascent": 8, "height": 9, "chars": ["\ue006"]}, {"type": "bitmap", "file": "font/minecraft_item/axolotl_bucket.png", "ascent": 8, "height": 9, "chars": ["\ue007"]}, {"type": "bitmap", "file": "font/minecraft_item/baked_potato.png", "ascent": 8, "height": 9, "chars": ["\ue008"]}, {"type": "bitmap", "file": "font/minecraft_item/bamboo.png", "ascent": 8, "height": 9, "chars": ["\ue009"]}, {"type": "bitmap", "file": "font/minecraft_item/barrier.png", "ascent": 8, "height": 9, "chars": ["\ue00a"]}, {"type": "bitmap", "file": "font/minecraft_item/beef.png", "ascent": 8, "height": 9, "chars": ["\ue00b"]}, {"type": "bitmap", "file": "font/minecraft_item/beetroot.png", "ascent": 8, "height": 9, "chars": ["\ue00c"]}, {"type": "bitmap", "file": "font/minecraft_item/beetroot_seeds.png", "ascent": 8, "height": 9, "chars": ["\ue00d"]}, {"type": "bitmap", "file": "font/minecraft_item/beetroot_soup.png", "ascent": 8, "height": 9, "chars": ["\ue00e"]}, {"type": "bitmap", "file": "font/minecraft_item/bell.png", "ascent": 8, "height": 9, "chars": ["\ue00f"]}, {"type": "bitmap", "file": "font/minecraft_item/birch_boat.png", "ascent": 8, "height": 9, "chars": ["\ue010"]}, {"type": "bitmap", "file": "font/minecraft_item/birch_door.png", "ascent": 8, "height": 9, "chars": ["\ue011"]}, {"type": "bitmap", "file": "font/minecraft_item/birch_sign.png", "ascent": 8, "height": 9, "chars": ["\ue012"]}, {"type": "bitmap", "file": "font/minecraft_item/black_candle.png", "ascent": 8, "height": 9, "chars": ["\ue013"]}, {"type": "bitmap", "file": "font/minecraft_item/black_dye.png", "ascent": 8, "height": 9, "chars": ["\ue014"]}, {"type": "bitmap", "file": "font/minecraft_item/blaze_powder.png", "ascent": 8, "height": 9, "chars": ["\ue015"]}, {"type": "bitmap", "file": "font/minecraft_item/blaze_rod.png", "ascent": 8, "height": 9, "chars": ["\ue016"]}, {"type": "bitmap", "file": "font/minecraft_item/blue_candle.png", "ascent": 8, "height": 9, "chars": ["\ue017"]}, {"type": "bitmap", "file": "font/minecraft_item/blue_dye.png", "ascent": 8, "height": 9, "chars": ["\ue018"]}, {"type": "bitmap", "file": "font/minecraft_item/bone.png", "ascent": 8, "height": 9, "chars": ["\ue019"]}, {"type": "bitmap", "file": "font/minecraft_item/bone_meal.png", "ascent": 8, "height": 9, "chars": ["\ue01a"]}, {"type": "bitmap", "file": "font/minecraft_item/book.png", "ascent": 8, "height": 9, "chars": ["\ue01b"]}, {"type": "bitmap", "file": "font/minecraft_item/bow.png", "ascent": 8, "height": 9, "chars": ["\ue01c"]}, {"type": "bitmap", "file": "font/minecraft_item/bowl.png", "ascent": 8, "height": 9, "chars": ["\ue01d"]}, {"type": "bitmap", "file": "font/minecraft_item/bow_pulling_0.png", "ascent": 8, "height": 9, "chars": ["\ue01e"]}, {"type": "bitmap", "file": "font/minecraft_item/bow_pulling_1.png", "ascent": 8, "height": 9, "chars": ["\ue01f"]}, {"type": "bitmap", "file": "font/minecraft_item/bow_pulling_2.png", "ascent": 8, "height": 9, "chars": ["\ue020"]}, {"type": "bitmap", "file": "font/minecraft_item/bread.png", "ascent": 8, "height": 9, "chars": ["\ue021"]}, {"type": "bitmap", "file": "font/minecraft_item/brewing_stand.png", "ascent": 8, "height": 9, "chars": ["\ue022"]}, {"type": "bitmap", "file": "font/minecraft_item/brick.png", "ascent": 8, "height": 9, "chars": ["\ue023"]}, {"type": "bitmap", "file": "font/minecraft_item/broken_elytra.png", "ascent": 8, "height": 9, "chars": ["\ue024"]}, {"type": "bitmap", "file": "font/minecraft_item/brown_candle.png", "ascent": 8, "height": 9, "chars": ["\ue025"]}, {"type": "bitmap", "file": "font/minecraft_item/brown_dye.png", "ascent": 8, "height": 9, "chars": ["\ue026"]}, {"type": "bitmap", "file": "font/minecraft_item/bucket.png", "ascent": 8, "height": 9, "chars": ["\ue027"]}, {"type": "bitmap", "file": "font/minecraft_item/bundle.png", "ascent": 8, "height": 9, "chars": ["\ue028"]}, {"type": "bitmap", "file": "font/minecraft_item/bundle_filled.png", "ascent": 8, "height": 9, "chars": ["\ue029"]}, {"type": "bitmap", "file": "font/minecraft_item/cake.png", "ascent": 8, "height": 9, "chars": ["\ue02a"]}, {"type": "bitmap", "file": "font/minecraft_item/campfire.png", "ascent": 8, "height": 9, "chars": ["\ue02b"]}, {"type": "bitmap", "file": "font/minecraft_item/candle.png", "ascent": 8, "height": 9, "chars": ["\ue02c"]}, {"type": "bitmap", "file": "font/minecraft_item/carrot.png", "ascent": 8, "height": 9, "chars": ["\ue02d"]}, {"type": "bitmap", "file": "font/minecraft_item/carrot_on_a_stick.png", "ascent": 8, "height": 9, "chars": ["\ue02e"]}, {"type": "bitmap", "file": "font/minecraft_item/cauldron.png", "ascent": 8, "height": 9, "chars": ["\ue02f"]}, {"type": "bitmap", "file": "font/minecraft_item/chain.png", "ascent": 8, "height": 9, "chars": ["\ue030"]}, {"type": "bitmap", "file": "font/minecraft_item/chainmail_boots.png", "ascent": 8, "height": 9, "chars": ["\ue031"]}, {"type": "bitmap", "file": "font/minecraft_item/chainmail_chestplate.png", "ascent": 8, "height": 9, "chars": ["\ue032"]}, {"type": "bitmap", "file": "font/minecraft_item/chainmail_helmet.png", "ascent": 8, "height": 9, "chars": ["\ue033"]}, {"type": "bitmap", "file": "font/minecraft_item/chainmail_leggings.png", "ascent": 8, "height": 9, "chars": ["\ue034"]}, {"type": "bitmap", "file": "font/minecraft_item/charcoal.png", "ascent": 8, "height": 9, "chars": ["\ue035"]}, {"type": "bitmap", "file": "font/minecraft_item/chest_minecart.png", "ascent": 8, "height": 9, "chars": ["\ue036"]}, {"type": "bitmap", "file": "font/minecraft_item/chicken.png", "ascent": 8, "height": 9, "chars": ["\ue037"]}, {"type": "bitmap", "file": "font/minecraft_item/chorus_fruit.png", "ascent": 8, "height": 9, "chars": ["\ue038"]}, {"type": "bitmap", "file": "font/minecraft_item/clay_ball.png", "ascent": 8, "height": 9, "chars": ["\ue039"]}, {"type": "bitmap", "file": "font/minecraft_item/clock_00.png", "ascent": 8, "height": 9, "chars": ["\ue03a"]}, {"type": "bitmap", "file": "font/minecraft_item/clock_01.png", "ascent": 8, "height": 9, "chars": ["\ue03b"]}, {"type": "bitmap", "file": "font/minecraft_item/clock_02.png", "ascent": 8, "height": 9, "chars": ["\ue03c"]}, {"type": "bitmap", "file": "font/minecraft_item/clock_03.png", "ascent": 8, "height": 9, "chars": ["\ue03d"]}, {"type": "bitmap", "file": "font/minecraft_item/clock_04.png", "ascent": 8, "height": 9, "chars": ["\ue03e"]}, {"type": "bitmap", "file": "font/minecraft_item/clock_05.png", "ascent": 8, "height": 9, "chars": ["\ue03f"]}, {"type": "bitmap", "file": "font/minecraft_item/clock_06.png", "ascent": 8, "height": 9, "chars": ["\ue040"]}, {"type": "bitmap", "file": "font/minecraft_item/clock_07.png", "ascent": 8, "height": 9, "chars": ["\ue041"]}, {"type": "bitmap", "file": "font/minecraft_item/clock_08.png", "ascent": 8, "height": 9, "chars": ["\ue042"]}, {"type": "bitmap", "file": "font/minecraft_item/clock_09.png", "ascent": 8, "height": 9, "chars": ["\ue043"]}, {"type": "bitmap", "file": "font/minecraft_item/clock_10.png", "ascent": 8, "height": 9, "chars": ["\ue044"]}, {"type": "bitmap", "file": "font/minecraft_item/clock_11.png", "ascent": 8, "height": 9, "chars": ["\ue045"]}, {"type": "bitmap", "file": "font/minecraft_item/clock_12.png", "ascent": 8, "height": 9, "chars": ["\ue046"]}, {"type": "bitmap", "file": "font/minecraft_item/clock_13.png", "ascent": 8, "height": 9, "chars": ["\ue047"]}, {"type": "bitmap", "file": "font/minecraft_item/clock_14.png", "ascent": 8, "height": 9, "chars": ["\ue048"]}, {"type": "bitmap", "file": "font/minecraft_item/clock_15.png", "ascent": 8, "height": 9, "chars": ["\ue049"]}, {"type": "bitmap", "file": "font/minecraft_item/clock_16.png", "ascent": 8, "height": 9, "chars": ["\ue04a"]}, {"type": "bitmap", "file": "font/minecraft_item/clock_17.png", "ascent": 8, "height": 9, "chars": ["\ue04b"]}, {"type": "bitmap", "file": "font/minecraft_item/clock_18.png", "ascent": 8, "height": 9, "chars": ["\ue04c"]}, {"type": "bitmap", "file": "font/minecraft_item/clock_19.png", "ascent": 8, "height": 9, "chars": ["\ue04d"]}, {"type": "bitmap", "file": "font/minecraft_item/clock_20.png", "ascent": 8, "height": 9, "chars": ["\ue04e"]}, {"type": "bitmap", "file": "font/minecraft_item/clock_21.png", "ascent": 8, "height": 9, "chars": ["\ue04f"]}, {"type": "bitmap", "file": "font/minecraft_item/clock_22.png", "ascent": 8, "height": 9, "chars": ["\ue050"]}, {"type": "bitmap", "file": "font/minecraft_item/clock_23.png", "ascent": 8, "height": 9, "chars": ["\ue051"]}, {"type": "bitmap", "file": "font/minecraft_item/clock_24.png", "ascent": 8, "height": 9, "chars": ["\ue052"]}, {"type": "bitmap", "file": "font/minecraft_item/clock_25.png", "ascent": 8, "height": 9, "chars": ["\ue053"]}, {"type": "bitmap", "file": "font/minecraft_item/clock_26.png", "ascent": 8, "height": 9, "chars": ["\ue054"]}, {"type": "bitmap", "file": "font/minecraft_item/clock_27.png", "ascent": 8, "height": 9, "chars": ["\ue055"]}, {"type": "bitmap", "file": "font/minecraft_item/clock_28.png", "ascent": 8, "height": 9, "chars": ["\ue056"]}, {"type": "bitmap", "file": "font/minecraft_item/clock_29.png", "ascent": 8, "height": 9, "chars": ["\ue057"]}, {"type": "bitmap", "file": "font/minecraft_item/clock_30.png", "ascent": 8, "height": 9, "chars": ["\ue058"]}, {"type": "bitmap", "file": "font/minecraft_item/clock_31.png", "ascent": 8, "height": 9, "chars": ["\ue059"]}, {"type": "bitmap", "file": "font/minecraft_item/clock_32.png", "ascent": 8, "height": 9, "chars": ["\ue05a"]}, {"type": "bitmap", "file": "font/minecraft_item/clock_33.png", "ascent": 8, "height": 9, "chars": ["\ue05b"]}, {"type": "bitmap", "file": "font/minecraft_item/clock_34.png", "ascent": 8, "height": 9, "chars": ["\ue05c"]}, {"type": "bitmap", "file": "font/minecraft_item/clock_35.png", "ascent": 8, "height": 9, "chars": ["\ue05d"]}, {"type": "bitmap", "file": "font/minecraft_item/clock_36.png", "ascent": 8, "height": 9, "chars": ["\ue05e"]}, {"type": "bitmap", "file": "font/minecraft_item/clock_37.png", "ascent": 8, "height": 9, "chars": ["\ue05f"]}, {"type": "bitmap", "file": "font/minecraft_item/clock_38.png", "ascent": 8, "height": 9, "chars": ["\ue060"]}, {"type": "bitmap", "file": "font/minecraft_item/clock_39.png", "ascent": 8, "height": 9, "chars": ["\ue061"]}, {"type": "bitmap", "file": "font/minecraft_item/clock_40.png", "ascent": 8, "height": 9, "chars": ["\ue062"]}, {"type": "bitmap", "file": "font/minecraft_item/clock_41.png", "ascent": 8, "height": 9, "chars": ["\ue063"]}, {"type": "bitmap", "file": "font/minecraft_item/clock_42.png", "ascent": 8, "height": 9, "chars": ["\ue064"]}, {"type": "bitmap", "file": "font/minecraft_item/clock_43.png", "ascent": 8, "height": 9, "chars": ["\ue065"]}, {"type": "bitmap", "file": "font/minecraft_item/clock_44.png", "ascent": 8, "height": 9, "chars": ["\ue066"]}, {"type": "bitmap", "file": "font/minecraft_item/clock_45.png", "ascent": 8, "height": 9, "chars": ["\ue067"]}, {"type": "bitmap", "file": "font/minecraft_item/clock_46.png", "ascent": 8, "height": 9, "chars": ["\ue068"]}, {"type": "bitmap", "file": "font/minecraft_item/clock_47.png", "ascent": 8, "height": 9, "chars": ["\ue069"]}, {"type": "bitmap", "file": "font/minecraft_item/clock_48.png", "ascent": 8, "height": 9, "chars": ["\ue06a"]}, {"type": "bitmap", "file": "font/minecraft_item/clock_49.png", "ascent": 8, "height": 9, "chars": ["\ue06b"]}, {"type": "bitmap", "file": "font/minecraft_item/clock_50.png", "ascent": 8, "height": 9, "chars": ["\ue06c"]}, {"type": "bitmap", "file": "font/minecraft_item/clock_51.png", "ascent": 8, "height": 9, "chars": ["\ue06d"]}, {"type": "bitmap", "file": "font/minecraft_item/clock_52.png", "ascent": 8, "height": 9, "chars": ["\ue06e"]}, {"type": "bitmap", "file": "font/minecraft_item/clock_53.png", "ascent": 8, "height": 9, "chars": ["\ue06f"]}, {"type": "bitmap", "file": "font/minecraft_item/clock_54.png", "ascent": 8, "height": 9, "chars": ["\ue070"]}, {"type": "bitmap", "file": "font/minecraft_item/clock_55.png", "ascent": 8, "height": 9, "chars": ["\ue071"]}, {"type": "bitmap", "file": "font/minecraft_item/clock_56.png", "ascent": 8, "height": 9, "chars": ["\ue072"]}, {"type": "bitmap", "file": "font/minecraft_item/clock_57.png", "ascent": 8, "height": 9, "chars": ["\ue073"]}, {"type": "bitmap", "file": "font/minecraft_item/clock_58.png", "ascent": 8, "height": 9, "chars": ["\ue074"]}, {"type": "bitmap", "file": "font/minecraft_item/clock_59.png", "ascent": 8, "height": 9, "chars": ["\ue075"]}, {"type": "bitmap", "file": "font/minecraft_item/clock_60.png", "ascent": 8, "height": 9, "chars": ["\ue076"]}, {"type": "bitmap", "file": "font/minecraft_item/clock_61.png", "ascent": 8, "height": 9, "chars": ["\ue077"]}, {"type": "bitmap", "file": "font/minecraft_item/clock_62.png", "ascent": 8, "height": 9, "chars": ["\ue078"]}, {"type": "bitmap", "file": "font/minecraft_item/clock_63.png", "ascent": 8, "height": 9, "chars": ["\ue079"]}, {"type": "bitmap", "file": "font/minecraft_item/coal.png", "ascent": 8, "height": 9, "chars": ["\ue07a"]}, {"type": "bitmap", "file": "font/minecraft_item/cocoa_beans.png", "ascent": 8, "height": 9, "chars": ["\ue07b"]}, {"type": "bitmap", "file": "font/minecraft_item/cod.png", "ascent": 8, "height": 9, "chars": ["\ue07c"]}, {"type": "bitmap", "file": "font/minecraft_item/cod_bucket.png", "ascent": 8, "height": 9, "chars": ["\ue07d"]}, {"type": "bitmap", "file": "font/minecraft_item/command_block_minecart.png", "ascent": 8, "height": 9, "chars": ["\ue07e"]}, {"type": "bitmap", "file": "font/minecraft_item/comparator.png", "ascent": 8, "height": 9, "chars": ["\ue07f"]}, {"type": "bitmap", "file": "font/minecraft_item/compass_00.png", "ascent": 8, "height": 9, "chars": ["\ue080"]}, {"type": "bitmap", "file": "font/minecraft_item/compass_01.png", "ascent": 8, "height": 9, "chars": ["\ue081"]}, {"type": "bitmap", "file": "font/minecraft_item/compass_02.png", "ascent": 8, "height": 9, "chars": ["\ue082"]}, {"type": "bitmap", "file": "font/minecraft_item/compass_03.png", "ascent": 8, "height": 9, "chars": ["\ue083"]}, {"type": "bitmap", "file": "font/minecraft_item/compass_04.png", "ascent": 8, "height": 9, "chars": ["\ue084"]}, {"type": "bitmap", "file": "font/minecraft_item/compass_05.png", "ascent": 8, "height": 9, "chars": ["\ue085"]}, {"type": "bitmap", "file": "font/minecraft_item/compass_06.png", "ascent": 8, "height": 9, "chars": ["\ue086"]}, {"type": "bitmap", "file": "font/minecraft_item/compass_07.png", "ascent": 8, "height": 9, "chars": ["\ue087"]}, {"type": "bitmap", "file": "font/minecraft_item/compass_08.png", "ascent": 8, "height": 9, "chars": ["\ue088"]}, {"type": "bitmap", "file": "font/minecraft_item/compass_09.png", "ascent": 8, "height": 9, "chars": ["\ue089"]}, {"type": "bitmap", "file": "font/minecraft_item/compass_10.png", "ascent": 8, "height": 9, "chars": ["\ue08a"]}, {"type": "bitmap", "file": "font/minecraft_item/compass_11.png", "ascent": 8, "height": 9, "chars": ["\ue08b"]}, {"type": "bitmap", "file": "font/minecraft_item/compass_12.png", "ascent": 8, "height": 9, "chars": ["\ue08c"]}, {"type": "bitmap", "file": "font/minecraft_item/compass_13.png", "ascent": 8, "height": 9, "chars": ["\ue08d"]}, {"type": "bitmap", "file": "font/minecraft_item/compass_14.png", "ascent": 8, "height": 9, "chars": ["\ue08e"]}, {"type": "bitmap", "file": "font/minecraft_item/compass_15.png", "ascent": 8, "height": 9, "chars": ["\ue08f"]}, {"type": "bitmap", "file": "font/minecraft_item/compass_16.png", "ascent": 8, "height": 9, "chars": ["\ue090"]}, {"type": "bitmap", "file": "font/minecraft_item/compass_17.png", "ascent": 8, "height": 9, "chars": ["\ue091"]}, {"type": "bitmap", "file": "font/minecraft_item/compass_18.png", "ascent": 8, "height": 9, "chars": ["\ue092"]}, {"type": "bitmap", "file": "font/minecraft_item/compass_19.png", "ascent": 8, "height": 9, "chars": ["\ue093"]}, {"type": "bitmap", "file": "font/minecraft_item/compass_20.png", "ascent": 8, "height": 9, "chars": ["\ue094"]}, {"type": "bitmap", "file": "font/minecraft_item/compass_21.png", "ascent": 8, "height": 9, "chars": ["\ue095"]}, {"type": "bitmap", "file": "font/minecraft_item/compass_22.png", "ascent": 8, "height": 9, "chars": ["\ue096"]}, {"type": "bitmap", "file": "font/minecraft_item/compass_23.png", "ascent": 8, "height": 9, "chars": ["\ue097"]}, {"type": "bitmap", "file": "font/minecraft_item/compass_24.png", "ascent": 8, "height": 9, "chars": ["\ue098"]}, {"type": "bitmap", "file": "font/minecraft_item/compass_25.png", "ascent": 8, "height": 9, "chars": ["\ue099"]}, {"type": "bitmap", "file": "font/minecraft_item/compass_26.png", "ascent": 8, "height": 9, "chars": ["\ue09a"]}, {"type": "bitmap", "file": "font/minecraft_item/compass_27.png", "ascent": 8, "height": 9, "chars": ["\ue09b"]}, {"type": "bitmap", "file": "font/minecraft_item/compass_28.png", "ascent": 8, "height": 9, "chars": ["\ue09c"]}, {"type": "bitmap", "file": "font/minecraft_item/compass_29.png", "ascent": 8, "height": 9, "chars": ["\ue09d"]}, {"type": "bitmap", "file": "font/minecraft_item/compass_30.png", "ascent": 8, "height": 9, "chars": ["\ue09e"]}, {"type": "bitmap", "file": "font/minecraft_item/compass_31.png", "ascent": 8, "height": 9, "chars": ["\ue09f"]}, {"type": "bitmap", "file": "font/minecraft_item/cooked_beef.png", "ascent": 8, "height": 9, "chars": ["\ue0a0"]}, {"type": "bitmap", "file": "font/minecraft_item/cooked_chicken.png", "ascent": 8, "height": 9, "chars": ["\ue0a1"]}, {"type": "bitmap", "file": "font/minecraft_item/cooked_cod.png", "ascent": 8, "height": 9, "chars": ["\ue0a2"]}, {"type": "bitmap", "file": "font/minecraft_item/cooked_mutton.png", "ascent": 8, "height": 9, "chars": ["\ue0a3"]}, {"type": "bitmap", "file": "font/minecraft_item/cooked_porkchop.png", "ascent": 8, "height": 9, "chars": ["\ue0a4"]}, {"type": "bitmap", "file": "font/minecraft_item/cooked_rabbit.png", "ascent": 8, "height": 9, "chars": ["\ue0a5"]}, {"type": "bitmap", "file": "font/minecraft_item/cooked_salmon.png", "ascent": 8, "height": 9, "chars": ["\ue0a6"]}, {"type": "bitmap", "file": "font/minecraft_item/cookie.png", "ascent": 8, "height": 9, "chars": ["\ue0a7"]}, {"type": "bitmap", "file": "font/minecraft_item/copper_ingot.png", "ascent": 8, "height": 9, "chars": ["\ue0a8"]}, {"type": "bitmap", "file": "font/minecraft_item/creeper_banner_pattern.png", "ascent": 8, "height": 9, "chars": ["\ue0a9"]}, {"type": "bitmap", "file": "font/minecraft_item/crimson_door.png", "ascent": 8, "height": 9, "chars": ["\ue0aa"]}, {"type": "bitmap", "file": "font/minecraft_item/crimson_sign.png", "ascent": 8, "height": 9, "chars": ["\ue0ab"]}, {"type": "bitmap", "file": "font/minecraft_item/crossbow_arrow.png", "ascent": 8, "height": 9, "chars": ["\ue0ac"]}, {"type": "bitmap", "file": "font/minecraft_item/crossbow_firework.png", "ascent": 8, "height": 9, "chars": ["\ue0ad"]}, {"type": "bitmap", "file": "font/minecraft_item/crossbow_pulling_0.png", "ascent": 8, "height": 9, "chars": ["\ue0ae"]}, {"type": "bitmap", "file": "font/minecraft_item/crossbow_pulling_1.png", "ascent": 8, "height": 9, "chars": ["\ue0af"]}, {"type": "bitmap", "file": "font/minecraft_item/crossbow_pulling_2.png", "ascent": 8, "height": 9, "chars": ["\ue0b0"]}, {"type": "bitmap", "file": "font/minecraft_item/crossbow_standby.png", "ascent": 8, "height": 9, "chars": ["\ue0b1"]}, {"type": "bitmap", "file": "font/minecraft_item/cyan_candle.png", "ascent": 8, "height": 9, "chars": ["\ue0b2"]}, {"type": "bitmap", "file": "font/minecraft_item/cyan_dye.png", "ascent": 8, "height": 9, "chars": ["\ue0b3"]}, {"type": "bitmap", "file": "font/minecraft_item/dark_oak_boat.png", "ascent": 8, "height": 9, "chars": ["\ue0b4"]}, {"type": "bitmap", "file": "font/minecraft_item/dark_oak_door.png", "ascent": 8, "height": 9, "chars": ["\ue0b5"]}, {"type": "bitmap", "file": "font/minecraft_item/dark_oak_sign.png", "ascent": 8, "height": 9, "chars": ["\ue0b6"]}, {"type": "bitmap", "file": "font/minecraft_item/diamond.png", "ascent": 8, "height": 9, "chars": ["\ue0b7"]}, {"type": "bitmap", "file": "font/minecraft_item/diamond_axe.png", "ascent": 8, "height": 9, "chars": ["\ue0b8"]}, {"type": "bitmap", "file": "font/minecraft_item/diamond_boots.png", "ascent": 8, "height": 9, "chars": ["\ue0b9"]}, {"type": "bitmap", "file": "font/minecraft_item/diamond_chestplate.png", "ascent": 8, "height": 9, "chars": ["\ue0ba"]}, {"type": "bitmap", "file": "font/minecraft_item/diamond_helmet.png", "ascent": 8, "height": 9, "chars": ["\ue0bb"]}, {"type": "bitmap", "file": "font/minecraft_item/diamond_hoe.png", "ascent": 8, "height": 9, "chars": ["\ue0bc"]}, {"type": "bitmap", "file": "font/minecraft_item/diamond_horse_armor.png", "ascent": 8, "height": 9, "chars": ["\ue0bd"]}, {"type": "bitmap", "file": "font/minecraft_item/diamond_leggings.png", "ascent": 8, "height": 9, "chars": ["\ue0be"]}, {"type": "bitmap", "file": "font/minecraft_item/diamond_pickaxe.png", "ascent": 8, "height": 9, "chars": ["\ue0bf"]}, {"type": "bitmap", "file": "font/minecraft_item/diamond_shovel.png", "ascent": 8, "height": 9, "chars": ["\ue0c0"]}, {"type": "bitmap", "file": "font/minecraft_item/diamond_sword.png", "ascent": 8, "height": 9, "chars": ["\ue0c1"]}, {"type": "bitmap", "file": "font/minecraft_item/dragon_breath.png", "ascent": 8, "height": 9, "chars": ["\ue0c2"]}, {"type": "bitmap", "file": "font/minecraft_item/dried_kelp.png", "ascent": 8, "height": 9, "chars": ["\ue0c3"]}, {"type": "bitmap", "file": "font/minecraft_item/egg.png", "ascent": 8, "height": 9, "chars": ["\ue0c4"]}, {"type": "bitmap", "file": "font/minecraft_item/elytra.png", "ascent": 8, "height": 9, "chars": ["\ue0c5"]}, {"type": "bitmap", "file": "font/minecraft_item/emerald.png", "ascent": 8, "height": 9, "chars": ["\ue0c6"]}, {"type": "bitmap", "file": "font/minecraft_item/empty_armor_slot_boots.png", "ascent": 8, "height": 9, "chars": ["\ue0c7"]}, {"type": "bitmap", "file": "font/minecraft_item/empty_armor_slot_chestplate.png", "ascent": 8, "height": 9, "chars": ["\ue0c8"]}, {"type": "bitmap", "file": "font/minecraft_item/empty_armor_slot_helmet.png", "ascent": 8, "height": 9, "chars": ["\ue0c9"]}, {"type": "bitmap", "file": "font/minecraft_item/empty_armor_slot_leggings.png", "ascent": 8, "height": 9, "chars": ["\ue0ca"]}, {"type": "bitmap", "file": "font/minecraft_item/empty_armor_slot_shield.png", "ascent": 8, "height": 9, "chars": ["\ue0cb"]}, {"type": "bitmap", "file": "font/minecraft_item/enchanted_book.png", "ascent": 8, "height": 9, "chars": ["\ue0cc"]}, {"type": "bitmap", "file": "font/minecraft_item/ender_eye.png", "ascent": 8, "height": 9, "chars": ["\ue0cd"]}, {"type": "bitmap", "file": "font/minecraft_item/ender_pearl.png", "ascent": 8, "height": 9, "chars": ["\ue0ce"]}, {"type": "bitmap", "file": "font/minecraft_item/end_crystal.png", "ascent": 8, "height": 9, "chars": ["\ue0cf"]}, {"type": "bitmap", "file": "font/minecraft_item/experience_bottle.png", "ascent": 8, "height": 9, "chars": ["\ue0d0"]}, {"type": "bitmap", "file": "font/minecraft_item/feather.png", "ascent": 8, "height": 9, "chars": ["\ue0d1"]}, {"type": "bitmap", "file": "font/minecraft_item/fermented_spider_eye.png", "ascent": 8, "height": 9, "chars": ["\ue0d2"]}, {"type": "bitmap", "file": "font/minecraft_item/filled_map.png", "ascent": 8, "height": 9, "chars": ["\ue0d3"]}, {"type": "bitmap", "file": "font/minecraft_item/filled_map_markings.png", "ascent": 8, "height": 9, "chars": ["\ue0d4"]}, {"type": "bitmap", "file": "font/minecraft_item/firework_rocket.png", "ascent": 8, "height": 9, "chars": ["\ue0d5"]}, {"type": "bitmap", "file": "font/minecraft_item/firework_star.png", "ascent": 8, "height": 9, "chars": ["\ue0d6"]}, {"type": "bitmap", "file": "font/minecraft_item/firework_star_overlay.png", "ascent": 8, "height": 9, "chars": ["\ue0d7"]}, {"type": "bitmap", "file": "font/minecraft_item/fire_charge.png", "ascent": 8, "height": 9, "chars": ["\ue0d8"]}, {"type": "bitmap", "file": "font/minecraft_item/fishing_rod.png", "ascent": 8, "height": 9, "chars": ["\ue0d9"]}, {"type": "bitmap", "file": "font/minecraft_item/fishing_rod_cast.png", "ascent": 8, "height": 9, "chars": ["\ue0da"]}, {"type": "bitmap", "file": "font/minecraft_item/flint.png", "ascent": 8, "height": 9, "chars": ["\ue0db"]}, {"type": "bitmap", "file": "font/minecraft_item/flint_and_steel.png", "ascent": 8, "height": 9, "chars": ["\ue0dc"]}, {"type": "bitmap", "file": "font/minecraft_item/flower_banner_pattern.png", "ascent": 8, "height": 9, "chars": ["\ue0dd"]}, {"type": "bitmap", "file": "font/minecraft_item/flower_pot.png", "ascent": 8, "height": 9, "chars": ["\ue0de"]}, {"type": "bitmap", "file": "font/minecraft_item/furnace_minecart.png", "ascent": 8, "height": 9, "chars": ["\ue0df"]}, {"type": "bitmap", "file": "font/minecraft_item/ghast_tear.png", "ascent": 8, "height": 9, "chars": ["\ue0e0"]}, {"type": "bitmap", "file": "font/minecraft_item/glass_bottle.png", "ascent": 8, "height": 9, "chars": ["\ue0e1"]}, {"type": "bitmap", "file": "font/minecraft_item/glistering_melon_slice.png", "ascent": 8, "height": 9, "chars": ["\ue0e2"]}, {"type": "bitmap", "file": "font/minecraft_item/globe_banner_pattern.png", "ascent": 8, "height": 9, "chars": ["\ue0e3"]}, {"type": "bitmap", "file": "font/minecraft_item/glowstone_dust.png", "ascent": 8, "height": 9, "chars": ["\ue0e4"]}, {"type": "bitmap", "file": "font/minecraft_item/glow_berries.png", "ascent": 8, "height": 9, "chars": ["\ue0e5"]}, {"type": "bitmap", "file": "font/minecraft_item/glow_ink_sac.png", "ascent": 8, "height": 9, "chars": ["\ue0e6"]}, {"type": "bitmap", "file": "font/minecraft_item/glow_item_frame.png", "ascent": 8, "height": 9, "chars": ["\ue0e7"]}, {"type": "bitmap", "file": "font/minecraft_item/golden_apple.png", "ascent": 8, "height": 9, "chars": ["\ue0e8"]}, {"type": "bitmap", "file": "font/minecraft_item/golden_axe.png", "ascent": 8, "height": 9, "chars": ["\ue0e9"]}, {"type": "bitmap", "file": "font/minecraft_item/golden_boots.png", "ascent": 8, "height": 9, "chars": ["\ue0ea"]}, {"type": "bitmap", "file": "font/minecraft_item/golden_carrot.png", "ascent": 8, "height": 9, "chars": ["\ue0eb"]}, {"type": "bitmap", "file": "font/minecraft_item/golden_chestplate.png", "ascent": 8, "height": 9, "chars": ["\ue0ec"]}, {"type": "bitmap", "file": "font/minecraft_item/golden_helmet.png", "ascent": 8, "height": 9, "chars": ["\ue0ed"]}, {"type": "bitmap", "file": "font/minecraft_item/golden_hoe.png", "ascent": 8, "height": 9, "chars": ["\ue0ee"]}, {"type": "bitmap", "file": "font/minecraft_item/golden_horse_armor.png", "ascent": 8, "height": 9, "chars": ["\ue0ef"]}, {"type": "bitmap", "file": "font/minecraft_item/golden_leggings.png", "ascent": 8, "height": 9, "chars": ["\ue0f0"]}, {"type": "bitmap", "file": "font/minecraft_item/golden_pickaxe.png", "ascent": 8, "height": 9, "chars": ["\ue0f1"]}, {"type": "bitmap", "file": "font/minecraft_item/golden_shovel.png", "ascent": 8, "height": 9, "chars": ["\ue0f2"]}, {"type": "bitmap", "file": "font/minecraft_item/golden_sword.png", "ascent": 8, "height": 9, "chars": ["\ue0f3"]}, {"type": "bitmap", "file": "font/minecraft_item/gold_ingot.png", "ascent": 8, "height": 9, "chars": ["\ue0f4"]}, {"type": "bitmap", "file": "font/minecraft_item/gold_nugget.png", "ascent": 8, "height": 9, "chars": ["\ue0f5"]}, {"type": "bitmap", "file": "font/minecraft_item/gray_candle.png", "ascent": 8, "height": 9, "chars": ["\ue0f6"]}, {"type": "bitmap", "file": "font/minecraft_item/gray_dye.png", "ascent": 8, "height": 9, "chars": ["\ue0f7"]}, {"type": "bitmap", "file": "font/minecraft_item/green_candle.png", "ascent": 8, "height": 9, "chars": ["\ue0f8"]}, {"type": "bitmap", "file": "font/minecraft_item/green_dye.png", "ascent": 8, "height": 9, "chars": ["\ue0f9"]}, {"type": "bitmap", "file": "font/minecraft_item/gunpowder.png", "ascent": 8, "height": 9, "chars": ["\ue0fa"]}, {"type": "bitmap", "file": "font/minecraft_item/heart_of_the_sea.png", "ascent": 8, "height": 9, "chars": ["\ue0fb"]}, {"type": "bitmap", "file": "font/minecraft_item/honeycomb.png", "ascent": 8, "height": 9, "chars": ["\ue0fc"]}, {"type": "bitmap", "file": "font/minecraft_item/honey_bottle.png", "ascent": 8, "height": 9, "chars": ["\ue0fd"]}, {"type": "bitmap", "file": "font/minecraft_item/hopper.png", "ascent": 8, "height": 9, "chars": ["\ue0fe"]}, {"type": "bitmap", "file": "font/minecraft_item/hopper_minecart.png", "ascent": 8, "height": 9, "chars": ["\ue0ff"]}, {"type": "bitmap", "file": "font/minecraft_item/ink_sac.png", "ascent": 8, "height": 9, "chars": ["\ue100"]}, {"type": "bitmap", "file": "font/minecraft_item/iron_axe.png", "ascent": 8, "height": 9, "chars": ["\ue101"]}, {"type": "bitmap", "file": "font/minecraft_item/iron_boots.png", "ascent": 8, "height": 9, "chars": ["\ue102"]}, {"type": "bitmap", "file": "font/minecraft_item/iron_chestplate.png", "ascent": 8, "height": 9, "chars": ["\ue103"]}, {"type": "bitmap", "file": "font/minecraft_item/iron_door.png", "ascent": 8, "height": 9, "chars": ["\ue104"]}, {"type": "bitmap", "file": "font/minecraft_item/iron_helmet.png", "ascent": 8, "height": 9, "chars": ["\ue105"]}, {"type": "bitmap", "file": "font/minecraft_item/iron_hoe.png", "ascent": 8, "height": 9, "chars": ["\ue106"]}, {"type": "bitmap", "file": "font/minecraft_item/iron_horse_armor.png", "ascent": 8, "height": 9, "chars": ["\ue107"]}, {"type": "bitmap", "file": "font/minecraft_item/iron_ingot.png", "ascent": 8, "height": 9, "chars": ["\ue108"]}, {"type": "bitmap", "file": "font/minecraft_item/iron_leggings.png", "ascent": 8, "height": 9, "chars": ["\ue109"]}, {"type": "bitmap", "file": "font/minecraft_item/iron_nugget.png", "ascent": 8, "height": 9, "chars": ["\ue10a"]}, {"type": "bitmap", "file": "font/minecraft_item/iron_pickaxe.png", "ascent": 8, "height": 9, "chars": ["\ue10b"]}, {"type": "bitmap", "file": "font/minecraft_item/iron_shovel.png", "ascent": 8, "height": 9, "chars": ["\ue10c"]}, {"type": "bitmap", "file": "font/minecraft_item/iron_sword.png", "ascent": 8, "height": 9, "chars": ["\ue10d"]}, {"type": "bitmap", "file": "font/minecraft_item/item_frame.png", "ascent": 8, "height": 9, "chars": ["\ue10e"]}, {"type": "bitmap", "file": "font/minecraft_item/jungle_boat.png", "ascent": 8, "height": 9, "chars": ["\ue10f"]}, {"type": "bitmap", "file": "font/minecraft_item/jungle_door.png", "ascent": 8, "height": 9, "chars": ["\ue110"]}, {"type": "bitmap", "file": "font/minecraft_item/jungle_sign.png", "ascent": 8, "height": 9, "chars": ["\ue111"]}, {"type": "bitmap", "file": "font/minecraft_item/kelp.png", "ascent": 8, "height": 9, "chars": ["\ue112"]}, {"type": "bitmap", "file": "font/minecraft_item/knowledge_book.png", "ascent": 8, "height": 9, "chars": ["\ue113"]}, {"type": "bitmap", "file": "font/minecraft_item/lantern.png", "ascent": 8, "height": 9, "chars": ["\ue114"]}, {"type": "bitmap", "file": "font/minecraft_item/lapis_lazuli.png", "ascent": 8, "height": 9, "chars": ["\ue115"]}, {"type": "bitmap", "file": "font/minecraft_item/lava_bucket.png", "ascent": 8, "height": 9, "chars": ["\ue116"]}, {"type": "bitmap", "file": "font/minecraft_item/lead.png", "ascent": 8, "height": 9, "chars": ["\ue117"]}, {"type": "bitmap", "file": "font/minecraft_item/leather.png", "ascent": 8, "height": 9, "chars": ["\ue118"]}, {"type": "bitmap", "file": "font/minecraft_item/leather_boots.png", "ascent": 8, "height": 9, "chars": ["\ue119"]}, {"type": "bitmap", "file": "font/minecraft_item/leather_boots_overlay.png", "ascent": 8, "height": 9, "chars": ["\ue11a"]}, {"type": "bitmap", "file": "font/minecraft_item/leather_chestplate.png", "ascent": 8, "height": 9, "chars": ["\ue11b"]}, {"type": "bitmap", "file": "font/minecraft_item/leather_chestplate_overlay.png", "ascent": 8, "height": 9, "chars": ["\ue11c"]}, {"type": "bitmap", "file": "font/minecraft_item/leather_helmet.png", "ascent": 8, "height": 9, "chars": ["\ue11d"]}, {"type": "bitmap", "file": "font/minecraft_item/leather_helmet_overlay.png", "ascent": 8, "height": 9, "chars": ["\ue11e"]}, {"type": "bitmap", "file": "font/minecraft_item/leather_horse_armor.png", "ascent": 8, "height": 9, "chars": ["\ue11f"]}, {"type": "bitmap", "file": "font/minecraft_item/leather_leggings.png", "ascent": 8, "height": 9, "chars": ["\ue120"]}, {"type": "bitmap", "file": "font/minecraft_item/leather_leggings_overlay.png", "ascent": 8, "height": 9, "chars": ["\ue121"]}, {"type": "bitmap", "file": "font/minecraft_item/light.png", "ascent": 8, "height": 9, "chars": ["\ue122"]}, {"type": "bitmap", "file": "font/minecraft_item/light_00.png", "ascent": 8, "height": 9, "chars": ["\ue123"]}, {"type": "bitmap", "file": "font/minecraft_item/light_01.png", "ascent": 8, "height": 9, "chars": ["\ue124"]}, {"type": "bitmap", "file": "font/minecraft_item/light_02.png", "ascent": 8, "height": 9, "chars": ["\ue125"]}, {"type": "bitmap", "file": "font/minecraft_item/light_03.png", "ascent": 8, "height": 9, "chars": ["\ue126"]}, {"type": "bitmap", "file": "font/minecraft_item/light_04.png", "ascent": 8, "height": 9, "chars": ["\ue127"]}, {"type": "bitmap", "file": "font/minecraft_item/light_05.png", "ascent": 8, "height": 9, "chars": ["\ue128"]}, {"type": "bitmap", "file": "font/minecraft_item/light_06.png", "ascent": 8, "height": 9, "chars": ["\ue129"]}, {"type": "bitmap", "file": "font/minecraft_item/light_07.png", "ascent": 8, "height": 9, "chars": ["\ue12a"]}, {"type": "bitmap", "file": "font/minecraft_item/light_08.png", "ascent": 8, "height": 9, "chars": ["\ue12b"]}, {"type": "bitmap", "file": "font/minecraft_item/light_09.png", "ascent": 8, "height": 9, "chars": ["\ue12c"]}, {"type": "bitmap", "file": "font/minecraft_item/light_10.png", "ascent": 8, "height": 9, "chars": ["\ue12d"]}, {"type": "bitmap", "file": "font/minecraft_item/light_11.png", "ascent": 8, "height": 9, "chars": ["\ue12e"]}, {"type": "bitmap", "file": "font/minecraft_item/light_12.png", "ascent": 8, "height": 9, "chars": ["\ue12f"]}, {"type": "bitmap", "file": "font/minecraft_item/light_13.png", "ascent": 8, "height": 9, "chars": ["\ue130"]}, {"type": "bitmap", "file": "font/minecraft_item/light_14.png", "ascent": 8, "height": 9, "chars": ["\ue131"]}, {"type": "bitmap", "file": "font/minecraft_item/light_15.png", "ascent": 8, "height": 9, "chars": ["\ue132"]}, {"type": "bitmap", "file": "font/minecraft_item/light_blue_candle.png", "ascent": 8, "height": 9, "chars": ["\ue133"]}, {"type": "bitmap", "file": "font/minecraft_item/light_blue_dye.png", "ascent": 8, "height": 9, "chars": ["\ue134"]}, {"type": "bitmap", "file": "font/minecraft_item/light_gray_candle.png", "ascent": 8, "height": 9, "chars": ["\ue135"]}, {"type": "bitmap", "file": "font/minecraft_item/light_gray_dye.png", "ascent": 8, "height": 9, "chars": ["\ue136"]}, {"type": "bitmap", "file": "font/minecraft_item/lime_candle.png", "ascent": 8, "height": 9, "chars": ["\ue137"]}, {"type": "bitmap", "file": "font/minecraft_item/lime_dye.png", "ascent": 8, "height": 9, "chars": ["\ue138"]}, {"type": "bitmap", "file": "font/minecraft_item/lingering_potion.png", "ascent": 8, "height": 9, "chars": ["\ue139"]}, {"type": "bitmap", "file": "font/minecraft_item/magenta_candle.png", "ascent": 8, "height": 9, "chars": ["\ue13a"]}, {"type": "bitmap", "file": "font/minecraft_item/magenta_dye.png", "ascent": 8, "height": 9, "chars": ["\ue13b"]}, {"type": "bitmap", "file": "font/minecraft_item/magma_cream.png", "ascent": 8, "height": 9, "chars": ["\ue13c"]}, {"type": "bitmap", "file": "font/minecraft_item/map.png", "ascent": 8, "height": 9, "chars": ["\ue13d"]}, {"type": "bitmap", "file": "font/minecraft_item/melon_seeds.png", "ascent": 8, "height": 9, "chars": ["\ue13e"]}, {"type": "bitmap", "file": "font/minecraft_item/melon_slice.png", "ascent": 8, "height": 9, "chars": ["\ue13f"]}, {"type": "bitmap", "file": "font/minecraft_item/milk_bucket.png", "ascent": 8, "height": 9, "chars": ["\ue140"]}, {"type": "bitmap", "file": "font/minecraft_item/minecart.png", "ascent": 8, "height": 9, "chars": ["\ue141"]}, {"type": "bitmap", "file": "font/minecraft_item/mojang_banner_pattern.png", "ascent": 8, "height": 9, "chars": ["\ue142"]}, {"type": "bitmap", "file": "font/minecraft_item/mushroom_stew.png", "ascent": 8, "height": 9, "chars": ["\ue143"]}, {"type": "bitmap", "file": "font/minecraft_item/music_disc_11.png", "ascent": 8, "height": 9, "chars": ["\ue144"]}, {"type": "bitmap", "file": "font/minecraft_item/music_disc_13.png", "ascent": 8, "height": 9, "chars": ["\ue145"]}, {"type": "bitmap", "file": "font/minecraft_item/music_disc_blocks.png", "ascent": 8, "height": 9, "chars": ["\ue146"]}, {"type": "bitmap", "file": "font/minecraft_item/music_disc_cat.png", "ascent": 8, "height": 9, "chars": ["\ue147"]}, {"type": "bitmap", "file": "font/minecraft_item/music_disc_chirp.png", "ascent": 8, "height": 9, "chars": ["\ue148"]}, {"type": "bitmap", "file": "font/minecraft_item/music_disc_far.png", "ascent": 8, "height": 9, "chars": ["\ue149"]}, {"type": "bitmap", "file": "font/minecraft_item/music_disc_mall.png", "ascent": 8, "height": 9, "chars": ["\ue14a"]}, {"type": "bitmap", "file": "font/minecraft_item/music_disc_mellohi.png", "ascent": 8, "height": 9, "chars": ["\ue14b"]}, {"type": "bitmap", "file": "font/minecraft_item/music_disc_otherside.png", "ascent": 8, "height": 9, "chars": ["\ue14c"]}, {"type": "bitmap", "file": "font/minecraft_item/music_disc_pigstep.png", "ascent": 8, "height": 9, "chars": ["\ue14d"]}, {"type": "bitmap", "file": "font/minecraft_item/music_disc_stal.png", "ascent": 8, "height": 9, "chars": ["\ue14e"]}, {"type": "bitmap", "file": "font/minecraft_item/music_disc_strad.png", "ascent": 8, "height": 9, "chars": ["\ue14f"]}, {"type": "bitmap", "file": "font/minecraft_item/music_disc_wait.png", "ascent": 8, "height": 9, "chars": ["\ue150"]}, {"type": "bitmap", "file": "font/minecraft_item/music_disc_ward.png", "ascent": 8, "height": 9, "chars": ["\ue151"]}, {"type": "bitmap", "file": "font/minecraft_item/mutton.png", "ascent": 8, "height": 9, "chars": ["\ue152"]}, {"type": "bitmap", "file": "font/minecraft_item/name_tag.png", "ascent": 8, "height": 9, "chars": ["\ue153"]}, {"type": "bitmap", "file": "font/minecraft_item/nautilus_shell.png", "ascent": 8, "height": 9, "chars": ["\ue154"]}, {"type": "bitmap", "file": "font/minecraft_item/netherite_axe.png", "ascent": 8, "height": 9, "chars": ["\ue155"]}, {"type": "bitmap", "file": "font/minecraft_item/netherite_boots.png", "ascent": 8, "height": 9, "chars": ["\ue156"]}, {"type": "bitmap", "file": "font/minecraft_item/netherite_chestplate.png", "ascent": 8, "height": 9, "chars": ["\ue157"]}, {"type": "bitmap", "file": "font/minecraft_item/netherite_helmet.png", "ascent": 8, "height": 9, "chars": ["\ue158"]}, {"type": "bitmap", "file": "font/minecraft_item/netherite_hoe.png", "ascent": 8, "height": 9, "chars": ["\ue159"]}, {"type": "bitmap", "file": "font/minecraft_item/netherite_ingot.png", "ascent": 8, "height": 9, "chars": ["\ue15a"]}, {"type": "bitmap", "file": "font/minecraft_item/netherite_leggings.png", "ascent": 8, "height": 9, "chars": ["\ue15b"]}, {"type": "bitmap", "file": "font/minecraft_item/netherite_pickaxe.png", "ascent": 8, "height": 9, "chars": ["\ue15c"]}, {"type": "bitmap", "file": "font/minecraft_item/netherite_scrap.png", "ascent": 8, "height": 9, "chars": ["\ue15d"]}, {"type": "bitmap", "file": "font/minecraft_item/netherite_shovel.png", "ascent": 8, "height": 9, "chars": ["\ue15e"]}, {"type": "bitmap", "file": "font/minecraft_item/netherite_sword.png", "ascent": 8, "height": 9, "chars": ["\ue15f"]}, {"type": "bitmap", "file": "font/minecraft_item/nether_brick.png", "ascent": 8, "height": 9, "chars": ["\ue160"]}, {"type": "bitmap", "file": "font/minecraft_item/nether_sprouts.png", "ascent": 8, "height": 9, "chars": ["\ue161"]}, {"type": "bitmap", "file": "font/minecraft_item/nether_star.png", "ascent": 8, "height": 9, "chars": ["\ue162"]}, {"type": "bitmap", "file": "font/minecraft_item/nether_wart.png", "ascent": 8, "height": 9, "chars": ["\ue163"]}, {"type": "bitmap", "file": "font/minecraft_item/oak_boat.png", "ascent": 8, "height": 9, "chars": ["\ue164"]}, {"type": "bitmap", "file": "font/minecraft_item/oak_door.png", "ascent": 8, "height": 9, "chars": ["\ue165"]}, {"type": "bitmap", "file": "font/minecraft_item/oak_sign.png", "ascent": 8, "height": 9, "chars": ["\ue166"]}, {"type": "bitmap", "file": "font/minecraft_item/orange_candle.png", "ascent": 8, "height": 9, "chars": ["\ue167"]}, {"type": "bitmap", "file": "font/minecraft_item/orange_dye.png", "ascent": 8, "height": 9, "chars": ["\ue168"]}, {"type": "bitmap", "file": "font/minecraft_item/painting.png", "ascent": 8, "height": 9, "chars": ["\ue169"]}, {"type": "bitmap", "file": "font/minecraft_item/paper.png", "ascent": 8, "height": 9, "chars": ["\ue16a"]}, {"type": "bitmap", "file": "font/minecraft_item/phantom_membrane.png", "ascent": 8, "height": 9, "chars": ["\ue16b"]}, {"type": "bitmap", "file": "font/minecraft_item/piglin_banner_pattern.png", "ascent": 8, "height": 9, "chars": ["\ue16c"]}, {"type": "bitmap", "file": "font/minecraft_item/pink_candle.png", "ascent": 8, "height": 9, "chars": ["\ue16d"]}, {"type": "bitmap", "file": "font/minecraft_item/pink_dye.png", "ascent": 8, "height": 9, "chars": ["\ue16e"]}, {"type": "bitmap", "file": "font/minecraft_item/pointed_dripstone.png", "ascent": 8, "height": 9, "chars": ["\ue16f"]}, {"type": "bitmap", "file": "font/minecraft_item/poisonous_potato.png", "ascent": 8, "height": 9, "chars": ["\ue170"]}, {"type": "bitmap", "file": "font/minecraft_item/popped_chorus_fruit.png", "ascent": 8, "height": 9, "chars": ["\ue171"]}, {"type": "bitmap", "file": "font/minecraft_item/porkchop.png", "ascent": 8, "height": 9, "chars": ["\ue172"]}, {"type": "bitmap", "file": "font/minecraft_item/potato.png", "ascent": 8, "height": 9, "chars": ["\ue173"]}, {"type": "bitmap", "file": "font/minecraft_item/potion.png", "ascent": 8, "height": 9, "chars": ["\ue174"]}, {"type": "bitmap", "file": "font/minecraft_item/potion_overlay.png", "ascent": 8, "height": 9, "chars": ["\ue175"]}, {"type": "bitmap", "file": "font/minecraft_item/powder_snow_bucket.png", "ascent": 8, "height": 9, "chars": ["\ue176"]}, {"type": "bitmap", "file": "font/minecraft_item/prismarine_crystals.png", "ascent": 8, "height": 9, "chars": ["\ue177"]}, {"type": "bitmap", "file": "font/minecraft_item/prismarine_shard.png", "ascent": 8, "height": 9, "chars": ["\ue178"]}, {"type": "bitmap", "file": "font/minecraft_item/pufferfish.png", "ascent": 8, "height": 9, "chars": ["\ue179"]}, {"type": "bitmap", "file": "font/minecraft_item/pufferfish_bucket.png", "ascent": 8, "height": 9, "chars": ["\ue17a"]}, {"type": "bitmap", "file": "font/minecraft_item/pumpkin_pie.png", "ascent": 8, "height": 9, "chars": ["\ue17b"]}, {"type": "bitmap", "file": "font/minecraft_item/pumpkin_seeds.png", "ascent": 8, "height": 9, "chars": ["\ue17c"]}, {"type": "bitmap", "file": "font/minecraft_item/purple_candle.png", "ascent": 8, "height": 9, "chars": ["\ue17d"]}, {"type": "bitmap", "file": "font/minecraft_item/purple_dye.png", "ascent": 8, "height": 9, "chars": ["\ue17e"]}, {"type": "bitmap", "file": "font/minecraft_item/quartz.png", "ascent": 8, "height": 9, "chars": ["\ue17f"]}, {"type": "bitmap", "file": "font/minecraft_item/rabbit.png", "ascent": 8, "height": 9, "chars": ["\ue180"]}, {"type": "bitmap", "file": "font/minecraft_item/rabbit_foot.png", "ascent": 8, "height": 9, "chars": ["\ue181"]}, {"type": "bitmap", "file": "font/minecraft_item/rabbit_hide.png", "ascent": 8, "height": 9, "chars": ["\ue182"]}, {"type": "bitmap", "file": "font/minecraft_item/rabbit_stew.png", "ascent": 8, "height": 9, "chars": ["\ue183"]}, {"type": "bitmap", "file": "font/minecraft_item/raw_copper.png", "ascent": 8, "height": 9, "chars": ["\ue184"]}, {"type": "bitmap", "file": "font/minecraft_item/raw_gold.png", "ascent": 8, "height": 9, "chars": ["\ue185"]}, {"type": "bitmap", "file": "font/minecraft_item/raw_iron.png", "ascent": 8, "height": 9, "chars": ["\ue186"]}, {"type": "bitmap", "file": "font/minecraft_item/redstone.png", "ascent": 8, "height": 9, "chars": ["\ue187"]}, {"type": "bitmap", "file": "font/minecraft_item/red_candle.png", "ascent": 8, "height": 9, "chars": ["\ue188"]}, {"type": "bitmap", "file": "font/minecraft_item/red_dye.png", "ascent": 8, "height": 9, "chars": ["\ue189"]}, {"type": "bitmap", "file": "font/minecraft_item/repeater.png", "ascent": 8, "height": 9, "chars": ["\ue18a"]}, {"type": "bitmap", "file": "font/minecraft_item/rotten_flesh.png", "ascent": 8, "height": 9, "chars": ["\ue18b"]}, {"type": "bitmap", "file": "font/minecraft_item/saddle.png", "ascent": 8, "height": 9, "chars": ["\ue18c"]}, {"type": "bitmap", "file": "font/minecraft_item/salmon.png", "ascent": 8, "height": 9, "chars": ["\ue18d"]}, {"type": "bitmap", "file": "font/minecraft_item/salmon_bucket.png", "ascent": 8, "height": 9, "chars": ["\ue18e"]}, {"type": "bitmap", "file": "font/minecraft_item/scute.png", "ascent": 8, "height": 9, "chars": ["\ue18f"]}, {"type": "bitmap", "file": "font/minecraft_item/seagrass.png", "ascent": 8, "height": 9, "chars": ["\ue190"]}, {"type": "bitmap", "file": "font/minecraft_item/sea_pickle.png", "ascent": 8, "height": 9, "chars": ["\ue191"]}, {"type": "bitmap", "file": "font/minecraft_item/shears.png", "ascent": 8, "height": 9, "chars": ["\ue192"]}, {"type": "bitmap", "file": "font/minecraft_item/shulker_shell.png", "ascent": 8, "height": 9, "chars": ["\ue193"]}, {"type": "bitmap", "file": "font/minecraft_item/skull_banner_pattern.png", "ascent": 8, "height": 9, "chars": ["\ue194"]}, {"type": "bitmap", "file": "font/minecraft_item/slime_ball.png", "ascent": 8, "height": 9, "chars": ["\ue195"]}, {"type": "bitmap", "file": "font/minecraft_item/snowball.png", "ascent": 8, "height": 9, "chars": ["\ue196"]}, {"type": "bitmap", "file": "font/minecraft_item/soul_campfire.png", "ascent": 8, "height": 9, "chars": ["\ue197"]}, {"type": "bitmap", "file": "font/minecraft_item/soul_lantern.png", "ascent": 8, "height": 9, "chars": ["\ue198"]}, {"type": "bitmap", "file": "font/minecraft_item/spawn_egg.png", "ascent": 8, "height": 9, "chars": ["\ue199"]}, {"type": "bitmap", "file": "font/minecraft_item/spawn_egg_overlay.png", "ascent": 8, "height": 9, "chars": ["\ue19a"]}, {"type": "bitmap", "file": "font/minecraft_item/spectral_arrow.png", "ascent": 8, "height": 9, "chars": ["\ue19b"]}, {"type": "bitmap", "file": "font/minecraft_item/spider_eye.png", "ascent": 8, "height": 9, "chars": ["\ue19c"]}, {"type": "bitmap", "file": "font/minecraft_item/splash_potion.png", "ascent": 8, "height": 9, "chars": ["\ue19d"]}, {"type": "bitmap", "file": "font/minecraft_item/spruce_boat.png", "ascent": 8, "height": 9, "chars": ["\ue19e"]}, {"type": "bitmap", "file": "font/minecraft_item/spruce_door.png", "ascent": 8, "height": 9, "chars": ["\ue19f"]}, {"type": "bitmap", "file": "font/minecraft_item/spruce_sign.png", "ascent": 8, "height": 9, "chars": ["\ue1a0"]}, {"type": "bitmap", "file": "font/minecraft_item/spyglass.png", "ascent": 8, "height": 9, "chars": ["\ue1a1"]}, {"type": "bitmap", "file": "font/minecraft_item/spyglass_model.png", "ascent": 8, "height": 9, "chars": ["\ue1a2"]}, {"type": "bitmap", "file": "font/minecraft_item/stick.png", "ascent": 8, "height": 9, "chars": ["\ue1a3"]}, {"type": "bitmap", "file": "font/minecraft_item/stone_axe.png", "ascent": 8, "height": 9, "chars": ["\ue1a4"]}, {"type": "bitmap", "file": "font/minecraft_item/stone_hoe.png", "ascent": 8, "height": 9, "chars": ["\ue1a5"]}, {"type": "bitmap", "file": "font/minecraft_item/stone_pickaxe.png", "ascent": 8, "height": 9, "chars": ["\ue1a6"]}, {"type": "bitmap", "file": "font/minecraft_item/stone_shovel.png", "ascent": 8, "height": 9, "chars": ["\ue1a7"]}, {"type": "bitmap", "file": "font/minecraft_item/stone_sword.png", "ascent": 8, "height": 9, "chars": ["\ue1a8"]}, {"type": "bitmap", "file": "font/minecraft_item/string.png", "ascent": 8, "height": 9, "chars": ["\ue1a9"]}, {"type": "bitmap", "file": "font/minecraft_item/structure_void.png", "ascent": 8, "height": 9, "chars": ["\ue1aa"]}, {"type": "bitmap", "file": "font/minecraft_item/sugar.png", "ascent": 8, "height": 9, "chars": ["\ue1ab"]}, {"type": "bitmap", "file": "font/minecraft_item/sugar_cane.png", "ascent": 8, "height": 9, "chars": ["\ue1ac"]}, {"type": "bitmap", "file": "font/minecraft_item/suspicious_stew.png", "ascent": 8, "height": 9, "chars": ["\ue1ad"]}, {"type": "bitmap", "file": "font/minecraft_item/sweet_berries.png", "ascent": 8, "height": 9, "chars": ["\ue1ae"]}, {"type": "bitmap", "file": "font/minecraft_item/tipped_arrow_base.png", "ascent": 8, "height": 9, "chars": ["\ue1af"]}, {"type": "bitmap", "file": "font/minecraft_item/tipped_arrow_head.png", "ascent": 8, "height": 9, "chars": ["\ue1b0"]}, {"type": "bitmap", "file": "font/minecraft_item/tnt_minecart.png", "ascent": 8, "height": 9, "chars": ["\ue1b1"]}, {"type": "bitmap", "file": "font/minecraft_item/totem_of_undying.png", "ascent": 8, "height": 9, "chars": ["\ue1b2"]}, {"type": "bitmap", "file": "font/minecraft_item/trident.png", "ascent": 8, "height": 9, "chars": ["\ue1b3"]}, {"type": "bitmap", "file": "font/minecraft_item/tropical_fish.png", "ascent": 8, "height": 9, "chars": ["\ue1b4"]}, {"type": "bitmap", "file": "font/minecraft_item/tropical_fish_bucket.png", "ascent": 8, "height": 9, "chars": ["\ue1b5"]}, {"type": "bitmap", "file": "font/minecraft_item/turtle_egg.png", "ascent": 8, "height": 9, "chars": ["\ue1b6"]}, {"type": "bitmap", "file": "font/minecraft_item/turtle_helmet.png", "ascent": 8, "height": 9, "chars": ["\ue1b7"]}, {"type": "bitmap", "file": "font/minecraft_item/warped_door.png", "ascent": 8, "height": 9, "chars": ["\ue1b8"]}, {"type": "bitmap", "file": "font/minecraft_item/warped_fungus_on_a_stick.png", "ascent": 8, "height": 9, "chars": ["\ue1b9"]}, {"type": "bitmap", "file": "font/minecraft_item/warped_sign.png", "ascent": 8, "height": 9, "chars": ["\ue1ba"]}, {"type": "bitmap", "file": "font/minecraft_item/water_bucket.png", "ascent": 8, "height": 9, "chars": ["\ue1bb"]}, {"type": "bitmap", "file": "font/minecraft_item/wheat.png", "ascent": 8, "height": 9, "chars": ["\ue1bc"]}, {"type": "bitmap", "file": "font/minecraft_item/wheat_seeds.png", "ascent": 8, "height": 9, "chars": ["\ue1bd"]}, {"type": "bitmap", "file": "font/minecraft_item/white_candle.png", "ascent": 8, "height": 9, "chars": ["\ue1be"]}, {"type": "bitmap", "file": "font/minecraft_item/white_dye.png", "ascent": 8, "height": 9, "chars": ["\ue1bf"]}, {"type": "bitmap", "file": "font/minecraft_item/wooden_axe.png", "ascent": 8, "height": 9, "chars": ["\ue1c0"]}, {"type": "bitmap", "file": "font/minecraft_item/wooden_hoe.png", "ascent": 8, "height": 9, "chars": ["\ue1c1"]}, {"type": "bitmap", "file": "font/minecraft_item/wooden_pickaxe.png", "ascent": 8, "height": 9, "chars": ["\ue1c2"]}, {"type": "bitmap", "file": "font/minecraft_item/wooden_shovel.png", "ascent": 8, "height": 9, "chars": ["\ue1c3"]}, {"type": "bitmap", "file": "font/minecraft_item/wooden_sword.png", "ascent": 8, "height": 9, "chars": ["\ue1c4"]}, {"type": "bitmap", "file": "font/minecraft_item/writable_book.png", "ascent": 8, "height": 9, "chars": ["\ue1c5"]}, {"type": "bitmap", "file": "font/minecraft_item/written_book.png", "ascent": 8, "height": 9, "chars": ["\ue1c6"]}, {"type": "bitmap", "file": "font/minecraft_item/yellow_candle.png", "ascent": 8, "height": 9, "chars": ["\ue1c7"]}, {"type": "bitmap", "file": "font/minecraft_item/yellow_dye.png", "ascent": 8, "height": 9, "chars": ["\ue1c8"]}]}