{"providers": [{"type": "bitmap", "file": "font/minecraft_particle/angry.png", "ascent": 8, "height": 9, "chars": ["\ue000"]}, {"type": "bitmap", "file": "font/minecraft_particle/big_smoke_0.png", "ascent": 8, "height": 9, "chars": ["\ue001"]}, {"type": "bitmap", "file": "font/minecraft_particle/big_smoke_1.png", "ascent": 8, "height": 9, "chars": ["\ue002"]}, {"type": "bitmap", "file": "font/minecraft_particle/big_smoke_10.png", "ascent": 8, "height": 9, "chars": ["\ue003"]}, {"type": "bitmap", "file": "font/minecraft_particle/big_smoke_11.png", "ascent": 8, "height": 9, "chars": ["\ue004"]}, {"type": "bitmap", "file": "font/minecraft_particle/big_smoke_2.png", "ascent": 8, "height": 9, "chars": ["\ue005"]}, {"type": "bitmap", "file": "font/minecraft_particle/big_smoke_3.png", "ascent": 8, "height": 9, "chars": ["\ue006"]}, {"type": "bitmap", "file": "font/minecraft_particle/big_smoke_4.png", "ascent": 8, "height": 9, "chars": ["\ue007"]}, {"type": "bitmap", "file": "font/minecraft_particle/big_smoke_5.png", "ascent": 8, "height": 9, "chars": ["\ue008"]}, {"type": "bitmap", "file": "font/minecraft_particle/big_smoke_6.png", "ascent": 8, "height": 9, "chars": ["\ue009"]}, {"type": "bitmap", "file": "font/minecraft_particle/big_smoke_7.png", "ascent": 8, "height": 9, "chars": ["\ue00a"]}, {"type": "bitmap", "file": "font/minecraft_particle/big_smoke_8.png", "ascent": 8, "height": 9, "chars": ["\ue00b"]}, {"type": "bitmap", "file": "font/minecraft_particle/big_smoke_9.png", "ascent": 8, "height": 9, "chars": ["\ue00c"]}, {"type": "bitmap", "file": "font/minecraft_particle/bubble.png", "ascent": 8, "height": 9, "chars": ["\ue00d"]}, {"type": "bitmap", "file": "font/minecraft_particle/bubble_pop_0.png", "ascent": 8, "height": 9, "chars": ["\ue00e"]}, {"type": "bitmap", "file": "font/minecraft_particle/bubble_pop_1.png", "ascent": 8, "height": 9, "chars": ["\ue00f"]}, {"type": "bitmap", "file": "font/minecraft_particle/bubble_pop_2.png", "ascent": 8, "height": 9, "chars": ["\ue010"]}, {"type": "bitmap", "file": "font/minecraft_particle/bubble_pop_3.png", "ascent": 8, "height": 9, "chars": ["\ue011"]}, {"type": "bitmap", "file": "font/minecraft_particle/bubble_pop_4.png", "ascent": 8, "height": 9, "chars": ["\ue012"]}, {"type": "bitmap", "file": "font/minecraft_particle/critical_hit.png", "ascent": 8, "height": 9, "chars": ["\ue013"]}, {"type": "bitmap", "file": "font/minecraft_particle/damage.png", "ascent": 8, "height": 9, "chars": ["\ue014"]}, {"type": "bitmap", "file": "font/minecraft_particle/drip_fall.png", "ascent": 8, "height": 9, "chars": ["\ue015"]}, {"type": "bitmap", "file": "font/minecraft_particle/drip_hang.png", "ascent": 8, "height": 9, "chars": ["\ue016"]}, {"type": "bitmap", "file": "font/minecraft_particle/drip_land.png", "ascent": 8, "height": 9, "chars": ["\ue017"]}, {"type": "bitmap", "file": "font/minecraft_particle/effect_0.png", "ascent": 8, "height": 9, "chars": ["\ue018"]}, {"type": "bitmap", "file": "font/minecraft_particle/effect_1.png", "ascent": 8, "height": 9, "chars": ["\ue019"]}, {"type": "bitmap", "file": "font/minecraft_particle/effect_2.png", "ascent": 8, "height": 9, "chars": ["\ue01a"]}, {"type": "bitmap", "file": "font/minecraft_particle/effect_3.png", "ascent": 8, "height": 9, "chars": ["\ue01b"]}, {"type": "bitmap", "file": "font/minecraft_particle/effect_4.png", "ascent": 8, "height": 9, "chars": ["\ue01c"]}, {"type": "bitmap", "file": "font/minecraft_particle/effect_5.png", "ascent": 8, "height": 9, "chars": ["\ue01d"]}, {"type": "bitmap", "file": "font/minecraft_particle/effect_6.png", "ascent": 8, "height": 9, "chars": ["\ue01e"]}, {"type": "bitmap", "file": "font/minecraft_particle/effect_7.png", "ascent": 8, "height": 9, "chars": ["\ue01f"]}, {"type": "bitmap", "file": "font/minecraft_particle/enchanted_hit.png", "ascent": 8, "height": 9, "chars": ["\ue020"]}, {"type": "bitmap", "file": "font/minecraft_particle/explosion_0.png", "ascent": 8, "height": 9, "chars": ["\ue021"]}, {"type": "bitmap", "file": "font/minecraft_particle/explosion_1.png", "ascent": 8, "height": 9, "chars": ["\ue022"]}, {"type": "bitmap", "file": "font/minecraft_particle/explosion_10.png", "ascent": 8, "height": 9, "chars": ["\ue023"]}, {"type": "bitmap", "file": "font/minecraft_particle/explosion_11.png", "ascent": 8, "height": 9, "chars": ["\ue024"]}, {"type": "bitmap", "file": "font/minecraft_particle/explosion_12.png", "ascent": 8, "height": 9, "chars": ["\ue025"]}, {"type": "bitmap", "file": "font/minecraft_particle/explosion_13.png", "ascent": 8, "height": 9, "chars": ["\ue026"]}, {"type": "bitmap", "file": "font/minecraft_particle/explosion_14.png", "ascent": 8, "height": 9, "chars": ["\ue027"]}, {"type": "bitmap", "file": "font/minecraft_particle/explosion_15.png", "ascent": 8, "height": 9, "chars": ["\ue028"]}, {"type": "bitmap", "file": "font/minecraft_particle/explosion_2.png", "ascent": 8, "height": 9, "chars": ["\ue029"]}, {"type": "bitmap", "file": "font/minecraft_particle/explosion_3.png", "ascent": 8, "height": 9, "chars": ["\ue02a"]}, {"type": "bitmap", "file": "font/minecraft_particle/explosion_4.png", "ascent": 8, "height": 9, "chars": ["\ue02b"]}, {"type": "bitmap", "file": "font/minecraft_particle/explosion_5.png", "ascent": 8, "height": 9, "chars": ["\ue02c"]}, {"type": "bitmap", "file": "font/minecraft_particle/explosion_6.png", "ascent": 8, "height": 9, "chars": ["\ue02d"]}, {"type": "bitmap", "file": "font/minecraft_particle/explosion_7.png", "ascent": 8, "height": 9, "chars": ["\ue02e"]}, {"type": "bitmap", "file": "font/minecraft_particle/explosion_8.png", "ascent": 8, "height": 9, "chars": ["\ue02f"]}, {"type": "bitmap", "file": "font/minecraft_particle/explosion_9.png", "ascent": 8, "height": 9, "chars": ["\ue030"]}, {"type": "bitmap", "file": "font/minecraft_particle/flame.png", "ascent": 8, "height": 9, "chars": ["\ue031"]}, {"type": "bitmap", "file": "font/minecraft_particle/flash.png", "ascent": 8, "height": 9, "chars": ["\ue032"]}, {"type": "bitmap", "file": "font/minecraft_particle/generic_0.png", "ascent": 8, "height": 9, "chars": ["\ue033"]}, {"type": "bitmap", "file": "font/minecraft_particle/generic_1.png", "ascent": 8, "height": 9, "chars": ["\ue034"]}, {"type": "bitmap", "file": "font/minecraft_particle/generic_2.png", "ascent": 8, "height": 9, "chars": ["\ue035"]}, {"type": "bitmap", "file": "font/minecraft_particle/generic_3.png", "ascent": 8, "height": 9, "chars": ["\ue036"]}, {"type": "bitmap", "file": "font/minecraft_particle/generic_4.png", "ascent": 8, "height": 9, "chars": ["\ue037"]}, {"type": "bitmap", "file": "font/minecraft_particle/generic_5.png", "ascent": 8, "height": 9, "chars": ["\ue038"]}, {"type": "bitmap", "file": "font/minecraft_particle/generic_6.png", "ascent": 8, "height": 9, "chars": ["\ue039"]}, {"type": "bitmap", "file": "font/minecraft_particle/generic_7.png", "ascent": 8, "height": 9, "chars": ["\ue03a"]}, {"type": "bitmap", "file": "font/minecraft_particle/glint.png", "ascent": 8, "height": 9, "chars": ["\ue03b"]}, {"type": "bitmap", "file": "font/minecraft_particle/glitter_0.png", "ascent": 8, "height": 9, "chars": ["\ue03c"]}, {"type": "bitmap", "file": "font/minecraft_particle/glitter_1.png", "ascent": 8, "height": 9, "chars": ["\ue03d"]}, {"type": "bitmap", "file": "font/minecraft_particle/glitter_2.png", "ascent": 8, "height": 9, "chars": ["\ue03e"]}, {"type": "bitmap", "file": "font/minecraft_particle/glitter_3.png", "ascent": 8, "height": 9, "chars": ["\ue03f"]}, {"type": "bitmap", "file": "font/minecraft_particle/glitter_4.png", "ascent": 8, "height": 9, "chars": ["\ue040"]}, {"type": "bitmap", "file": "font/minecraft_particle/glitter_5.png", "ascent": 8, "height": 9, "chars": ["\ue041"]}, {"type": "bitmap", "file": "font/minecraft_particle/glitter_6.png", "ascent": 8, "height": 9, "chars": ["\ue042"]}, {"type": "bitmap", "file": "font/minecraft_particle/glitter_7.png", "ascent": 8, "height": 9, "chars": ["\ue043"]}, {"type": "bitmap", "file": "font/minecraft_particle/glow.png", "ascent": 8, "height": 9, "chars": ["\ue044"]}, {"type": "bitmap", "file": "font/minecraft_particle/heart.png", "ascent": 8, "height": 9, "chars": ["\ue045"]}, {"type": "bitmap", "file": "font/minecraft_particle/lava.png", "ascent": 8, "height": 9, "chars": ["\ue046"]}, {"type": "bitmap", "file": "font/minecraft_particle/nautilus.png", "ascent": 8, "height": 9, "chars": ["\ue047"]}, {"type": "bitmap", "file": "font/minecraft_particle/note.png", "ascent": 8, "height": 9, "chars": ["\ue048"]}, {"type": "bitmap", "file": "font/minecraft_particle/sga_a.png", "ascent": 8, "height": 9, "chars": ["\ue049"]}, {"type": "bitmap", "file": "font/minecraft_particle/sga_b.png", "ascent": 8, "height": 9, "chars": ["\ue04a"]}, {"type": "bitmap", "file": "font/minecraft_particle/sga_c.png", "ascent": 8, "height": 9, "chars": ["\ue04b"]}, {"type": "bitmap", "file": "font/minecraft_particle/sga_d.png", "ascent": 8, "height": 9, "chars": ["\ue04c"]}, {"type": "bitmap", "file": "font/minecraft_particle/sga_e.png", "ascent": 8, "height": 9, "chars": ["\ue04d"]}, {"type": "bitmap", "file": "font/minecraft_particle/sga_f.png", "ascent": 8, "height": 9, "chars": ["\ue04e"]}, {"type": "bitmap", "file": "font/minecraft_particle/sga_g.png", "ascent": 8, "height": 9, "chars": ["\ue04f"]}, {"type": "bitmap", "file": "font/minecraft_particle/sga_h.png", "ascent": 8, "height": 9, "chars": ["\ue050"]}, {"type": "bitmap", "file": "font/minecraft_particle/sga_i.png", "ascent": 8, "height": 9, "chars": ["\ue051"]}, {"type": "bitmap", "file": "font/minecraft_particle/sga_j.png", "ascent": 8, "height": 9, "chars": ["\ue052"]}, {"type": "bitmap", "file": "font/minecraft_particle/sga_k.png", "ascent": 8, "height": 9, "chars": ["\ue053"]}, {"type": "bitmap", "file": "font/minecraft_particle/sga_l.png", "ascent": 8, "height": 9, "chars": ["\ue054"]}, {"type": "bitmap", "file": "font/minecraft_particle/sga_m.png", "ascent": 8, "height": 9, "chars": ["\ue055"]}, {"type": "bitmap", "file": "font/minecraft_particle/sga_n.png", "ascent": 8, "height": 9, "chars": ["\ue056"]}, {"type": "bitmap", "file": "font/minecraft_particle/sga_o.png", "ascent": 8, "height": 9, "chars": ["\ue057"]}, {"type": "bitmap", "file": "font/minecraft_particle/sga_p.png", "ascent": 8, "height": 9, "chars": ["\ue058"]}, {"type": "bitmap", "file": "font/minecraft_particle/sga_q.png", "ascent": 8, "height": 9, "chars": ["\ue059"]}, {"type": "bitmap", "file": "font/minecraft_particle/sga_r.png", "ascent": 8, "height": 9, "chars": ["\ue05a"]}, {"type": "bitmap", "file": "font/minecraft_particle/sga_s.png", "ascent": 8, "height": 9, "chars": ["\ue05b"]}, {"type": "bitmap", "file": "font/minecraft_particle/sga_t.png", "ascent": 8, "height": 9, "chars": ["\ue05c"]}, {"type": "bitmap", "file": "font/minecraft_particle/sga_u.png", "ascent": 8, "height": 9, "chars": ["\ue05d"]}, {"type": "bitmap", "file": "font/minecraft_particle/sga_v.png", "ascent": 8, "height": 9, "chars": ["\ue05e"]}, {"type": "bitmap", "file": "font/minecraft_particle/sga_w.png", "ascent": 8, "height": 9, "chars": ["\ue05f"]}, {"type": "bitmap", "file": "font/minecraft_particle/sga_x.png", "ascent": 8, "height": 9, "chars": ["\ue060"]}, {"type": "bitmap", "file": "font/minecraft_particle/sga_y.png", "ascent": 8, "height": 9, "chars": ["\ue061"]}, {"type": "bitmap", "file": "font/minecraft_particle/sga_z.png", "ascent": 8, "height": 9, "chars": ["\ue062"]}, {"type": "bitmap", "file": "font/minecraft_particle/soul_0.png", "ascent": 8, "height": 9, "chars": ["\ue063"]}, {"type": "bitmap", "file": "font/minecraft_particle/soul_1.png", "ascent": 8, "height": 9, "chars": ["\ue064"]}, {"type": "bitmap", "file": "font/minecraft_particle/soul_10.png", "ascent": 8, "height": 9, "chars": ["\ue065"]}, {"type": "bitmap", "file": "font/minecraft_particle/soul_2.png", "ascent": 8, "height": 9, "chars": ["\ue066"]}, {"type": "bitmap", "file": "font/minecraft_particle/soul_3.png", "ascent": 8, "height": 9, "chars": ["\ue067"]}, {"type": "bitmap", "file": "font/minecraft_particle/soul_4.png", "ascent": 8, "height": 9, "chars": ["\ue068"]}, {"type": "bitmap", "file": "font/minecraft_particle/soul_5.png", "ascent": 8, "height": 9, "chars": ["\ue069"]}, {"type": "bitmap", "file": "font/minecraft_particle/soul_6.png", "ascent": 8, "height": 9, "chars": ["\ue06a"]}, {"type": "bitmap", "file": "font/minecraft_particle/soul_7.png", "ascent": 8, "height": 9, "chars": ["\ue06b"]}, {"type": "bitmap", "file": "font/minecraft_particle/soul_8.png", "ascent": 8, "height": 9, "chars": ["\ue06c"]}, {"type": "bitmap", "file": "font/minecraft_particle/soul_9.png", "ascent": 8, "height": 9, "chars": ["\ue06d"]}, {"type": "bitmap", "file": "font/minecraft_particle/soul_fire_flame.png", "ascent": 8, "height": 9, "chars": ["\ue06e"]}, {"type": "bitmap", "file": "font/minecraft_particle/spark_0.png", "ascent": 8, "height": 9, "chars": ["\ue06f"]}, {"type": "bitmap", "file": "font/minecraft_particle/spark_1.png", "ascent": 8, "height": 9, "chars": ["\ue070"]}, {"type": "bitmap", "file": "font/minecraft_particle/spark_2.png", "ascent": 8, "height": 9, "chars": ["\ue071"]}, {"type": "bitmap", "file": "font/minecraft_particle/spark_3.png", "ascent": 8, "height": 9, "chars": ["\ue072"]}, {"type": "bitmap", "file": "font/minecraft_particle/spark_4.png", "ascent": 8, "height": 9, "chars": ["\ue073"]}, {"type": "bitmap", "file": "font/minecraft_particle/spark_5.png", "ascent": 8, "height": 9, "chars": ["\ue074"]}, {"type": "bitmap", "file": "font/minecraft_particle/spark_6.png", "ascent": 8, "height": 9, "chars": ["\ue075"]}, {"type": "bitmap", "file": "font/minecraft_particle/spark_7.png", "ascent": 8, "height": 9, "chars": ["\ue076"]}, {"type": "bitmap", "file": "font/minecraft_particle/spell_0.png", "ascent": 8, "height": 9, "chars": ["\ue077"]}, {"type": "bitmap", "file": "font/minecraft_particle/spell_1.png", "ascent": 8, "height": 9, "chars": ["\ue078"]}, {"type": "bitmap", "file": "font/minecraft_particle/spell_2.png", "ascent": 8, "height": 9, "chars": ["\ue079"]}, {"type": "bitmap", "file": "font/minecraft_particle/spell_3.png", "ascent": 8, "height": 9, "chars": ["\ue07a"]}, {"type": "bitmap", "file": "font/minecraft_particle/spell_4.png", "ascent": 8, "height": 9, "chars": ["\ue07b"]}, {"type": "bitmap", "file": "font/minecraft_particle/spell_5.png", "ascent": 8, "height": 9, "chars": ["\ue07c"]}, {"type": "bitmap", "file": "font/minecraft_particle/spell_6.png", "ascent": 8, "height": 9, "chars": ["\ue07d"]}, {"type": "bitmap", "file": "font/minecraft_particle/spell_7.png", "ascent": 8, "height": 9, "chars": ["\ue07e"]}, {"type": "bitmap", "file": "font/minecraft_particle/splash_0.png", "ascent": 8, "height": 9, "chars": ["\ue07f"]}, {"type": "bitmap", "file": "font/minecraft_particle/splash_1.png", "ascent": 8, "height": 9, "chars": ["\ue080"]}, {"type": "bitmap", "file": "font/minecraft_particle/splash_2.png", "ascent": 8, "height": 9, "chars": ["\ue081"]}, {"type": "bitmap", "file": "font/minecraft_particle/splash_3.png", "ascent": 8, "height": 9, "chars": ["\ue082"]}, {"type": "bitmap", "file": "font/minecraft_particle/sweep_0.png", "ascent": 8, "height": 9, "chars": ["\ue083"]}, {"type": "bitmap", "file": "font/minecraft_particle/sweep_1.png", "ascent": 8, "height": 9, "chars": ["\ue084"]}, {"type": "bitmap", "file": "font/minecraft_particle/sweep_2.png", "ascent": 8, "height": 9, "chars": ["\ue085"]}, {"type": "bitmap", "file": "font/minecraft_particle/sweep_3.png", "ascent": 8, "height": 9, "chars": ["\ue086"]}, {"type": "bitmap", "file": "font/minecraft_particle/sweep_4.png", "ascent": 8, "height": 9, "chars": ["\ue087"]}, {"type": "bitmap", "file": "font/minecraft_particle/sweep_5.png", "ascent": 8, "height": 9, "chars": ["\ue088"]}, {"type": "bitmap", "file": "font/minecraft_particle/sweep_6.png", "ascent": 8, "height": 9, "chars": ["\ue089"]}, {"type": "bitmap", "file": "font/minecraft_particle/sweep_7.png", "ascent": 8, "height": 9, "chars": ["\ue08a"]}]}