{
    "providers": [
        {
            "type": "bitmap",
            "file": "font/miscellaneous/mouse.png",
            "ascent": 8,
            "height": 9,
            "chars": [
                "\ue000"
            ]
        },
        {
            "type": "bitmap",
            "file": "font/miscellaneous/mouse_left.png",
            "ascent": 8,
            "height": 9,
            "chars": [
                "\ue001"
            ]
        },
        {
            "type": "bitmap",
            "file": "font/miscellaneous/mouse_middle.png",
            "ascent": 8,
            "height": 9,
            "chars": [
                "\ue002"
            ]
        },
        {
            "type": "bitmap",
            "file": "font/miscellaneous/mouse_right.png",
            "ascent": 8,
            "height": 9,
            "chars": [
                "\ue003"
            ]
        },
        {
            "type": "bitmap",
            "file": "font/miscellaneous/keyboard_shift.png",
            "ascent": 8,
            "height": 9,
            "chars": [
                "\ue004"
            ]
        },
        {
            "type": "bitmap",
            "file": "font/miscellaneous/message.png",
            "ascent": 7,
            "height": 7,
            "chars": [
                "\uE005"
            ]
        },
        {
            "type": "bitmap",
            "file": "font/miscellaneous/item_clear.png",
            "ascent": 7,
            "height": 7,
            "chars": [
                "\uE006"
            ]
        },
        {
            "type": "bitmap",
            "file": "font/miscellaneous/clan.png",
            "ascent": 7,
            "height": 7,
            "chars": [
                "\uE007"
            ]
        }
    ]
}
