{
    "providers": [
        {
            "type": "bitmap",
            "file": "font/ranks/trainer.png",
            "ascent": 7,
            "height": 7,
            "chars": [
                "\uE000"
            ]
        },
        {
            "type": "bitmap",
            "file": "font/ranks/challenger.png",
            "ascent": 7,
            "height": 7,
            "chars": [
                "\uE001"
            ]
        },
        {
            "type": "bitmap",
            "file": "font/ranks/veteran.png",
            "ascent": 7,
            "height": 7,
            "chars": [
                "\uE002"
            ]
        },
        {
            "type": "bitmap",
            "file": "font/ranks/professional.png",
            "ascent": 7,
            "height": 7,
            "chars": [
                "\uE003"
            ]
        },
        {
            "type": "bitmap",
            "file": "font/ranks/elite.png",
            "ascent": 7,
            "height": 7,
            "chars": [
                "\uE004"
            ]
        },
        {
            "type": "bitmap",
            "file": "font/ranks/master.png",
            "ascent": 7,
            "height": 7,
            "chars": [
                "\uE005"
            ]
        },
        {
            "type": "bitmap",
            "file": "font/ranks/champion.png",
            "ascent": 7,
            "height": 7,
            "chars": [
                "\uE006"
            ]
        },
        {
            "type": "bitmap",
            "file": "font/ranks/legend.png",
            "ascent": 7,
            "height": 7,
            "chars": [
                "\uE007"
            ]
        },
        {
            "type": "bitmap",
            "file": "font/ranks/media.png",
            "ascent": 7,
            "height": 7,
            "chars": [
                "\uE008"
            ]
        },
        {
            "type": "bitmap",
            "file": "font/ranks/helper.png",
            "ascent": 7,
            "height": 7,
            "chars": [
                "\uE009"
            ]
        },
        {
            "type": "bitmap",
            "file": "font/ranks/moderator.png",
            "ascent": 7,
            "height": 7,
            "chars": [
                "\uE00A"
            ]
        },
        {
            "type": "bitmap",
            "file": "font/ranks/senior_moderator.png",
            "ascent": 7,
            "height": 7,
            "chars": [
                "\uE00B"
            ]
        },
        {
            "type": "bitmap",
            "file": "font/ranks/junior_admin.png",
            "ascent": 7,
            "height": 7,
            "chars": [
                "\uE00C"
            ]
        },
        {
            "type": "bitmap",
            "file": "font/ranks/admin.png",
            "ascent": 7,
            "height": 7,
            "chars": [
                "\uE00D"
            ]
        },
        {
            "type": "bitmap",
            "file": "font/ranks/head_admin.png",
            "ascent": 7,
            "height": 7,
            "chars": [
                "\uE00E"
            ]
        },
        {
            "type": "bitmap",
            "file": "font/ranks/developer.png",
            "ascent": 7,
            "height": 7,
            "chars": [
                "\uE010"
            ]
        },
        {
            "type": "bitmap",
            "file": "font/ranks/manager.png",
            "ascent": 7,
            "height": 7,
            "chars": [
                "\uE011"
            ]
        },
        {
            "type": "bitmap",
            "file": "font/ranks/owner.png",
            "ascent": 7,
            "height": 7,
            "chars": [
                "\uE012"
            ]
        },
        {
            "type": "bitmap",
            "file": "font/ranks/server.png",
            "ascent": 7,
            "height": 7,
            "chars": [
                "\uE013"
            ]
        },
        {
            "type": "bitmap",
            "file": "font/ranks/ducky.png",
            "ascent": 7,
            "height": 7,
            "chars": [
                "\uE014"
            ]
        },
        {
            "type": "bitmap",
            "file": "font/ranks/pcnguin.png",
            "ascent": 7,
            "height": 7,
            "chars": [
                "\uE015"
            ]
        },
        {
            "type": "bitmap",
            "file": "font/ranks/artist.png",
            "ascent": 7,
            "height": 7,
            "chars": [
                "\uE016"
            ]
        },
        {
            "type": "bitmap",
            "file": "font/ranks/vfx.png",
            "ascent": 7,
            "height": 7,
            "chars": [
                "\uE017"
            ]
        },
        {
            "type": "bitmap",
            "file": "font/ranks/builder.png",
            "ascent": 7,
            "height": 7,
            "chars": [
                "\uE018"
            ]
        },
        {
            "type": "bitmap",
            "file": "font/ranks/beta.png",
            "ascent": 7,
            "height": 7,
            "chars": [
                "\uE019"
            ]
        }
    ]
}