{
    "providers": [
      {
        "type": "bitmap",
        "file": "font/tags/bulbasaur.png",
        "ascent": 7,
        "height": 8,
        "chars": [
          "\uE000"
        ]
      },
      {
        "type": "bitmap",
        "file": "font/tags/ivysaur.png",
        "ascent": 7,
        "height": 8,
        "chars": [
          "\uE001"
        ]
      },
      {
        "type": "bitmap",
        "file": "font/tags/venusaur.png",
        "ascent": 7,
        "height": 8,
        "chars": [
          "\uE002"
        ]
      },
      {
        "type": "bitmap",
        "file": "font/tags/charmander.png",
        "ascent": 7,
        "height": 8,
        "chars": [
          "\uE003"
        ]
      },
      {
        "type": "bitmap",
        "file": "font/tags/charmeleon.png",
        "ascent": 9,
        "height": 10,
        "chars": [
          "\uE004"
        ]
      },
      {
        "type": "bitmap",
        "file": "font/tags/charizard.png",
        "ascent": 7,
        "height": 8,
        "chars": [
          "\uE005"
        ]
      },
      {
        "type": "bitmap",
        "file": "font/tags/squirtle.png",
        "ascent": 7,
        "height": 8,
        "chars": [
          "\uE006"
        ]
      },
      {
        "type": "bitmap",
        "file": "font/tags/wartortle.png",
        "ascent": 7,
        "height": 8,
        "chars": [
          "\uE007"
        ]
      },
      {
        "type": "bitmap",
        "file": "font/tags/blastoise.png",
        "ascent": 7,
        "height": 8,
        "chars": [
          "\uE008"
        ]
      },
      {
        "type": "bitmap",
        "file": "font/tags/pikachu.png",
        "ascent": 7,
        "height": 8,
        "chars": [
          "\uE009"
        ]
      },
      {
        "type": "bitmap",
        "file": "font/tags/mew.png",
        "ascent": 7,
        "height": 8,
        "chars": [
          "\uE010"
        ]
      },
      {
        "type": "bitmap",
        "file": "font/tags/giratina.png",
        "ascent": 7,
        "height": 8,
        "chars": [
          "\uE011"
        ]
      },
      {
        "type": "bitmap",
        "file": "font/tags/arceus.png",
        "ascent": 7,
        "height": 8,
        "chars": [
          "\uE012"
        ]
      },
      {
        "type": "bitmap",
        "file": "font/tags/kyogre.png",
        "ascent": 7,
        "height": 8,
        "chars": [
          "\uE013"
        ]
      }
    ]
  }
