{
  "parent": "builtin/entity",
  "gui_light": "side",
  "overrides": [
    {
      "model": "cobblemon:item/inventory/base_pokemon_model",
      "predicate": {
        "custom_model_data": 0
      }
    },
    {
      "model": "cobblemon:item/inventory/large_pokemon_model",
      "predicate": {
        "custom_model_data": 1
      }
    },
    {
      "model": "cobblemon:item/inventory/chasse_pokemon_model",
      "predicate": {
        "custom_model_data": 2
      }
    },
    {
      "model": "cobblemon:item/inventory/trainer_card_pokemon_model",
      "predicate": {
        "custom_model_data": 3
      }
    }
  ]
}