{
	"format_version": "1.12.0",
	"minecraft:geometry": [
		{
			"description": {
				"identifier": "geometry.unknown",
				"texture_width": 32,
				"texture_height": 32,
				"visible_bounds_width": 2,
				"visible_bounds_height": 2.5,
				"visible_bounds_offset": [0, 0.75, 0]
			},
			"bones": [
				{
					"name": "bb_main",
					"pivot": [0, 0, 0],
					"cubes": [
						{"origin": [-2, 5.75, -5.5], "size": [4, 1.55, 3.5], "uv": [18, 8]},
						{"origin": [1.475, 4, -5], "size": [1.25, 2, 3.85], "pivot": [2.725, 4, -3], "rotation": [47.26579, -15.69986, -16.32495], "uv": [10, 18]},
						{"origin": [-3.5, 4.25, -4.5], "size": [1.5, 1, 1], "uv": [24, 15]},
						{"origin": [-4.18708, 4.34773, -4.45], "size": [1, 1.5, 1], "pivot": [-3.68708, 5.34773, -3.95], "rotation": [0, 0, -37.5], "uv": [24, 12]},
						{"origin": [-3.9115, 7.05558, -4.425], "size": [1, 2.25, 1], "pivot": [-3.4115, 8.05558, -3.925], "rotation": [0, 0, 30], "uv": [6, 23]},
						{"origin": [-1, 3.25, -6], "size": [2, 1.5, 1], "uv": [10, 23]},
						{"origin": [-2, 3, -5], "size": [4, 2.75, 3], "uv": [10, 13]},
						{"origin": [0.25, 1.75, 2.25], "size": [0, 5.25, 5.75], "uv": [0, 13]},
						{"origin": [-4.25401, 0.0208, -3.2554], "size": [3, 1, 1], "pivot": [-1.5, 3.5, -3], "rotation": [0, -45, 0], "uv": [20, 3]},
						{"origin": [-4.00401, 0.0208, -6.2554], "size": [1, 1.25, 1.5], "pivot": [-4.25, 3.5, -5.75], "rotation": [0, -45, 0], "uv": [24, 21]},
						{"origin": [-4.05401, 0.0208, -5.8554], "size": [0.75, 0.75, 0], "pivot": [-4.55, 3.5, -6.85], "rotation": [0, -45, 0], "uv": [0, 0]},
						{"origin": [-3.55401, 0.0208, -6.3554], "size": [0.75, 0.75, 0], "pivot": [-4.05, 3.5, -7.35], "rotation": [0, -45, 0], "uv": [0, 0]},
						{"origin": [1.52689, 0.02567, -3.47311], "size": [3, 1, 1], "pivot": [1.75, 3.5, -3.25], "rotation": [0, 45, 0], "uv": [20, 5]},
						{"origin": [3.27689, 0.02567, -6.47311], "size": [1, 1.25, 1.5], "pivot": [4.5, 3.5, -6], "rotation": [0, 45, 0], "uv": [24, 23]},
						{"origin": [3.57689, 0.02567, -6.07311], "size": [0.75, 0.75, 0], "pivot": [4.8, 3.5, -7.1], "rotation": [0, 45, 0], "uv": [0, 0]},
						{"origin": [3.07689, 0.02567, -6.57311], "size": [0.75, 0.75, 0], "pivot": [4.3, 3.5, -7.6], "rotation": [0, 45, 0], "uv": [0, 0]},
						{"origin": [-2, 0, -2.75], "size": [4, 0.75, 5.5], "uv": [0, 8]},
						{"origin": [2, 0.75, 0.5], "size": [1, 2, 2], "uv": [18, 21]},
						{"origin": [2, 0, -0.75], "size": [1, 0.75, 3.25], "pivot": [2.5, 0.375, 0.875], "rotation": [0, -6.25, 0], "uv": [18, 18]},
						{"origin": [-3, 0.75, 0.5], "size": [1, 2, 2], "uv": [0, 23]},
						{"origin": [-3, 0, -0.75], "size": [1, 0.75, 3.25], "pivot": [-2.5, 0.375, 0.875], "rotation": [0, 6.25, 0], "uv": [13, 2]},
						{"origin": [-3.525, 0, -1.25], "size": [1.2, 1, 1], "pivot": [-2.825, 0.375, -1.875], "rotation": [0, 6.25, 0], "uv": [10, 25]},
						{"origin": [2.325, 0, -1.25], "size": [1.2, 1, 1], "pivot": [2.825, 0.375, -1.875], "rotation": [0, -6.25, 0], "uv": [14, 25]},
						{"origin": [-3.525, 0, -1.75], "size": [0, 0.75, 0.5], "pivot": [-2.825, 0.375, -2.875], "rotation": [0, 6.25, 0], "uv": [0, 0]},
						{"origin": [-2.775, 0, -1.75], "size": [0, 0.75, 0.5], "pivot": [-2.075, 0.375, -2.875], "rotation": [0, 6.25, 0], "uv": [0, 0]},
						{"origin": [3.525, 0, -1.75], "size": [0, 0.75, 0.5], "pivot": [2.825, 0.375, -2.875], "rotation": [0, -6.25, 0], "uv": [0, 0]},
						{"origin": [2.775, 0, -1.75], "size": [0, 0.75, 0.5], "pivot": [2.075, 0.375, -2.875], "rotation": [0, -6.25, 0], "uv": [0, 0]},
						{"origin": [-2, 0.75, -3.75], "size": [4, 2.25, 6.75], "uv": [0, 0]},
						{"origin": [0.75, 4.25, -5.05], "size": [1, 1.25, 0], "uv": [8, 16]},
						{"origin": [-1.75, 4.25, -5.05], "size": [1, 1.25, 0], "uv": [8, 15]},
						{"origin": [-1.5, 4.5, -5.15], "size": [1, 1, 0], "uv": [6, 15]},
						{"origin": [0.5, 4.5, -5.15], "size": [1, 1, 0], "uv": [6, 15]},
						{"origin": [-0.375, 4, -6.1], "size": [0.75, 0.75, 0], "uv": [1, 16]},
						{"origin": [-0.375, 6.25, -5.55], "size": [0.75, 0.75, 0], "uv": [2, 19]},
						{"origin": [-4.36645, 5.42888, -4.475], "size": [1, 2, 1], "pivot": [-3.86645, 6.42888, -3.975], "rotation": [0, 0, 1.25], "uv": [24, 12]}
					]
				}
			]
		}
	]
}