{
	"format_version": "1.12.0",
	"minecraft:geometry": [
		{
			"description": {
				"identifier": "geometry.unknown",
				"texture_width": 64,
				"texture_height": 64,
				"visible_bounds_width": 2,
				"visible_bounds_height": 2.5,
				"visible_bounds_offset": [0, 0.75, 0]
			},
			"bones": [
				{
					"name": "arbok_plushie",
					"pivot": [0, 0, 0],
					"rotation": [0, -20.5, 0],
					"cubes": [
						{"origin": [-4.9, 6.442, -2.81965], "size": [12, 7, 2], "pivot": [1.1, 8.92707, -4.57717], "rotation": [-15.5, 9.5, 0], "uv": [0, 0]},
						{"origin": [-0.9, 12.20551, -5.33108], "size": [4, 2, 3], "pivot": [1.1, 8.92707, -4.57717], "rotation": [-30.75, 9.5, 0], "uv": [37, 16]},
						{"origin": [-2.36041, 11.03538, -6.15447], "size": [5, 3, 4], "pivot": [0.86459, 12.27233, -5.98395], "rotation": [0.53094, 21.74951, 0.11422], "uv": [0, 22]},
						{"origin": [-1.36041, 12.03538, -8.15447], "size": [3, 2, 2], "pivot": [0.86459, 12.27233, -5.98395], "rotation": [0.53094, 21.74951, 0.11422], "uv": [38, 22]},
						{"origin": [-0.86041, 11.03538, -8.15447], "size": [2, 1, 2], "pivot": [0.86459, 12.27233, -5.98395], "rotation": [0.53094, 21.74951, 0.11422], "uv": [17, 10]},
						{"origin": [-2.9, 4.442, -2.81965], "size": [8, 2, 2], "pivot": [1.1, 8.92707, -4.57717], "rotation": [-15.5, 9.5, 0], "uv": [19, 26]},
						{"origin": [-1.25, 1.375, -4.25], "size": [5, 3, 3], "pivot": [1.25, 7, -1.725], "rotation": [8, 0, 0], "uv": [29, 0]},
						{"origin": [-1.75, -1.19736, -3.21022], "size": [6, 5, 3], "pivot": [1.25, 2.30264, -1.71022], "rotation": [80.25, 0, 0], "uv": [18, 17]},
						{"origin": [-1.775, 0.40264, 0.76478], "size": [6, 5, 4], "pivot": [1.575, 2.90264, 2.28978], "rotation": [-60.73544, -10.28462, -5.71319], "uv": [0, 10]},
						{"origin": [-2.02767, 0.82741, 2.5996], "size": [5, 5, 3], "pivot": [-0.02767, 3.32741, 3.9996], "rotation": [-31.57073, -42.67775, -44.42503], "uv": [26, 7]},
						{"origin": [-4.08317, 1.51328, 3.52808], "size": [4, 4, 3], "pivot": [-2.18317, 4.01328, 4.85308], "rotation": [24.47098, -41.60586, -118.60628], "uv": [30, 31]},
						{"origin": [-5.68934, -1.53112, 0.57717], "size": [4, 4, 3], "pivot": [-4.36049, 2.88868, 0.98508], "rotation": [51.26526, -26.86731, -160.77344], "uv": [15, 31]},
						{"origin": [-7.57353, -0.6471, -0.84833], "size": [4, 4, 3], "pivot": [-5.03221, 2.80603, -0.83585], "rotation": [66.98917, -1.06304, -172.74418], "uv": [0, 30]},
						{"origin": [-5.67415, 1.06002, -1.53675], "size": [3, 3, 3], "pivot": [-4.33221, 2.60603, -0.63585], "rotation": [117.86321, 0.04514, -177.88564], "uv": [0, 38]},
						{"origin": [-5.17415, 2.75703, -0.38065], "size": [2, 3, 2], "pivot": [-4.33221, 2.60603, -0.63585], "rotation": [150.86321, 0.04514, -177.88564], "uv": [13, 39]}
					]
				}
			]
		}
	]
}