{
	"format_version": "1.12.0",
	"minecraft:geometry": [
		{
			"description": {
				"identifier": "geometry.unknown",
				"texture_width": 64,
				"texture_height": 64,
				"visible_bounds_width": 3,
				"visible_bounds_height": 2.5,
				"visible_bounds_offset": [0, 0.75, 0]
			},
			"bones": [
				{
					"name": "bone2",
					"pivot": [0, 0, 0],
					"rotation": [0, 180, 0]
				},
				{
					"name": "bone",
					"parent": "bone2",
					"pivot": [0, 0, 0],
					"cubes": [
						{"origin": [-7, -5, -1], "size": [14, 14, 0], "uv": [0, 0]},
						{"origin": [-2, 0, -5], "size": [4, 4, 10], "uv": [0, 14]},
						{"origin": [-1.5, -1, -7], "size": [3, 3, 4], "pivot": [0, 1, 0], "rotation": [-30, 0, 0], "uv": [0, 28]},
						{"origin": [-1, -0.5, -10], "size": [2, 2, 3], "pivot": [0, 1, 0], "rotation": [-30, 0, 0], "uv": [0, 14]},
						{"origin": [0, -0.5, -13], "size": [0, 2, 3], "pivot": [0, 1, 0], "rotation": [-30, 0, 0], "uv": [10, 25]},
						{"origin": [-2, 4, 2], "size": [4, 2, 4], "uv": [24, 24]},
						{"origin": [-1.5, 6, 2.5], "size": [3, 2, 3], "uv": [0, 42]},
						{"origin": [-1, 3, 3.5], "size": [2, 2, 1], "pivot": [0, 7, 4], "rotation": [0, 0, -45], "uv": [23, 35]},
						{"origin": [-1, 8, 3.5], "size": [2, 2, 1], "pivot": [0, 7, 4], "rotation": [0, 0, -45], "uv": [9, 35]},
						{"origin": [-4, 6, 3.5], "size": [2, 2, 1], "pivot": [0, 7, 4], "rotation": [0, 0, -45], "uv": [32, 21]},
						{"origin": [-3, 4, 4.75], "size": [2, 2, 1], "pivot": [0, 7, 4], "rotation": [0, 0, -45], "uv": [28, 10]},
						{"origin": [1, 6, 3.5], "size": [2, 2, 1], "pivot": [0, 7, 4], "rotation": [0, 0, -45], "uv": [26, 30]},
						{"origin": [-1.5, 1, 2.5], "size": [3, 3, 3], "uv": [39, 40]},
						{"origin": [-1, 8, 3], "size": [2, 2, 2], "uv": [0, 19]},
						{"origin": [-1.5, 11, 3], "size": [3, 2, 3], "pivot": [0, 12, 4.5], "rotation": [0, -45, 0], "uv": [41, 4]},
						{"origin": [1.525, 11, 3.5], "size": [0, 2, 2], "pivot": [0, 12, 4.5], "rotation": [0, -45, 0], "uv": [60, 60]},
						{"origin": [1.575, 11.5, 4], "size": [0, 1, 1], "pivot": [0, 12, 4.5], "rotation": [0, -45, 0], "uv": [0, 46]},
						{"origin": [-1, 11, 6.025], "size": [2, 2, 0], "pivot": [0, 12, 4.5], "rotation": [0, -45, 0], "uv": [60, 62]},
						{"origin": [-0.5, 11.5, 6.1], "size": [1, 1, 0], "pivot": [0, 12, 4.5], "rotation": [0, -45, 0], "uv": [0, 47]},
						{"origin": [-4, 11, 2.5], "size": [4, 2, 4], "pivot": [0, 12, 4.5], "rotation": [0, -90, 0], "uv": [18, 14]},
						{"origin": [-8, 11, 3], "size": [4, 2, 3], "pivot": [0, 12, 4.5], "rotation": [0, -90, 0], "uv": [37, 35]},
						{"origin": [-12, 11, 3.5], "size": [4, 2, 2], "pivot": [0, 12, 4.5], "rotation": [0, -90, 0], "uv": [42, 9]},
						{"origin": [-2, 10, 2.5], "size": [4, 1, 4], "pivot": [0, 12, 4.5], "rotation": [0, -45, 0], "uv": [30, 30]},
						{"origin": [-2, 13, 2.5], "size": [4, 1, 4], "pivot": [0, 12, 4.5], "rotation": [0, -45, 0], "uv": [30, 16]},
						{"origin": [-4, 13, 2.5], "size": [4, 1, 4], "inflate": 0.01, "pivot": [0, 12, 4.5], "rotation": [0, -90, 0], "uv": [14, 30]},
						{"origin": [-12, 10, 3], "size": [4, 1, 3], "inflate": 0.01, "pivot": [0, 12, 4.5], "rotation": [0, -90, 0], "uv": [18, 20]},
						{"origin": [-8, 10, 2.5], "size": [4, 1, 4], "inflate": 0.01, "pivot": [0, 12, 4.5], "rotation": [0, -90, 0], "uv": [28, 0]},
						{"origin": [-4, 10, 2.5], "size": [4, 1, 4], "inflate": 0.01, "pivot": [0, 12, 4.5], "rotation": [0, -90, 0], "uv": [28, 5]},
						{"origin": [-8, 13, 2.5], "size": [4, 1, 4], "inflate": 0.01, "pivot": [0, 12, 4.5], "rotation": [0, -90, 0], "uv": [30, 10]},
						{"origin": [-12, 13, 3], "size": [4, 1, 3], "inflate": 0.01, "pivot": [0, 12, 4.5], "rotation": [0, -90, 0], "uv": [40, 0]},
						{"origin": [1, 13, 5.5], "size": [1, 1, 1], "inflate": 0.01, "pivot": [0, 12, 4.5], "rotation": [0, -45, 0], "uv": [28, 0]},
						{"origin": [-4, 0, 3], "size": [2, 2, 5], "pivot": [-2, 1, 5], "rotation": [0, -45, 0], "uv": [36, 21]},
						{"origin": [-3.5, 0.5, 8], "size": [1, 1, 1], "pivot": [-2, 1, 5], "rotation": [0, -45, 0], "uv": [0, 28]},
						{"origin": [2, 0, -8], "size": [2, 2, 5], "pivot": [2, 1, -5], "rotation": [0, -45, 0], "uv": [0, 35]},
						{"origin": [2.5, 0.5, -9], "size": [1, 1, 1], "pivot": [2, 1, -5], "rotation": [0, -45, 0], "uv": [18, 16]},
						{"origin": [-4, 0, -8], "size": [2, 2, 5], "pivot": [-2, 1, -5], "rotation": [0, 45, 0], "uv": [14, 35]},
						{"origin": [-3.5, 0.5, -9], "size": [1, 1, 1], "pivot": [-2, 1, -5], "rotation": [0, 45, 0], "uv": [6, 19]},
						{"origin": [2, 0, 3], "size": [2, 2, 5], "pivot": [2, 1, 5], "rotation": [0, 45, 0], "uv": [28, 35]},
						{"origin": [2.5, 0.5, 8], "size": [1, 1, 1], "pivot": [2, 1, 5], "rotation": [0, 45, 0], "uv": [18, 14]},
						{"origin": [-1, 0, -1], "size": [2, 2, 2], "uv": [0, 0]}
					]
				}
			]
		}
	]
}