{
	"format_version": "1.12.0",
	"minecraft:geometry": [
		{
			"description": {
				"identifier": "geometry.unknown",
				"texture_width": 64,
				"texture_height": 64,
				"visible_bounds_width": 2,
				"visible_bounds_height": 1.5,
				"visible_bounds_offset": [0, 0.25, 0]
			},
			"bones": [
				{
					"name": "bone",
					"pivot": [0, 0, 0],
					"cubes": [
						{"origin": [-2.5, 0, -7], "size": [5, 5, 4], "pivot": [0, 0, 0], "rotation": [-22.5, 0, 0], "uv": [16, 6]},
						{"origin": [2.525, 1.5, -5.5], "size": [0, 2, 1], "pivot": [0, 0, 0], "rotation": [-22.5, 0, 0], "uv": [0, 21]},
						{"origin": [-2.525, 1.5, -5.5], "size": [0, 2, 1], "pivot": [0, 0, 0], "rotation": [-22.5, 0, 0], "uv": [0, 21]},
						{"origin": [-2, 0, -3], "size": [4, 4, 6], "uv": [0, 0]},
						{"origin": [1, 0, -4], "size": [2, 1, 2], "pivot": [2, 0, -3], "rotation": [0, -22.5, 0], "uv": [20, 3]},
						{"origin": [-3, 0, 2], "size": [2, 1, 2], "pivot": [-2, 0, 3], "rotation": [0, -45, 0], "uv": [18, 17]},
						{"origin": [1, 0, 2], "size": [2, 1, 2], "pivot": [2, 0, 3], "rotation": [0, 45, 0], "uv": [0, 19]},
						{"origin": [-3, 0, -4], "size": [2, 1, 2], "pivot": [-2, 0, -3], "rotation": [0, 22.5, 0], "uv": [8, 19]},
						{"origin": [-2, 1.5, -3], "size": [4, 3, 6], "inflate": 0.1, "pivot": [0, 0, 0], "rotation": [-10, 0, 0], "uv": [0, 10]},
						{"origin": [-1, 4, -0.5], "size": [2, 3, 2], "pivot": [0, 0, 0], "rotation": [-10, 0, 0], "uv": [14, 0]}
					]
				}
			]
		}
	]
}