{
	"format_version": "1.12.0",
	"minecraft:geometry": [
		{
			"description": {
				"identifier": "geometry.unknown",
				"texture_width": 64,
				"texture_height": 64,
				"visible_bounds_width": 3,
				"visible_bounds_height": 2.5,
				"visible_bounds_offset": [0, 0.75, 0]
			},
			"bones": [
				{
					"name": "bone14",
					"pivot": [0, 0, 0],
					"cubes": [
						{"origin": [-2.5, 0, -2.5], "size": [5, 5, 5], "uv": [0, 0]},
						{"origin": [-2, 5, -2], "size": [4, 4, 4], "uv": [14, 16]},
						{"origin": [-1, 6, -3], "size": [2, 1, 1], "uv": [0, 19]},
						{"origin": [-0.5, 5.5, -2.5], "size": [1, 1, 1], "uv": [0, 0]},
						{"origin": [-1.5, 8, -2.1], "size": [3, 5, 0], "pivot": [0, 9, -2], "rotation": [-22.5, 0, 0], "uv": [0, 14]},
						{"origin": [-4.5, 8, -2], "size": [9, 5, 0], "pivot": [0, 9, -2], "rotation": [-22.5, 0, 0], "uv": [0, 24]}
					]
				},
				{
					"name": "bone9",
					"parent": "bone14",
					"pivot": [0, 0, 2.5],
					"rotation": [45, 0, 0],
					"cubes": [
						{"origin": [-2.5, 0, 2.5], "size": [5, 0, 3], "uv": [25, 3]}
					]
				},
				{
					"name": "bone10",
					"parent": "bone9",
					"pivot": [0, 0, 5.5],
					"rotation": [-38.5, 0, 0],
					"cubes": [
						{"origin": [-2.5, 0, 5.5], "size": [5, 0, 3], "uv": [25, 0]}
					]
				},
				{
					"name": "bone11",
					"parent": "bone10",
					"pivot": [0, 0, 8.5],
					"rotation": [-37, 0, 0],
					"cubes": [
						{"origin": [-2.5, 0, 8.5], "size": [5, 0, 3], "uv": [15, 24]}
					]
				},
				{
					"name": "bone12",
					"parent": "bone11",
					"pivot": [0, 0, 11.5],
					"rotation": [12, 0, 0],
					"cubes": [
						{"origin": [-2.5, 0, 11.5], "size": [5, 0, 3], "uv": [23, 16]}
					]
				},
				{
					"name": "bone6",
					"parent": "bone14",
					"pivot": [-2.5, 5, 0],
					"rotation": [0, 0, -45],
					"cubes": [
						{"origin": [-6.5, 5, -2.5], "size": [4, 0, 5], "uv": [17, 6]}
					]
				},
				{
					"name": "bone7",
					"parent": "bone6",
					"pivot": [-6.5, 5, 0],
					"rotation": [0, 0, 22.5],
					"cubes": [
						{"origin": [-10.5, 5, -2.5], "size": [4, 0, 6], "uv": [8, 10]}
					]
				},
				{
					"name": "bone8",
					"parent": "bone7",
					"pivot": [-10.5, 5, 0],
					"rotation": [0, 0, 10],
					"cubes": [
						{"origin": [-14.5, 5, -2.5], "size": [4, 0, 6], "uv": [0, 10]}
					]
				},
				{
					"name": "bone3",
					"parent": "bone14",
					"pivot": [2.5, 5, 0],
					"rotation": [0, 0, 45],
					"cubes": [
						{"origin": [2.5, 5, -2.5], "size": [4, 0, 5], "uv": [17, 11]}
					]
				},
				{
					"name": "bone4",
					"parent": "bone3",
					"pivot": [6.5, 5, 0],
					"rotation": [0, 0, -22.5],
					"cubes": [
						{"origin": [6.5, 5, -2.5], "size": [4, 0, 6], "uv": [0, 16]}
					]
				},
				{
					"name": "bone5",
					"parent": "bone4",
					"pivot": [10.5, 5, 0],
					"rotation": [0, 0, -10],
					"cubes": [
						{"origin": [10.5, 5, -2.5], "size": [4, 0, 6], "uv": [14, 0]}
					]
				},
				{
					"name": "bone",
					"parent": "bone14",
					"pivot": [-1, 0, -1],
					"rotation": [0, 22.5, 0],
					"cubes": [
						{"origin": [-1.5, 0, -5.5], "size": [1, 0, 4], "uv": [11, 0]},
						{"origin": [-1.5, 0, -5.5], "size": [1, 1, 0], "uv": [2, 2]}
					]
				},
				{
					"name": "bone2",
					"parent": "bone14",
					"pivot": [1, 0, -1],
					"rotation": [0, -22.5, 0],
					"cubes": [
						{"origin": [0.5, 0, -5.5], "size": [1, 0, 4], "uv": [0, 10]},
						{"origin": [0.5, 0, -5.5], "size": [1, 1, 0], "uv": [0, 2]}
					]
				}
			]
		}
	]
}