{
	"format_version": "1.12.0",
	"minecraft:geometry": [
		{
			"description": {
				"identifier": "geometry.unknown",
				"texture_width": 32,
				"texture_height": 32,
				"visible_bounds_width": 2,
				"visible_bounds_height": 2.5,
				"visible_bounds_offset": [0, 0.75, 0]
			},
			"bones": [
				{
					"name": "bone",
					"pivot": [0, 0, 0],
					"cubes": [
						{"origin": [-2, 5, -2], "size": [4, 4, 4], "uv": [0, 10]},
						{"origin": [-0.5, 6.5, -2.02], "size": [1, 1, 0], "uv": [4, 15]},
						{"origin": [-0.5, 7, -2.025], "size": [1, 1, 0], "uv": [5, 15]},
						{"origin": [0, 2, 2], "size": [0, 5, 3], "uv": [0, 15]},
						{"origin": [-2, 5, -2.6], "size": [1, 2, 1], "pivot": [-2, 5, -1.6], "rotation": [22.5, 0, -22.5], "uv": [0, 10]},
						{"origin": [1, 5, -2.6], "size": [1, 2, 1], "pivot": [2, 5, -1.6], "rotation": [22.5, 0, 22.5], "uv": [0, 0]},
						{"origin": [-4, 8.5, 0], "size": [3, 3, 0], "pivot": [0, 8.5, 0], "rotation": [0, 0, -15], "uv": [15, 0]},
						{"origin": [1, 8.5, 0], "size": [3, 3, 0], "pivot": [0, 8.5, 0], "rotation": [0, 0, 15], "uv": [12, 10]},
						{"origin": [-2.5, 0, -2.5], "size": [5, 5, 5], "uv": [0, 0]}
					]
				}
			]
		}
	]
}