{
	"format_version": "1.12.0",
	"minecraft:geometry": [
		{
			"description": {
				"identifier": "geometry.unknown",
				"texture_width": 64,
				"texture_height": 64,
				"visible_bounds_width": 3,
				"visible_bounds_height": 2.5,
				"visible_bounds_offset": [0, 0.75, 0]
			},
			"bones": [
				{
					"name": "banette",
					"pivot": [0, 0, 0]
				},
				{
					"name": "Body",
					"parent": "banette",
					"pivot": [0, 1.5, 0],
					"rotation": [-40, 0, 0],
					"cubes": [
						{"origin": [-3, 1, -2], "size": [6, 4, 4], "uv": [0, 33]}
					]
				},
				{
					"name": "Leg2",
					"parent": "Body",
					"pivot": [-2, 1, 0],
					"rotation": [-43.35133, 20.70481, 9.00717],
					"cubes": [
						{"origin": [-3, -1, -1], "size": [2, 2, 2], "uv": [0, 51]}
					]
				},
				{
					"name": "Leg1",
					"parent": "Body",
					"pivot": [2, 1, 0],
					"rotation": [-43.35133, -20.70481, -9.00717],
					"cubes": [
						{"origin": [1, -1, -1], "size": [2, 2, 2], "uv": [28, 28]}
					]
				},
				{
					"name": "UpperBody",
					"parent": "Body",
					"pivot": [0, 5, 0],
					"rotation": [45, 0, 0],
					"cubes": [
						{"origin": [-2.5, 4, -1.5], "size": [5, 3, 3], "uv": [17, 38]}
					]
				},
				{
					"name": "Arm2",
					"parent": "UpperBody",
					"pivot": [-2.5, 6, 0],
					"rotation": [0, 0, -45],
					"cubes": [
						{"origin": [-7.5, 6, -1.5], "size": [5, 0, 3], "uv": [0, 41]}
					]
				},
				{
					"name": "bone3",
					"parent": "Arm2",
					"pivot": [-7.5, 6, 0],
					"rotation": [0, 0, 22.5],
					"cubes": [
						{"origin": [-12.5, 6, -2.5], "size": [5, 0, 5], "uv": [15, 33]}
					]
				},
				{
					"name": "Arm1",
					"parent": "UpperBody",
					"pivot": [2.5, 6, 0],
					"rotation": [0, 0, 45],
					"cubes": [
						{"origin": [2.5, 6, -1.5], "size": [5, 0, 3], "uv": [0, 44]}
					]
				},
				{
					"name": "bone4",
					"parent": "Arm1",
					"pivot": [7.5, 6, 0],
					"rotation": [0, 0, -22.5],
					"cubes": [
						{"origin": [7.5, 6, -2.5], "size": [5, 0, 5], "uv": [17, 21]}
					]
				},
				{
					"name": "Head",
					"parent": "UpperBody",
					"pivot": [0, 7.5, 0.3],
					"rotation": [20, 0, 0],
					"cubes": [
						{"origin": [-3.5, 7.5, -3.05], "size": [7, 2, 0], "uv": [28, 26]},
						{"origin": [1, 7.5, -0.7], "size": [5, 9, 0], "pivot": [3, 12.5, -0.7], "rotation": [-20.94102, 8.42106, 20.94102], "uv": [23, 44]},
						{"origin": [-4, 7, -3], "size": [8, 6, 6], "uv": [0, 21]},
						{"origin": [-2.5, 13, -2], "size": [5, 5, 0], "pivot": [0, 13, -2], "rotation": [-10, 0, 0], "uv": [0, 55]},
						{"origin": [-6, 7.5, -0.7], "size": [5, 9, 0], "pivot": [-3, 12.5, -0.7], "rotation": [-20.94102, -8.42106, -20.94102], "uv": [13, 44]}
					]
				}
			]
		}
	]
}