{
	"format_version": "1.12.0",
	"minecraft:geometry": [
		{
			"description": {
				"identifier": "geometry.unknown",
				"texture_width": 64,
				"texture_height": 64,
				"visible_bounds_width": 2,
				"visible_bounds_height": 2.5,
				"visible_bounds_offset": [0, 0.75, 0]
			},
			"bones": [
				{
					"name": "bb_main",
					"pivot": [0, 0, 0],
					"cubes": [
						{"origin": [-3, 0, -4], "size": [6, 4, 8], "uv": [0, 0]},
						{"origin": [-2.5, 8, -6], "size": [5, 5, 6], "uv": [0, 12]},
						{"origin": [2.6, 10.5, -4.5], "size": [0, 1, 1], "uv": [0, 6]},
						{"origin": [-2.525, 10.5, -4.5], "size": [0, 1, 1], "uv": [0, 6]},
						{"origin": [-3.5, 12, -6], "size": [7, 9, 0], "pivot": [0, 13, -6], "rotation": [-7.5, 0, 0], "uv": [22, 12]},
						{"origin": [-2, 4, -3.5], "size": [4, 5, 3], "uv": [20, 0]},
						{"origin": [2, 0, -7], "size": [2, 2, 5], "pivot": [3, 0, -4], "rotation": [0, -22.5, 0], "uv": [0, 23]},
						{"origin": [-4, 0, 2], "size": [2, 2, 5], "pivot": [-3, 0, 4], "rotation": [0, -45, 0], "uv": [17, 21]},
						{"origin": [-4, 0, -7], "size": [2, 2, 5], "pivot": [-3, 0, -4], "rotation": [0, 22.5, 0], "uv": [0, 23]},
						{"origin": [2, 0, 2], "size": [2, 2, 5], "pivot": [3, 0, 4], "rotation": [0, 45, 0], "uv": [17, 21]}
					]
				},
				{
					"name": "bone2",
					"pivot": [0, 4, -2],
					"rotation": [0, 45, 0],
					"cubes": [
						{"origin": [-2, 3.9, -7.5], "size": [4, 0, 4], "pivot": [0, 4, -3], "rotation": [-22.5, 0, 0], "uv": [0, 30]}
					]
				},
				{
					"name": "bone3",
					"parent": "bone2",
					"pivot": [0, 4, -2]
				},
				{
					"name": "bone",
					"parent": "bone3",
					"pivot": [0, 4, -2],
					"rotation": [0, 180, 0],
					"cubes": [
						{"origin": [-2, 3.9, -7.5], "size": [4, 0, 4], "pivot": [0, 4, -3], "rotation": [-22.5, 0, 0], "uv": [0, 30]}
					]
				},
				{
					"name": "bone4",
					"parent": "bone2",
					"pivot": [0, 4, -2],
					"rotation": [0, 90, 0],
					"cubes": [
						{"origin": [-2, 3.9, -7.5], "size": [4, 0, 4], "pivot": [0, 4, -3], "rotation": [-22.5, 0, 0], "uv": [0, 30]}
					]
				},
				{
					"name": "bone5",
					"parent": "bone4",
					"pivot": [0, 4, -2]
				},
				{
					"name": "bone6",
					"parent": "bone5",
					"pivot": [0, 4, -2],
					"rotation": [0, 180, 0],
					"cubes": [
						{"origin": [-2, 3.9, -7.5], "size": [4, 0, 4], "pivot": [0, 4, -3], "rotation": [-22.5, 0, 0], "uv": [0, 30]}
					]
				},
				{
					"name": "bone7",
					"pivot": [0, 4, -2],
					"cubes": [
						{"origin": [-2, 3.9, -7.5], "size": [4, 0, 4], "pivot": [0, 4, -3], "rotation": [-22.5, 0, 0], "uv": [0, 30]}
					]
				},
				{
					"name": "bone8",
					"parent": "bone7",
					"pivot": [0, 4, -2]
				},
				{
					"name": "bone9",
					"parent": "bone8",
					"pivot": [0, 4, -2],
					"rotation": [0, 180, 0],
					"cubes": [
						{"origin": [-2, 3.9, -7.5], "size": [4, 0, 4], "pivot": [0, 4, -3], "rotation": [-22.5, 0, 0], "uv": [0, 30]}
					]
				},
				{
					"name": "bone10",
					"parent": "bone7",
					"pivot": [0, 4, -2],
					"rotation": [0, 90, 0],
					"cubes": [
						{"origin": [-2, 3.9, -7.5], "size": [4, 0, 4], "pivot": [0, 4, -3], "rotation": [-22.5, 0, 0], "uv": [0, 30]}
					]
				},
				{
					"name": "bone11",
					"parent": "bone10",
					"pivot": [0, 4, -2]
				},
				{
					"name": "bone12",
					"parent": "bone11",
					"pivot": [0, 4, -2],
					"rotation": [0, 180, 0],
					"cubes": [
						{"origin": [-2, 3.9, -7.5], "size": [4, 0, 4], "pivot": [0, 4, -3], "rotation": [-22.5, 0, 0], "uv": [0, 30]}
					]
				}
			]
		}
	]
}