{
	"format_version": "1.12.0",
	"minecraft:geometry": [
		{
			"description": {
				"identifier": "geometry.unknown",
				"texture_width": 64,
				"texture_height": 64,
				"visible_bounds_width": 3,
				"visible_bounds_height": 2.5,
				"visible_bounds_offset": [0, 0.75, 0]
			},
			"bones": [
				{
					"name": "beedrill_plushie",
					"pivot": [0, 0, 0],
					"rotation": [-15.5, 0, 0],
					"cubes": [
						{"origin": [-2, 9.12993, -1.54754], "size": [4, 4, 4], "pivot": [0, 8.10015, 0.65158], "rotation": [32.75, 0, 0], "uv": [17, 14]},
						{"origin": [-1.74901, 12.9186, -0.94559], "size": [1, 3, 1], "pivot": [0, 8.10015, 0.65158], "rotation": [36.25273, -36.92311, -2.63628], "uv": [5, 42]},
						{"origin": [-1.74901, 10.03492, -6.54811], "size": [1, 3, 1], "inflate": 0.1, "pivot": [0, 8.10015, 0.65158], "rotation": [-11.24727, -36.92311, -2.63628], "uv": [20, 41]},
						{"origin": [0.74901, 12.9186, -0.94559], "size": [1, 3, 1], "pivot": [0, 8.10015, 0.65158], "rotation": [36.25273, 36.92311, 2.63628], "uv": [40, 9]},
						{"origin": [0.74901, 10.03492, -6.54811], "size": [1, 3, 1], "inflate": 0.1, "pivot": [0, 8.10015, 0.65158], "rotation": [-11.24727, 36.92311, 2.63628], "uv": [15, 41]},
						{"origin": [-1.5, 6.34708, -1.23874], "size": [3, 3, 3], "pivot": [0, 8.10015, 0.65158], "rotation": [22.5, 0, 0], "uv": [14, 27]},
						{"origin": [1.20595, 7.31574, 0.91505], "size": [10, 5, 1], "pivot": [0, 8.10015, 0.65158], "rotation": [21.15032, -15.59596, -32.45686], "uv": [0, 7]},
						{"origin": [0.91085, 5.03755, 1.41505], "size": [7, 5, 1], "pivot": [0, 8.10015, 0.65158], "rotation": [-0.35495, -26.06241, 23.55448], "uv": [23, 7]},
						{"origin": [7.91085, 6.03755, 1.41505], "size": [1, 3, 1], "pivot": [0, 8.10015, 0.65158], "rotation": [-0.35495, -26.06241, 23.55448], "uv": [0, 39]},
						{"origin": [1.20595, 5.31574, 0.91505], "size": [7, 2, 1], "pivot": [0, 8.10015, 0.65158], "rotation": [21.15032, -15.59596, -32.45686], "uv": [0, 26]},
						{"origin": [4.20595, 12.31574, 0.91505], "size": [5, 1, 1], "pivot": [0, 8.10015, 0.65158], "rotation": [21.15032, -15.59596, -32.45686], "uv": [0, 30]},
						{"origin": [-11.20595, 7.31574, 0.91505], "size": [10, 5, 1], "pivot": [0, 8.10015, 0.65158], "rotation": [21.15032, 15.59596, 32.45686], "uv": [0, 0]},
						{"origin": [-9.20595, 12.31574, 0.91505], "size": [5, 1, 1], "pivot": [0, 8.10015, 0.65158], "rotation": [21.15032, 15.59596, 32.45686], "uv": [24, 27]},
						{"origin": [-8.20595, 5.31574, 0.91505], "size": [7, 2, 1], "pivot": [0, 8.10015, 0.65158], "rotation": [21.15032, 15.59596, 32.45686], "uv": [16, 23]},
						{"origin": [-7.91085, 5.03755, 1.41505], "size": [7, 5, 1], "pivot": [0, 8.10015, 0.65158], "rotation": [-0.35495, 26.06241, -23.55448], "uv": [23, 0]},
						{"origin": [-8.91085, 6.03755, 1.41505], "size": [1, 3, 1], "pivot": [0, 8.10015, 0.65158], "rotation": [-0.35495, 26.06241, -23.55448], "uv": [27, 38]},
						{"origin": [1.2246, 7.23851, -0.25448], "size": [2, 1, 1], "pivot": [0, 8.10015, 0.65158], "rotation": [21.38456, 5.57609, -22.60755], "uv": [40, 6]},
						{"origin": [1.76579, 9.84041, 0.36946], "size": [2, 1, 1], "pivot": [0, 8.10015, 0.65158], "rotation": [7.81106, 16.40674, 37.10307], "uv": [40, 3]},
						{"origin": [1.45024, 8.13126, -0.16309], "size": [4, 1, 1], "pivot": [0, 8.10015, 0.65158], "rotation": [22.32485, -11.33581, 38.09611], "uv": [34, 36]},
						{"origin": [0.9429, 12.56635, -0.16309], "size": [5, 1, 1], "pivot": [0, 8.10015, 0.65158], "rotation": [-3.3869, -24.68929, 110.58141], "uv": [27, 30]},
						{"origin": [2.79243, 0.46717, 1.42836], "size": [4, 1, 1], "pivot": [4.76743, 0.94217, 3.25336], "rotation": [17.62333, 34.20851, 10.12594], "uv": [34, 33]},
						{"origin": [-6.79243, 0.46717, 1.42836], "size": [4, 1, 1], "pivot": [-4.76743, 0.94217, 3.25336], "rotation": [17.62333, -34.20851, -10.12594], "uv": [9, 34]},
						{"origin": [-5.9429, 12.56635, -0.16309], "size": [5, 1, 1], "pivot": [0, 8.10015, 0.65158], "rotation": [-3.3869, 24.68929, -110.58141], "uv": [30, 14]},
						{"origin": [-5.45024, 8.13126, -0.16309], "size": [4, 1, 1], "pivot": [0, 8.10015, 0.65158], "rotation": [22.32485, 11.33581, -38.09611], "uv": [34, 17]},
						{"origin": [3.76579, 9.34041, -0.13054], "size": [2, 2, 2], "pivot": [0, 8.10015, 0.65158], "rotation": [7.81106, 16.40674, 37.10307], "uv": [18, 36]},
						{"origin": [5.76579, 9.84041, 0.36946], "size": [2, 1, 1], "inflate": 0.2, "pivot": [0, 8.10015, 0.65158], "rotation": [7.81106, 16.40674, 37.10307], "uv": [40, 0]},
						{"origin": [7.76579, 9.84041, 0.36946], "size": [2, 1, 1], "pivot": [0, 8.10015, 0.65158], "rotation": [7.81106, 16.40674, 37.10307], "uv": [39, 39]},
						{"origin": [-3.76579, 9.84041, 0.36946], "size": [2, 1, 1], "pivot": [0, 8.10015, 0.65158], "rotation": [7.81106, -16.40674, -37.10307], "uv": [13, 14]},
						{"origin": [-5.76579, 9.34041, -0.13054], "size": [2, 2, 2], "pivot": [0, 8.10015, 0.65158], "rotation": [7.81106, -16.40674, -37.10307], "uv": [25, 33]},
						{"origin": [-7.76579, 9.84041, 0.36946], "size": [2, 1, 1], "inflate": 0.2, "pivot": [0, 8.10015, 0.65158], "rotation": [7.81106, -16.40674, -37.10307], "uv": [37, 26]},
						{"origin": [-9.76579, 9.84041, 0.36946], "size": [2, 1, 1], "pivot": [0, 8.10015, 0.65158], "rotation": [7.81106, -16.40674, -37.10307], "uv": [39, 20]},
						{"origin": [-3.2246, 7.23851, -0.25448], "size": [2, 1, 1], "pivot": [0, 8.10015, 0.65158], "rotation": [21.38456, -5.57609, 22.60755], "uv": [32, 39]},
						{"origin": [-2, 1.75, -1.325], "size": [4, 5, 4], "pivot": [0, 8.10015, 0.65158], "rotation": [6.25, 0, 0], "uv": [0, 14]},
						{"origin": [-1, 0.28151, 1.27656], "size": [2, 2, 2], "pivot": [0, 8.10015, 0.65158], "rotation": [-8.75, 0, 0], "uv": [7, 37]},
						{"origin": [1.53715, 10.37735, 0.50352], "size": [1, 2, 3], "pivot": [0, 8.10015, 0.65158], "rotation": [57.13112, 5.32777, 8.17744], "uv": [33, 20]},
						{"origin": [-2.53715, 10.37735, 0.50352], "size": [1, 2, 3], "pivot": [0, 8.10015, 0.65158], "rotation": [57.13112, -5.32777, -8.17744], "uv": [0, 33]}
					]
				}
			]
		}
	]
}