{
	"format_version": "1.12.0",
	"minecraft:geometry": [
		{
			"description": {
				"identifier": "geometry.unknown",
				"texture_width": 64,
				"texture_height": 64,
				"visible_bounds_width": 2,
				"visible_bounds_height": 2.5,
				"visible_bounds_offset": [0, 0.75, 0]
			},
			"bones": [
				{
					"name": "blastoise_plushie",
					"pivot": [0, 0, 0],
					"cubes": [
						{"origin": [-5, 0.0265, -0.91896], "size": [10, 12, 4], "inflate": -0.1, "pivot": [0, 6.4015, -0.28146], "rotation": [18.5, 0, 0], "uv": [0, 0]},
						{"origin": [-1.5, -0.01173, 0.50844], "size": [3, 2, 6], "pivot": [0, 0.78827, 3.03344], "rotation": [1.75, 0, 0], "uv": [18, 56]},
						{"origin": [1.925, 8.49842, 1.40537], "size": [3, 4, 2], "inflate": 0.1, "pivot": [3.5, 11.22342, 2.70537], "rotation": [5.27479, -11.89231, 39.00557], "uv": [50, 22]},
						{"origin": [4.694, 11.6625, 0.09994], "size": [2, 3, 2], "inflate": -0.1, "pivot": [5.194, 14.0125, 1.99994], "rotation": [27.52479, -11.89231, 39.00557], "uv": [35, 51]},
						{"origin": [4.694, 14.6625, 0.09994], "size": [2, 2, 2], "inflate": -0.1, "pivot": [5.194, 14.0125, 1.99994], "rotation": [27.52479, -11.89231, 39.00557], "uv": [44, 51]},
						{"origin": [5.194, 14.1625, 0.59994], "size": [1, 1, 1], "pivot": [5.194, 14.0125, 1.99994], "rotation": [27.52479, -11.89231, 39.00557], "uv": [29, 8]},
						{"origin": [-6.194, 14.1625, 0.59994], "size": [1, 1, 1], "pivot": [-5.194, 14.0125, 1.99994], "rotation": [27.52479, 11.89231, -39.00557], "uv": [25, 0]},
						{"origin": [-6.694, 11.6625, 0.09994], "size": [2, 3, 2], "inflate": -0.1, "pivot": [-5.194, 14.0125, 1.99994], "rotation": [27.52479, 11.89231, -39.00557], "uv": [11, 51]},
						{"origin": [-6.694, 14.6625, 0.09994], "size": [2, 2, 2], "inflate": -0.1, "pivot": [-5.194, 14.0125, 1.99994], "rotation": [27.52479, 11.89231, -39.00557], "uv": [50, 35]},
						{"origin": [-4.925, 8.49842, 1.40537], "size": [3, 4, 2], "inflate": 0.1, "pivot": [-3.5, 11.22342, 2.70537], "rotation": [5.27479, 11.89231, -39.00557], "uv": [0, 48]},
						{"origin": [-5, 0.0265, -0.89396], "size": [10, 12, 1], "inflate": 0.1, "pivot": [0, 6.4015, -0.28146], "rotation": [18.5, 0, 0], "uv": [27, 24]},
						{"origin": [-4.5, 0.57259, -3.71157], "size": [9, 11, 4], "pivot": [0, 7.09759, -0.71157], "rotation": [13, 0, 0], "uv": [0, 17]},
						{"origin": [2.58306, 0.43939, -4.08273], "size": [4, 3, 4], "pivot": [5.08306, 1.9103, -3.30883], "rotation": [-2.63184, -7.82768, 12.83578], "uv": [0, 33]},
						{"origin": [2.30806, 0.35368, -5.52366], "size": [4, 4, 2], "pivot": [5.08306, 1.9103, -3.30883], "rotation": [7.98652, -6.42518, 1.84007], "uv": [46, 0]},
						{"origin": [2.57329, 3.50429, -6.12438], "size": [1, 1, 0], "pivot": [3.19829, 4.57929, -6.14938], "rotation": [10.18272, 1.05998, -42.61649], "uv": [23, 19]},
						{"origin": [3.57329, 2.75429, -6.09938], "size": [1, 1, 0], "pivot": [3.19829, 4.57929, -6.14938], "rotation": [10.18272, 1.05998, -42.61649], "uv": [23, 17]},
						{"origin": [3.64798, 3.17199, -9.98215], "size": [2, 2, 0], "pivot": [4.72298, 4.22199, -5.88215], "rotation": [100.10161, 38.07706, 9.00965], "uv": [18, 33]},
						{"origin": [4.32329, 1.75429, -6.12438], "size": [1, 1, 0], "pivot": [3.19829, 4.57929, -6.14938], "rotation": [10.18272, 1.05998, -42.61649], "uv": [0, 19]},
						{"origin": [-5.64798, 3.17199, -9.98215], "size": [2, 2, 0], "pivot": [-4.72298, 4.22199, -5.88215], "rotation": [100.10161, -38.07706, -9.00965], "uv": [13, 33]},
						{"origin": [-5.32329, 1.75429, -6.12438], "size": [1, 1, 0], "pivot": [-3.19829, 4.57929, -6.14938], "rotation": [10.18272, -1.05998, 42.61649], "uv": [0, 0]},
						{"origin": [-4.57329, 2.75429, -6.09938], "size": [1, 1, 0], "pivot": [-3.19829, 4.57929, -6.14938], "rotation": [10.18272, -1.05998, 42.61649], "uv": [0, 2]},
						{"origin": [-3.57329, 3.50429, -6.12438], "size": [1, 1, 0], "pivot": [-3.19829, 4.57929, -6.14938], "rotation": [10.18272, -1.05998, 42.61649], "uv": [0, 17]},
						{"origin": [3.47746, 7.19995, -3.9798], "size": [3, 3, 3], "inflate": -0.1, "pivot": [5.38572, 8.00763, -2.83045], "rotation": [48.04511, -49.12389, -36.04211], "uv": [46, 7]},
						{"origin": [3.97041, 7.19995, -5.87119], "size": [3, 3, 3], "pivot": [5.38572, 8.00763, -2.83045], "rotation": [29.96823, -13.02014, -3.37678], "uv": [13, 44]},
						{"origin": [2.37195, 6.92511, -10.28596], "size": [1, 0, 1], "pivot": [0, 6.20496, -5.1974], "rotation": [77.29553, -29.04454, -52.4602], "uv": [26, 38]},
						{"origin": [3.34695, 6.92511, -11.28596], "size": [1, 0, 1], "pivot": [0, 6.20496, -5.1974], "rotation": [77.29553, -29.04454, -52.4602], "uv": [38, 9]},
						{"origin": [-4.34695, 6.92511, -11.28596], "size": [1, 0, 1], "pivot": [0, 6.20496, -5.1974], "rotation": [77.29553, 29.04454, 52.4602], "uv": [34, 8]},
						{"origin": [-3.37195, 6.92511, -10.28596], "size": [1, 0, 1], "pivot": [0, 6.20496, -5.1974], "rotation": [77.29553, 29.04454, 52.4602], "uv": [22, 35]},
						{"origin": [-6.47746, 7.19995, -3.9798], "size": [3, 3, 3], "inflate": -0.1, "pivot": [-5.38572, 8.00763, -2.83045], "rotation": [48.04511, 49.12389, 36.04211], "uv": [0, 41]},
						{"origin": [-6.97041, 7.19995, -5.87119], "size": [3, 3, 3], "pivot": [-5.38572, 8.00763, -2.83045], "rotation": [29.96823, 13.02014, 3.37678], "uv": [42, 40]},
						{"origin": [-6.58306, 0.43939, -4.08273], "size": [4, 3, 4], "pivot": [-5.08306, 1.9103, -3.30883], "rotation": [-2.63184, 7.82768, -12.83578], "uv": [29, 0]},
						{"origin": [-6.30806, 0.35368, -5.52366], "size": [4, 4, 2], "pivot": [-5.08306, 1.9103, -3.30883], "rotation": [7.98652, 6.42518, -1.84007], "uv": [28, 43]},
						{"origin": [-3, 11.69999, -5.59375], "size": [6, 6, 6], "pivot": [0, 14.74594, -3.66521], "rotation": [0, 0, 0], "uv": [27, 11]},
						{"origin": [1.325, 15.47499, -2.71875], "size": [3, 3, 2], "pivot": [2.5, 17.19999, -2.59375], "rotation": [0, 19.25, -46.75], "uv": [50, 29]},
						{"origin": [-4.325, 15.47499, -2.71875], "size": [3, 3, 2], "pivot": [-2.5, 17.19999, -2.59375], "rotation": [0, -19.25, 46.75], "uv": [24, 50]},
						{"origin": [-2.5, 12.37499, -6.84375], "size": [5, 2, 2], "pivot": [0, 14.42094, -3.66521], "rotation": [0, 0, 0], "uv": [30, 38]},
						{"origin": [-2.5, 11.52499, -6.71875], "size": [5, 1, 2], "inflate": -0.1, "pivot": [0, 14.42094, -3.66521], "rotation": [0, 0, 0], "uv": [41, 47]},
						{"origin": [1.09602, 13.17634, -6.14375], "size": [1, 5, 1], "pivot": [1.59602, 16.00134, -6.09375], "rotation": [-14, 0, 45], "uv": [53, 51]},
						{"origin": [-2.09602, 13.17634, -6.14375], "size": [1, 5, 1], "pivot": [-1.59602, 16.00134, -6.09375], "rotation": [-14, 0, -45], "uv": [52, 14]},
						{"origin": [-2, 9.95464, -4.8175], "size": [4, 2, 4], "pivot": [0, 14.74594, -3.66521], "rotation": [14.25, 0, 0], "uv": [13, 37]}
					]
				}
			]
		}
	]
}