{
	"format_version": "1.12.0",
	"minecraft:geometry": [
		{
			"description": {
				"identifier": "geometry.unknown",
				"texture_width": 64,
				"texture_height": 64,
				"visible_bounds_width": 3,
				"visible_bounds_height": 2.5,
				"visible_bounds_offset": [0, 0.75, 0]
			},
			"bones": [
				{
					"name": "bone11",
					"pivot": [0, 0, 0],
					"cubes": [
						{"origin": [-4, 2, -4], "size": [8, 5, 8], "uv": [24, 23]},
						{"origin": [2, 0, -4], "size": [2, 2, 2], "uv": [24, 45]},
						{"origin": [-4, 0, -4], "size": [2, 2, 2], "uv": [8, 12]},
						{"origin": [-4, 0, 2], "size": [2, 2, 2], "uv": [0, 12]},
						{"origin": [2, 0, 2], "size": [2, 2, 2], "uv": [8, 6]},
						{"origin": [-3, 7, -3], "size": [6, 4, 6], "uv": [0, 41]}
					]
				},
				{
					"name": "bone3",
					"parent": "bone11",
					"pivot": [3, 4.5, -2.75],
					"rotation": [-10, -22.5, 0],
					"cubes": [
						{"origin": [3, 3.5, -6.75], "size": [2, 2, 4], "uv": [30, 41]},
						{"origin": [2.5, 3, -7.8], "size": [3, 3, 0], "uv": [38, 47]},
						{"origin": [1.5, 2, -7.75], "size": [5, 5, 1], "uv": [42, 41]}
					]
				},
				{
					"name": "bone4",
					"parent": "bone11",
					"pivot": [-3, 4.5, -2.75],
					"rotation": [-10, 22.5, 0],
					"cubes": [
						{"origin": [-5, 3.5, -6.75], "size": [2, 2, 4], "uv": [0, 6]},
						{"origin": [-5.5, 3, -7.8], "size": [3, 3, 0], "uv": [32, 47]},
						{"origin": [-6.5, 2, -7.75], "size": [5, 5, 1], "uv": [0, 0]}
					]
				},
				{
					"name": "bone12",
					"parent": "bone11",
					"pivot": [0, 12, 0],
					"cubes": [
						{"origin": [-8, 6, -8], "size": [16, 5, 0], "uv": [32, 36]},
						{"origin": [8, 6, -8], "size": [0, 5, 16], "uv": [0, 10]},
						{"origin": [-8, 6, 8], "size": [16, 5, 0], "uv": [0, 36]},
						{"origin": [-8, 6, -8], "size": [0, 5, 16], "uv": [0, 5]},
						{"origin": [-8, 11, -8], "size": [16, 5, 16], "uv": [0, 0]}
					]
				},
				{
					"name": "bone5",
					"parent": "bone12",
					"pivot": [0, 16, 0],
					"rotation": [0, 30, 0],
					"cubes": [
						{"origin": [0, 16, 4.5], "size": [0, 2, 3], "uv": [48, 3]},
						{"origin": [-1.5, 16, 6], "size": [3, 2, 0], "uv": [48, 6]}
					]
				},
				{
					"name": "bone6",
					"parent": "bone5",
					"pivot": [0, 16, 0],
					"rotation": [0, -60, 0],
					"cubes": [
						{"origin": [0, 16, 4.5], "size": [0, 2, 3], "uv": [48, -3]},
						{"origin": [-1.5, 16, 6], "size": [3, 2, 0], "uv": [48, 0]}
					]
				},
				{
					"name": "bone7",
					"parent": "bone6",
					"pivot": [0, 16, 0],
					"rotation": [0, -60, 0],
					"cubes": [
						{"origin": [0, 16, 4.5], "size": [0, 2, 3], "uv": [48, -3]},
						{"origin": [-1.5, 16, 6], "size": [3, 2, 0], "uv": [48, 0]}
					]
				},
				{
					"name": "bone8",
					"parent": "bone7",
					"pivot": [0, 16, 0],
					"rotation": [0, -60, 0],
					"cubes": [
						{"origin": [0, 16, 4.5], "size": [0, 2, 3], "uv": [48, -3]},
						{"origin": [-1.5, 16, 6], "size": [3, 2, 0], "uv": [48, 0]}
					]
				},
				{
					"name": "bone9",
					"parent": "bone8",
					"pivot": [0, 16, 0],
					"rotation": [0, -60, 0],
					"cubes": [
						{"origin": [0, 16, 4.5], "size": [0, 2, 3], "uv": [48, 3]},
						{"origin": [-1.5, 16, 6], "size": [3, 2, 0], "uv": [48, 6]}
					]
				},
				{
					"name": "bone10",
					"parent": "bone9",
					"pivot": [0, 16, 0],
					"rotation": [0, -60, 0],
					"cubes": [
						{"origin": [0, 16, 4.5], "size": [0, 2, 3], "uv": [48, 3]},
						{"origin": [-1.5, 16, 6], "size": [3, 2, 0], "uv": [48, 6]}
					]
				},
				{
					"name": "bone",
					"parent": "bone11",
					"pivot": [0, 2, 4],
					"rotation": [22.5, 0, 0],
					"cubes": [
						{"origin": [-4, 2, 4], "size": [8, 0, 4], "uv": [14, 41]}
					]
				},
				{
					"name": "bone2",
					"parent": "bone",
					"pivot": [0, 2, 8],
					"rotation": [-25, 0, 0],
					"cubes": [
						{"origin": [-4, 2, 8], "size": [8, 0, 4], "uv": [0, 31]}
					]
				}
			]
		}
	]
}