{
	"format_version": "1.12.0",
	"minecraft:geometry": [
		{
			"description": {
				"identifier": "geometry.unknown",
				"texture_width": 64,
				"texture_height": 64,
				"visible_bounds_width": 3,
				"visible_bounds_height": 2.5,
				"visible_bounds_offset": [0, 0.75, 0]
			},
			"bones": [
				{
					"name": "butterfree_plushie",
					"pivot": [0, -0.125, 0],
					"cubes": [
						{"origin": [-2.5, 4.125, -2.75], "size": [5, 5, 5], "uv": [0, 0]},
						{"origin": [1.375, 8.7, -2.75], "size": [1, 3, 1], "pivot": [2.13887, 11.17009, -2.25], "rotation": [11.84882, -4.74233, 21.50761], "uv": [16, 0]},
						{"origin": [1.21347, 11.08098, -2.75], "size": [1, 2, 1], "inflate": 0.01, "pivot": [2.13887, 11.17009, -2.25], "rotation": [6.01437, -11.2631, 61.6564], "uv": [0, 34]},
						{"origin": [-2.375, 8.7, -2.75], "size": [1, 3, 1], "pivot": [-2.13887, 11.17009, -2.25], "rotation": [11.84882, 4.74233, -21.50761], "uv": [0, 0]},
						{"origin": [-2.21347, 11.08098, -2.75], "size": [1, 2, 1], "inflate": 0.01, "pivot": [-2.13887, 11.17009, -2.25], "rotation": [6.01437, 11.2631, -61.6564], "uv": [33, 33]},
						{"origin": [0.825, 5.45, -3.025], "size": [2, 3, 2], "uv": [0, 28]},
						{"origin": [-1, 4.4, -3.025], "size": [2, 1, 2], "uv": [26, 20]},
						{"origin": [-0.78787, 4.07782, -3.05], "size": [1, 1, 1], "inflate": -0.1, "pivot": [-0.28787, 4.75282, -2.55], "rotation": [0, 0, 61.5], "uv": [34, 28]},
						{"origin": [-0.21213, 4.07782, -3.05], "size": [1, 1, 1], "inflate": -0.1, "pivot": [0.28787, 4.75282, -2.55], "rotation": [0, 0, -61.5], "uv": [14, 34]},
						{"origin": [-2.825, 5.45, -3.025], "size": [2, 3, 2], "uv": [11, 26]},
						{"origin": [-1.5, 0.125, -1.25], "size": [3, 4, 3], "uv": [0, 20]},
						{"origin": [1.8654, 4.5723, 2.65394], "size": [6, 7, 1], "pivot": [3.5279, 4.7223, 3.19144], "rotation": [1.14593, -16.75909, -14.11097], "uv": [15, 11]},
						{"origin": [1.8654, 3.5723, 2.65394], "size": [5, 1, 1], "pivot": [3.5279, 4.7223, 3.19144], "rotation": [1.14593, -16.75909, -14.11097], "uv": [25, 25]},
						{"origin": [-6.8654, 3.5723, 2.65394], "size": [5, 1, 1], "pivot": [-3.5279, 4.7223, 3.19144], "rotation": [1.14593, 16.75909, 14.11097], "uv": [21, 6]},
						{"origin": [7.8654, 5.5723, 2.65394], "size": [1, 4, 1], "pivot": [3.5279, 4.7223, 3.19144], "rotation": [1.14593, -16.75909, -14.11097], "uv": [30, 12]},
						{"origin": [-8.8654, 5.5723, 2.65394], "size": [1, 4, 1], "pivot": [-3.5279, 4.7223, 3.19144], "rotation": [1.14593, 16.75909, 14.11097], "uv": [29, 28]},
						{"origin": [0.65073, 0.02113, 2.72894], "size": [5, 4, 1], "pivot": [3.5279, 4.7223, 3.19144], "rotation": [-3.44979, -16.3082, 19.56735], "uv": [21, 0]},
						{"origin": [5.65073, 1.02113, 2.72894], "size": [1, 2, 1], "pivot": [3.5279, 4.7223, 3.19144], "rotation": [-3.44979, -16.3082, 19.56735], "uv": [25, 33]},
						{"origin": [-6.65073, 1.02113, 2.72894], "size": [1, 2, 1], "pivot": [-3.5279, 4.7223, 3.19144], "rotation": [-3.44979, 16.3082, -19.56735], "uv": [33, 18]},
						{"origin": [-7.8654, 4.5723, 2.65394], "size": [6, 7, 1], "pivot": [-3.5279, 4.7223, 3.19144], "rotation": [1.14593, 16.75909, 14.11097], "uv": [0, 11]},
						{"origin": [-1.8654, 4.5723, 2.65394], "size": [2, 5, 1], "pivot": [-3.5279, 4.7223, 3.19144], "rotation": [1.14593, 16.75909, 14.11097], "uv": [0, 39]},
						{"origin": [-0.1346, 4.5723, 2.65394], "size": [2, 5, 1], "pivot": [3.5279, 4.7223, 3.19144], "rotation": [1.14593, -16.75909, -14.11097], "uv": [0, 47], "mirror": true},
						{"origin": [-5.8654, 11.5723, 2.65394], "size": [3, 1, 1], "pivot": [-3.5279, 4.7223, 3.19144], "rotation": [1.14593, 16.75909, 14.11097], "uv": [29, 9]},
						{"origin": [2.93676, 11.33886, 2.36559], "size": [3, 1, 1], "pivot": [2.59926, 4.48886, 2.90309], "rotation": [1.14593, -16.75909, -14.11097], "uv": [20, 28]},
						{"origin": [-5.65073, 0.02113, 2.72894], "size": [5, 4, 1], "pivot": [-3.5279, 4.7223, 3.19144], "rotation": [-3.44979, 16.3082, -19.56735], "uv": [13, 20]},
						{"origin": [0.98243, 0.025, -1.71701], "size": [1, 1, 2], "pivot": [1.48243, 0.775, -1.46701], "rotation": [0, -12.25, 0], "uv": [7, 32]},
						{"origin": [0.09774, 2.80328, -2.5146], "size": [1, 1, 1], "pivot": [0, 2.84397, -1.07673], "rotation": [-9.2008, -45.86313, 11.44846], "uv": [10, 36]},
						{"origin": [-0.0554, 2.2319, -2.72925], "size": [1, 1, 1], "pivot": [0, 2.84397, -1.07673], "rotation": [9.68489, -49.3384, -14.63802], "uv": [5, 36]},
						{"origin": [0.43624, 2.2319, -2.86494], "size": [1, 1, 1], "pivot": [0, 2.84397, -1.07673], "rotation": [15.91347, -66.43493, -21.90744], "uv": [35, 22]},
						{"origin": [-1.43624, 2.2319, -2.86494], "size": [1, 1, 1], "pivot": [0, 2.84397, -1.07673], "rotation": [15.91347, 66.43493, 21.90744], "uv": [35, 12]},
						{"origin": [-0.9446, 2.2319, -2.72925], "size": [1, 1, 1], "pivot": [0, 2.84397, -1.07673], "rotation": [9.68489, 49.3384, 14.63802], "uv": [35, 15]},
						{"origin": [-1.09774, 2.80328, -2.5146], "size": [1, 1, 1], "pivot": [0, 2.84397, -1.07673], "rotation": [-9.2008, 45.86313, -11.44846], "uv": [19, 35]},
						{"origin": [0.98243, -0.075, -2.71701], "size": [1, 2, 1], "pivot": [1.48243, 0.675, -1.46701], "rotation": [-3.63227, -11.70698, 17.3725], "uv": [34, 4]},
						{"origin": [-1.98243, -0.075, -2.71701], "size": [1, 2, 1], "pivot": [-1.48243, 0.675, -1.46701], "rotation": [-3.63227, 11.70698, -17.3725], "uv": [34, 0]},
						{"origin": [-1.98243, 0.025, -1.71701], "size": [1, 1, 2], "pivot": [-1.48243, 0.775, -1.46701], "rotation": [0, 12.25, 0], "uv": [18, 31]}
					]
				}
			]
		}
	]
}