{
	"format_version": "1.12.0",
	"minecraft:geometry": [
		{
			"description": {
				"identifier": "geometry.unknown",
				"texture_width": 64,
				"texture_height": 64,
				"visible_bounds_width": 2,
				"visible_bounds_height": 2.5,
				"visible_bounds_offset": [0, 0.75, 0]
			},
			"bones": [
				{
					"name": "caterpie_plushie",
					"pivot": [0, 0, 0],
					"rotation": [-25.25, 0, 0],
					"cubes": [
						{"origin": [-3, 2.6, -8.075], "size": [6, 6, 6], "pivot": [0, 5.6, -2.075], "rotation": [-57.75, 0, 0], "uv": [0, 0]},
						{"origin": [-1, 9.40509, -8.24543], "size": [2, 2, 2], "inflate": -0.1, "pivot": [0, 10.79038, -7.24543], "rotation": [29.5, 0, 0], "uv": [38, 0]},
						{"origin": [0.0947, 9.42828, -8.24543], "size": [4, 2, 2], "inflate": -0.2, "pivot": [0, 10.79038, -7.24543], "rotation": [27.9595, 9.81318, -17.80137], "uv": [0, 30]},
						{"origin": [-4.0947, 9.42828, -8.24543], "size": [4, 2, 2], "inflate": -0.2, "pivot": [0, 10.79038, -7.24543], "rotation": [27.9595, -9.81318, 17.80137], "uv": [28, 17]},
						{"origin": [3.025, 6.35, -5.6], "size": [0, 4, 4], "uv": [18, 32]},
						{"origin": [3.05, 6.85, -5.1], "size": [0, 3, 3], "uv": [0, 40]},
						{"origin": [3.075, 8.35, -4.7], "size": [0, 1, 1], "uv": [0, 22]},
						{"origin": [-3.05, 6.85, -5.1], "size": [0, 3, 3], "uv": [27, 37]},
						{"origin": [-3.025, 6.35, -5.6], "size": [0, 4, 4], "uv": [9, 32]},
						{"origin": [-3.075, 8.35, -4.7], "size": [0, 1, 1], "uv": [0, 13]},
						{"origin": [-2, 4.85, -8.15], "size": [4, 3, 3], "uv": [0, 22]},
						{"origin": [-2.5, 4.2, -3.575], "size": [5, 4, 4], "pivot": [0, 5.75, -2.625], "rotation": [-12.5, 0, 0], "uv": [0, 13]},
						{"origin": [1.725, 5.2, -2.575], "size": [1, 2, 2], "inflate": -0.2, "pivot": [0, 5.75, -2.625], "rotation": [-12.5, 0, 0], "uv": [34, 40]},
						{"origin": [-2.725, 5.2, -2.575], "size": [1, 2, 2], "inflate": -0.2, "pivot": [0, 5.75, -2.625], "rotation": [-12.5, 0, 0], "uv": [40, 5]},
						{"origin": [-2, 3.4, -2.15], "size": [4, 1, 3], "pivot": [0, 5.675, -2.9], "rotation": [-12.5, 0, 0], "uv": [12, 27]},
						{"origin": [1.175, 1.65016, -1.38388], "size": [2, 2, 2], "pivot": [3, 3.07516, -1.68388], "rotation": [2, 0, 0], "uv": [34, 35]},
						{"origin": [0.625, 0.97516, 3.06612], "size": [2, 2, 2], "pivot": [3, 3.07516, -1.68388], "rotation": [19.25, 0, 0], "uv": [0, 35]},
						{"origin": [-2.625, 0.97516, 3.06612], "size": [2, 2, 2], "pivot": [-3, 3.07516, -1.68388], "rotation": [19.25, 0, 0], "uv": [32, 22]},
						{"origin": [-3.175, 1.65016, -1.38388], "size": [2, 2, 2], "pivot": [-3, 3.07516, -1.68388], "rotation": [2, 0, 0], "uv": [27, 32]},
						{"origin": [-2, 3.6899, -0.22392], "size": [4, 4, 4], "inflate": -0.01, "pivot": [0, 3.76772, 2.86437], "rotation": [1.25, 0, 0], "uv": [15, 18]},
						{"origin": [-1.5, 2.7899, 0.27608], "size": [3, 1, 3], "pivot": [0, 3.69272, 2.58937], "rotation": [1.25, 0, 0], "uv": [27, 27]},
						{"origin": [1.225, 4.6899, 0.77608], "size": [1, 2, 2], "inflate": -0.2, "pivot": [0, 3.76772, 2.86437], "rotation": [1.25, 0, 0], "uv": [38, 30]},
						{"origin": [-2.225, 4.7149, 0.77608], "size": [1, 2, 2], "inflate": -0.2, "pivot": [0, 3.76772, 2.86437], "rotation": [1.25, 0, 0], "uv": [39, 25]},
						{"origin": [-1.725, 6.2508, 4.73547], "size": [1, 1, 1], "inflate": -0.2, "pivot": [0, 4.5133, 5.64797], "rotation": [34, 0, 0], "uv": [19, 3]},
						{"origin": [0.725, 6.2258, 4.73547], "size": [1, 1, 1], "inflate": -0.2, "pivot": [0, 4.5133, 5.64797], "rotation": [34, 0, 0], "uv": [25, 7]},
						{"origin": [-1, 4.3258, 2.83547], "size": [2, 1, 2], "pivot": [0, 4.4383, 5.37297], "rotation": [34, 0, 0], "uv": [35, 13]},
						{"origin": [-1.5, 5.2258, 3.73547], "size": [3, 3, 3], "inflate": -0.01, "pivot": [0, 4.5133, 5.64797], "rotation": [34, 0, 0], "uv": [25, 0]},
						{"origin": [-1.5, 3.99779, 5.66522], "size": [3, 3, 3], "inflate": -0.1, "pivot": [0, 5.23529, 4.52772], "rotation": [63, 0, 0], "uv": [22, 10]},
						{"origin": [-1, 10.47751, 4.5532], "size": [2, 2, 3], "inflate": -0.1, "pivot": [0, 10.37751, 6.8532], "rotation": [95.25, 0, 0], "uv": [32, 7]},
						{"origin": [-0.5, 11.20251, 7.3032], "size": [1, 1, 1], "pivot": [0, 10.37751, 6.8532], "rotation": [95.25, 0, 0], "uv": [0, 0]},
						{"origin": [-0.5, 12.571, 4.30958], "size": [1, 1, 2], "inflate": 0.1, "pivot": [0, 12.696, 5.30958], "rotation": [115, 0, 0], "uv": [15, 13]},
						{"origin": [0.625, 4.99779, 6.66522], "size": [1, 1, 1], "inflate": -0.2, "pivot": [0, 5.23529, 4.52772], "rotation": [63, 0, 0], "uv": [0, 3]},
						{"origin": [-1.625, 5.02279, 6.66522], "size": [1, 1, 1], "inflate": -0.2, "pivot": [0, 5.23529, 4.52772], "rotation": [63, 0, 0], "uv": [19, 0]}
					]
				}
			]
		}
	]
}