{
	"format_version": "1.12.0",
	"minecraft:geometry": [
		{
			"description": {
				"identifier": "geometry.unknown",
				"texture_width": 64,
				"texture_height": 64,
				"visible_bounds_width": 3,
				"visible_bounds_height": 2.5,
				"visible_bounds_offset": [0, 0.75, 0]
			},
			"bones": [
				{
					"name": "charizard_plushie",
					"pivot": [0, 0, 0],
					"cubes": [
						{"origin": [2.76696, 2.11766, -6.41822], "size": [3, 4, 6], "pivot": [0, 2.61506, -4.18621], "rotation": [-0.01366, -24.9113, 20.4508], "uv": [0, 27]},
						{"origin": [3.26696, 4.66558, -5.48088], "size": [2, 2, 2], "pivot": [0, 2.61506, -4.18621], "rotation": [42.48634, -24.9113, 20.4508], "uv": [44, 56]},
						{"origin": [3.26696, 4.66558, -7.48088], "size": [2, 3, 2], "pivot": [0, 2.61506, -4.18621], "rotation": [42.48634, -24.9113, 20.4508], "uv": [26, 56]},
						{"origin": [-5.76696, 2.11766, -6.41822], "size": [3, 4, 6], "pivot": [0, 2.61506, -4.18621], "rotation": [-0.01366, 24.9113, -20.4508], "uv": [25, 8]},
						{"origin": [-5.26696, 4.66558, -5.48088], "size": [2, 2, 2], "pivot": [0, 2.61506, -4.18621], "rotation": [42.48634, 24.9113, -20.4508], "uv": [35, 56]},
						{"origin": [-5.26696, 4.66558, -7.48088], "size": [2, 3, 2], "pivot": [0, 2.61506, -4.18621], "rotation": [42.48634, 24.9113, -20.4508], "uv": [55, 34]},
						{"origin": [-4, 0.5, -3.475], "size": [8, 6, 6], "pivot": [0, 3, 0], "rotation": [-13.5, 0, 0], "uv": [0, 14]},
						{"origin": [-1.94144, -1.575, 3.30406], "size": [4, 4, 4], "pivot": [0.05856, 5.62301, 7.94396], "rotation": [-26.5, 0, 0], "uv": [0, 41]},
						{"origin": [-1.44144, 0.35388, 3.32762], "size": [3, 3, 4], "pivot": [0.05856, 5.62301, 7.94396], "rotation": [8.5, 0, 0], "uv": [17, 44]},
						{"origin": [-1.44144, 2.46944, 3.75375], "size": [3, 3, 4], "inflate": -0.2, "pivot": [0.05856, 5.62301, 7.94396], "rotation": [54, 0, 0], "uv": [42, 15]},
						{"origin": [-0.44144, 5.88233, 7.09465], "size": [1, 4, 2], "pivot": [0.05856, 8.86403, 9.2389], "rotation": [-1.89069, 22.23907, -0.7158], "uv": [0, 0]},
						{"origin": [-0.44144, 5.88233, 9.09465], "size": [1, 3, 2], "pivot": [0.05856, 8.86403, 9.2389], "rotation": [-1.89069, 22.23907, -0.7158], "uv": [0, 57]},
						{"origin": [-0.44144, 9.88233, 8.09465], "size": [1, 2, 1], "pivot": [0.05856, 8.86403, 9.2389], "rotation": [-1.89069, 22.23907, -0.7158], "uv": [0, 27]},
						{"origin": [-0.44144, 8.88233, 9.09465], "size": [1, 2, 1], "pivot": [0.05856, 8.86403, 9.2389], "rotation": [-1.89069, 22.23907, -0.7158], "uv": [0, 14]},
						{"origin": [-0.94144, 3.38233, 8.09465], "size": [2, 6, 2], "inflate": -0.1, "pivot": [0.05856, 8.86403, 9.2389], "rotation": [-1.89069, 22.23907, -0.7158], "uv": [54, 48]},
						{"origin": [-4, 10.9, -3.725], "size": [8, 6, 7], "uv": [0, 0]},
						{"origin": [1.65, 14.2, 1.75], "size": [2, 2, 7], "pivot": [3, 17.9, -0.225], "rotation": [17.75, 7.25, 0], "uv": [24, 34]},
						{"origin": [-3.65, 14.2, 1.75], "size": [2, 2, 7], "pivot": [-3, 17.9, -0.225], "rotation": [17.75, -7.25, 0], "uv": [12, 31]},
						{"origin": [-3, 12.15, -7.725], "size": [6, 3, 4], "uv": [39, 40]},
						{"origin": [1.5, 11.35, -7.7], "size": [1, 1, 0], "pivot": [2.5, 11.65, -7.725], "rotation": [0, 0, 45], "uv": [62, 63]},
						{"origin": [-2.5, 11.35, -7.7], "size": [1, 1, 0], "pivot": [-2.5, 11.65, -7.725], "rotation": [0, 0, -45], "uv": [62, 63], "mirror": true},
						{"origin": [-2.5, 10.775, -7.325], "size": [5, 2, 5], "uv": [31, 0]},
						{"origin": [-3, 5.65, -2.55], "size": [6, 6, 5], "pivot": [0, 9.4, 0.15], "rotation": [5, 0, 0], "uv": [24, 22]},
						{"origin": [1.19346, 8.52908, 3.84196], "size": [7, 2, 2], "pivot": [6.41788, 7.0045, 4.80216], "rotation": [10.9078, -24.313, -28.90409], "uv": [38, 8]},
						{"origin": [4.19346, 4.52908, 4.34196], "size": [4, 4, 1], "pivot": [6.41788, 7.0045, 4.80216], "rotation": [10.9078, -24.313, -28.90409], "uv": [53, 13]},
						{"origin": [2.19346, 6.52908, 4.34196], "size": [2, 2, 1], "pivot": [6.41788, 7.0045, 4.80216], "rotation": [10.9078, -24.313, -28.90409], "uv": [24, 34]},
						{"origin": [3.46152, 7.61893, 3.84196], "size": [6, 2, 2], "inflate": 0.01, "pivot": [6.41788, 7.0045, 4.80216], "rotation": [-21.59744, -15.75881, 51.72656], "uv": [47, 23]},
						{"origin": [7.58013, 8.84483, 3.84196], "size": [2, 2, 2], "pivot": [6.41788, 7.0045, 4.80216], "rotation": [-26.42512, -2.21894, 81.7234], "uv": [55, 5]},
						{"origin": [-9.58013, 8.84483, 3.84196], "size": [2, 2, 2], "pivot": [-6.41788, 7.0045, 4.80216], "rotation": [-26.42512, 2.21894, -81.7234], "uv": [24, 0]},
						{"origin": [-9.46152, 7.61893, 3.84196], "size": [6, 2, 2], "inflate": 0.01, "pivot": [-6.41788, 7.0045, 4.80216], "rotation": [-21.59744, 15.75881, -51.72656], "uv": [47, 0]},
						{"origin": [-8.19346, 8.52908, 3.84196], "size": [7, 2, 2], "pivot": [-6.41788, 7.0045, 4.80216], "rotation": [10.9078, 24.313, 28.90409], "uv": [36, 34]},
						{"origin": [-4.19346, 6.52908, 4.34196], "size": [2, 2, 1], "pivot": [-6.41788, 7.0045, 4.80216], "rotation": [10.9078, 24.313, 28.90409], "uv": [13, 27]},
						{"origin": [-8.19346, 4.52908, 4.34196], "size": [4, 4, 1], "pivot": [-6.41788, 7.0045, 4.80216], "rotation": [10.9078, 24.313, 28.90409], "uv": [47, 28]},
						{"origin": [2.94332, 6.16426, -4.1997], "size": [2, 3, 4], "pivot": [1, 8.20912, -2.43671], "rotation": [37.7068, -11.96884, -9.10819], "uv": [41, 48]},
						{"origin": [2.49846, 6.82088, -3.69413], "size": [2, 2, 4], "pivot": [1, 7.70912, -2.28671], "rotation": [43.06137, 34.51153, 30.89312], "uv": [13, 52]},
						{"origin": [-4.49846, 6.82088, -3.69413], "size": [2, 2, 4], "pivot": [-1, 7.70912, -2.28671], "rotation": [43.06137, -34.51153, -30.89312], "uv": [0, 50]},
						{"origin": [-4.94332, 6.16426, -4.1997], "size": [2, 3, 4], "pivot": [-1, 8.20912, -2.43671], "rotation": [37.7068, 11.96884, 9.10819], "uv": [28, 48]}
					]
				}
			]
		}
	]
}