{
	"format_version": "1.12.0",
	"minecraft:geometry": [
		{
			"description": {
				"identifier": "geometry.unknown",
				"texture_width": 64,
				"texture_height": 64,
				"visible_bounds_width": 2,
				"visible_bounds_height": 2.5,
				"visible_bounds_offset": [0, 0.75, 0]
			},
			"bones": [
				{
					"name": "charmander_plushie",
					"pivot": [0, 0, 0],
					"cubes": [
						{"origin": [2.425, 1.05, -3.5], "size": [3, 3, 5], "pivot": [3.925, 2.10614, -3.17925], "rotation": [-17.93276, -17.50489, 26.99307], "uv": [12, 30]},
						{"origin": [2.925, 1.71621, -4.11786], "size": [2, 2, 2], "pivot": [3.925, 2.10614, -3.17925], "rotation": [24.56724, -17.50489, 26.99307], "uv": [20, 44]},
						{"origin": [2.925, 1.71621, -6.11786], "size": [2, 3, 2], "pivot": [3.925, 2.10614, -3.17925], "rotation": [24.56724, -17.50489, 26.99307], "uv": [41, 11]},
						{"origin": [-5.425, 1.05, -3.5], "size": [3, 3, 5], "pivot": [-3.925, 2.10614, -3.17925], "rotation": [-17.93276, 17.50489, -26.99307], "uv": [0, 25]},
						{"origin": [-4.925, 1.71621, -4.11786], "size": [2, 2, 2], "pivot": [-3.925, 2.10614, -3.17925], "rotation": [24.56724, 17.50489, -26.99307], "uv": [12, 25]},
						{"origin": [-4.925, 1.71621, -6.11786], "size": [2, 3, 2], "pivot": [-3.925, 2.10614, -3.17925], "rotation": [24.56724, 17.50489, -26.99307], "uv": [13, 39]},
						{"origin": [-3, 0.5, -3.475], "size": [6, 5, 6], "pivot": [0, 3, 0], "rotation": [-13.5, 0, 0], "uv": [0, 13]},
						{"origin": [-0.825, -0.075, 1.525], "size": [4, 4, 4], "pivot": [0, 2, 4.025], "rotation": [0, 42.25, 0], "uv": [21, 21]},
						{"origin": [-0.325, -0.3, 4.1], "size": [3, 3, 4], "pivot": [0, 2, 4.025], "rotation": [35, 42.25, 0], "uv": [29, 30]},
						{"origin": [0.78496, -0.17898, 5.46798], "size": [3, 3, 4], "inflate": -0.1, "pivot": [2.28496, 2.19602, 4.79298], "rotation": [80.5, 42.25, 0], "uv": [25, 0]},
						{"origin": [1.78496, 7.32102, 4.46798], "size": [1, 4, 2], "pivot": [2.28496, 2.19602, 4.79298], "rotation": [0, 42.25, 0], "uv": [0, 42]},
						{"origin": [1.78496, 7.32102, 6.46798], "size": [1, 3, 2], "pivot": [2.28496, 2.19602, 4.79298], "rotation": [0, 42.25, 0], "uv": [7, 43]},
						{"origin": [1.78496, 11.32102, 5.46798], "size": [1, 2, 1], "pivot": [2.28496, 2.19602, 4.79298], "rotation": [0, 42.25, 0], "uv": [0, 13]},
						{"origin": [1.78496, 10.32102, 6.46798], "size": [1, 2, 1], "pivot": [2.28496, 2.19602, 4.79298], "rotation": [0, 42.25, 0], "uv": [0, 0]},
						{"origin": [1.28496, 5.82102, 5.46798], "size": [2, 5, 2], "inflate": -0.1, "pivot": [2.28496, 2.19602, 4.79298], "rotation": [0, 42.25, 0], "uv": [27, 38]},
						{"origin": [-3, 8.9, -3.5], "size": [6, 6, 6], "uv": [0, 0]},
						{"origin": [-2.5, 9.15, -5.5], "size": [5, 2, 2], "uv": [34, 19]},
						{"origin": [-2, 8.4, -4.75], "size": [4, 1, 2], "uv": [36, 0]},
						{"origin": [-2.5, 4.65, -2.7], "size": [5, 5, 5], "pivot": [0, 7.4, 0], "rotation": [5, 0, 0], "uv": [20, 8]},
						{"origin": [2.0391, 5.73445, -3.50211], "size": [2, 2, 4], "pivot": [2.63958, 6.73445, -2.4441], "rotation": [18.84903, -14.22913, -4.79657], "uv": [36, 4]},
						{"origin": [1.54263, 5.51646, -4.89164], "size": [2, 2, 3], "pivot": [2.54263, 6.51646, -3.39164], "rotation": [21.50141, 42.18593, 17.38867], "uv": [36, 38]},
						{"origin": [-3.54263, 5.51646, -4.89164], "size": [2, 2, 3], "pivot": [-2.54263, 6.51646, -3.39164], "rotation": [21.50141, -42.18593, -17.38867], "uv": [38, 24]},
						{"origin": [-4.0391, 5.73445, -3.50211], "size": [2, 2, 4], "pivot": [-2.63958, 6.73445, -2.4441], "rotation": [18.84903, 14.22913, 4.79657], "uv": [0, 35]}
					]
				}
			]
		}
	]
}