{
	"format_version": "1.12.0",
	"minecraft:geometry": [
		{
			"description": {
				"identifier": "geometry.unknown",
				"texture_width": 64,
				"texture_height": 64,
				"visible_bounds_width": 3,
				"visible_bounds_height": 2.5,
				"visible_bounds_offset": [0, 0.75, 0]
			},
			"bones": [
				{
					"name": "charmeleon_plushie",
					"pivot": [0, 0, 0],
					"cubes": [
						{"origin": [1.91716, 2.76835, -2.99847], "size": [3, 3, 5], "pivot": [0, 2.61506, -1.16121], "rotation": [74.12885, -27.58325, -16.50951], "uv": [12, 30]},
						{"origin": [3.42755, 0.2237, -1.28621], "size": [2, 2, 2], "pivot": [4.42755, 1.4737, -1.28621], "rotation": [116.62885, -27.58325, -16.50951], "uv": [45, 0]},
						{"origin": [3.20255, 0.2237, -2.63621], "size": [2, 3, 2], "pivot": [4.42755, 1.4737, -1.28621], "rotation": [94.63135, -34.83503, -4.1423], "uv": [44, 30]},
						{"origin": [-5.20255, 0.2237, -2.63621], "size": [2, 3, 2], "pivot": [-4.42755, 1.4737, -1.28621], "rotation": [94.63135, 34.83503, 4.1423], "uv": [0, 42]},
						{"origin": [-4.91716, 2.76835, -2.99847], "size": [3, 3, 5], "pivot": [0, 2.61506, -1.16121], "rotation": [74.12885, 27.58325, 16.50951], "uv": [0, 26]},
						{"origin": [-4.41716, 4.14136, -2.40083], "size": [2, 2, 2], "pivot": [0, 2.61506, -1.16121], "rotation": [116.62885, 27.58325, 16.50951], "uv": [24, 30]},
						{"origin": [-3, 2.61089, -2.61188], "size": [6, 6, 6], "pivot": [0, 5.11089, -0.46188], "rotation": [15.75, 0, 0], "uv": [0, 0]},
						{"origin": [-2.675, 2.975, 1.75], "size": [3, 3, 4], "pivot": [-0.5, 4.05, 4.25], "rotation": [0, -42.25, 0], "uv": [25, 0]},
						{"origin": [-2.175, 2.875, 4.325], "size": [2, 2, 4], "pivot": [-0.5, 4.4, 4.25], "rotation": [35, -42.25, 0], "uv": [38, 38]},
						{"origin": [-3.28496, 2.59602, 6.11798], "size": [2, 2, 4], "inflate": -0.1, "pivot": [-2.78496, 4.59602, 5.01798], "rotation": [80.5, -42.25, 0], "uv": [25, 38]},
						{"origin": [-4.11828, 10.44602, 5.23067], "size": [1, 4, 2], "pivot": [-3.61828, 13.44602, 6.68067], "rotation": [173.75, -69.75, 180], "uv": [20, 44]},
						{"origin": [-4.11828, 10.44602, 7.23067], "size": [1, 3, 2], "pivot": [-3.61828, 13.44602, 6.68067], "rotation": [173.75, -69.75, 180], "uv": [27, 45]},
						{"origin": [-4.11828, 14.44602, 6.23067], "size": [1, 2, 1], "pivot": [-3.61828, 13.44602, 6.68067], "rotation": [173.75, -69.75, 180], "uv": [0, 13]},
						{"origin": [-4.11828, 13.44602, 7.23067], "size": [1, 2, 1], "pivot": [-3.61828, 13.44602, 6.68067], "rotation": [173.75, -69.75, 180], "uv": [0, 0]},
						{"origin": [-4.61828, 8.94602, 6.23067], "size": [2, 5, 2], "inflate": -0.2, "pivot": [-3.61828, 13.44602, 6.68067], "rotation": [173.75, -69.75, 180], "uv": [41, 11]},
						{"origin": [-3, 11.9, -4.25], "size": [6, 6, 6], "uv": [0, 13]},
						{"origin": [-1.5, 15.45, -1.5], "size": [3, 3, 6], "pivot": [0.5, 17.4, -0.25], "rotation": [24, 0, 0], "uv": [19, 20]},
						{"origin": [-2, 12.15, -7.25], "size": [4, 2, 3], "uv": [32, 19]},
						{"origin": [-1.5, 11.4, -6.5], "size": [3, 1, 3], "uv": [38, 25]},
						{"origin": [-2.5, 7.65, -3.45], "size": [5, 5, 5], "pivot": [0, 10.4, -0.75], "rotation": [5, 0, 0], "uv": [20, 8]},
						{"origin": [4.60903, 8.73926, -2.96068], "size": [2, 2, 5], "pivot": [5.23716, 9.78412, -1.88671], "rotation": [28.88848, -67.32014, -12.1346], "uv": [29, 30]},
						{"origin": [4.85318, 8.78096, -5.17305], "size": [2, 2, 4], "pivot": [5.23716, 9.78412, -1.88671], "rotation": [7.3941, -9.72771, 12.98351], "uv": [9, 39]},
						{"origin": [-7.08677, 9.5152, -3.9924], "size": [2, 2, 4], "pivot": [-5.47075, 10.51835, -0.95606], "rotation": [-17.65556, 40.589, -7.17457], "uv": [0, 35]},
						{"origin": [-7.05872, 9.45824, -1.90527], "size": [2, 2, 4], "pivot": [-5.47075, 10.51835, -0.95606], "rotation": [-136.43998, 74.36564, -135.37291], "uv": [36, 4]}
					]
				}
			]
		}
	]
}