{
	"format_version": "1.12.0",
	"minecraft:geometry": [
		{
			"description": {
				"identifier": "geometry.unknown",
				"texture_width": 32,
				"texture_height": 32,
				"visible_bounds_width": 2,
				"visible_bounds_height": 2.5,
				"visible_bounds_offset": [0, 0.75, 0]
			},
			"bones": [
				{
					"name": "bone7",
					"pivot": [0, 0, 0],
					"cubes": [
						{"origin": [-2.5, 0, -4.5], "size": [5, 4, 9], "uv": [0, 0]},
						{"origin": [-1, 2.9, 3.5], "size": [2, 2, 2], "pivot": [0, 4, 4.5], "rotation": [-45, 0, 0], "uv": [0, 0]},
						{"origin": [-2.5, 4, -4.5], "size": [5, 5, 5], "uv": [0, 13]},
						{"origin": [-2, 5.5, -4.525], "size": [1, 2, 0], "uv": [3, 16]},
						{"origin": [1, 5.5, -4.525], "size": [1, 2, 0], "uv": [3, 16]}
					]
				},
				{
					"name": "bone3",
					"parent": "bone7",
					"pivot": [-0.5, 9, -3],
					"rotation": [-45, 0, 0],
					"cubes": [
						{"origin": [-2.5, 9, -3], "size": [5, 3, 0], "uv": [0, 23]}
					]
				},
				{
					"name": "bone4",
					"parent": "bone3",
					"pivot": [-0.5, 12, -3],
					"rotation": [-45, 0, 0],
					"cubes": [
						{"origin": [-2.5, 12, -3], "size": [5, 3, 0], "uv": [20, 20]}
					]
				},
				{
					"name": "bone5",
					"parent": "bone4",
					"pivot": [-0.5, 15, -3],
					"rotation": [-45, 0, 0],
					"cubes": [
						{"origin": [-2.5, 15, -3], "size": [5, 3, 0], "uv": [20, 17]}
					]
				},
				{
					"name": "bone6",
					"parent": "bone5",
					"pivot": [-0.5, 18, -3],
					"rotation": [-27.5, 0, 0],
					"cubes": [
						{"origin": [-2.5, 18, -3], "size": [5, 3, 0], "uv": [19, 4]}
					]
				},
				{
					"name": "bone",
					"parent": "bone7",
					"pivot": [0, 0, 0],
					"cubes": [
						{"origin": [1.5, 0, -5.5], "size": [3, 2, 2], "pivot": [2.5, 0, -4], "rotation": [0, 45, 0], "uv": [19, 0]},
						{"origin": [2.5, 0, 2.5], "size": [2, 2, 2], "uv": [10, 23]}
					]
				},
				{
					"name": "bone2",
					"parent": "bone",
					"pivot": [0, 0, 0],
					"cubes": [
						{"origin": [-4.5, 0, -5.5], "size": [3, 2, 2], "pivot": [-2.5, 0, -4], "rotation": [0, -45, 0], "uv": [15, 13]},
						{"origin": [-4.5, 0, 2.5], "size": [2, 2, 2], "uv": [0, 4]}
					]
				}
			]
		}
	]
}