{
	"format_version": "1.12.0",
	"minecraft:geometry": [
		{
			"description": {
				"identifier": "geometry.unknown",
				"texture_width": 64,
				"texture_height": 64,
				"visible_bounds_width": 3,
				"visible_bounds_height": 2.5,
				"visible_bounds_offset": [0, 0.75, 0]
			},
			"bones": [
				{
					"name": "bone",
					"pivot": [0, 0, 0],
					"cubes": [
						{"origin": [-4.5, 0, -3], "size": [9, 10, 7], "uv": [0, 0]},
						{"origin": [-0.07932, 0.14855, 2.58367], "size": [3, 6, 6], "pivot": [1.42068, 3.72355, 5.55867], "rotation": [-80.5528, 49.0725, -3.95932], "uv": [0, 18]},
						{"origin": [1.25, 5.65, -3.025], "size": [1, 2, 0], "uv": [3, 18]},
						{"origin": [2.1, 5, -3.35], "size": [2, 1, 1], "inflate": -0.3, "pivot": [3.1, 5.5, -2.9], "rotation": [0, -7.5, 0], "uv": [13, 18]},
						{"origin": [1.225, 6.675, -3.25], "size": [1, 1, 1], "inflate": -0.2, "uv": [0, 0]},
						{"origin": [-2.225, 6.675, -3.25], "size": [1, 1, 1], "inflate": -0.2, "uv": [0, 0], "mirror": true},
						{"origin": [-4.1, 5, -3.35], "size": [2, 1, 1], "inflate": -0.3, "pivot": [-3.1, 5.5, -2.9], "rotation": [0, 7.5, 0], "uv": [0, 4]},
						{"origin": [-2.25, 5.65, -3.025], "size": [1, 2, 0], "uv": [0, 18]},
						{"origin": [2.49877, 2.41046, -5.80016], "size": [2, 2, 4], "pivot": [3.18958, 3.40401, -3.66536], "rotation": [31, 26.5, 14.25], "uv": [33, 7]},
						{"origin": [3.11821, 2.41046, -2.45155], "size": [2, 2, 2], "pivot": [3.18958, 3.40401, -3.66536], "rotation": [27.64519, 6.5941, 2.68396], "uv": [0, 39]},
						{"origin": [3.63844, 1.9811, -5.97755], "size": [0, 1, 1], "pivot": [3.18958, 3.40401, -3.66536], "rotation": [-44.24431, 45.1173, -52.33367], "uv": [16, 21]},
						{"origin": [3.68844, 1.2061, -5.32755], "size": [0, 1, 1], "pivot": [3.18958, 3.40401, -3.66536], "rotation": [-44.24431, 45.1173, -52.33367], "uv": [13, 21]},
						{"origin": [-3.68844, 1.2061, -5.32755], "size": [0, 1, 1], "pivot": [-3.18958, 3.40401, -3.66536], "rotation": [-44.24431, -45.1173, 52.33367], "uv": [0, 21]},
						{"origin": [-3.63844, 1.9811, -5.97755], "size": [0, 1, 1], "pivot": [-3.18958, 3.40401, -3.66536], "rotation": [-44.24431, -45.1173, 52.33367], "uv": [3, 21]},
						{"origin": [-4.49877, 2.41046, -5.80016], "size": [2, 2, 4], "pivot": [-3.18958, 3.40401, -3.66536], "rotation": [31, -26.5, -14.25], "uv": [26, 0]},
						{"origin": [-5.11821, 2.41046, -2.45155], "size": [2, 2, 2], "pivot": [-3.18958, 3.40401, -3.66536], "rotation": [27.64519, -6.5941, -2.68396], "uv": [30, 38]},
						{"origin": [-2.275, 7.825, -3.8], "size": [5, 4, 3], "pivot": [0, 9.4, -2.5], "rotation": [-15.38025, -3.43443, -12.28611], "uv": [19, 18]},
						{"origin": [2.86062, 7.49646, -2], "size": [4, 3, 4], "pivot": [5.01562, 9.96154, 0], "rotation": [14.39595, 2.24059, 42.87491], "uv": [0, 31]},
						{"origin": [3.1713, 9.37634, -1.5], "size": [3, 3, 3], "pivot": [5.01562, 9.96154, 0], "rotation": [13.65243, -5.12523, 71.72797], "uv": [17, 34]},
						{"origin": [-6.1713, 9.37634, -1.5], "size": [3, 3, 3], "pivot": [-5.01562, 9.96154, 0], "rotation": [13.65243, 5.12523, -71.72797], "uv": [33, 14]},
						{"origin": [-6.86062, 7.49646, -2], "size": [4, 3, 4], "pivot": [-5.01562, 9.96154, 0], "rotation": [14.39595, -2.24059, -42.87491], "uv": [19, 26]},
						{"origin": [3, -0.25, -5.55], "size": [3, 3, 4], "inflate": -0.1, "pivot": [4.5, 0.725, -3], "rotation": [-16, -28, 0], "uv": [32, 30]},
						{"origin": [3.5, 0.25, -6.2], "size": [2, 2, 1], "pivot": [4.5, 0.725, -3], "rotation": [-16, -28, 0], "uv": [35, 0]},
						{"origin": [-5.5, 0.25, -6.2], "size": [2, 2, 1], "pivot": [-4.5, 0.725, -3], "rotation": [-16, 28, 0], "uv": [0, 0]},
						{"origin": [-6, -0.25, -5.55], "size": [3, 3, 4], "inflate": -0.1, "pivot": [-4.5, 0.725, -3], "rotation": [-16, 28, 0], "uv": [32, 22]}
					]
				}
			]
		}
	]
}