{
	"format_version": "1.12.0",
	"minecraft:geometry": [
		{
			"description": {
				"identifier": "geometry.unknown",
				"texture_width": 64,
				"texture_height": 64,
				"visible_bounds_width": 3,
				"visible_bounds_height": 2.5,
				"visible_bounds_offset": [0, 0.75, 0]
			},
			"bones": [
				{
					"name": "bone",
					"pivot": [0, -1, 0],
					"cubes": [
						{"origin": [-4.5, 0, -3], "size": [9, 12, 7], "uv": [0, 0]},
						{"origin": [1.325, 6.275, 4.175], "size": [7, 2, 1], "inflate": 0.01, "pivot": [4.46435, 7.54839, 4.675], "rotation": [0, -22.75, 0], "uv": [33, 8]},
						{"origin": [1.73376, 5.36136, 4.175], "size": [6, 1, 1], "pivot": [4.46435, 7.54839, 4.675], "rotation": [-6.98967, -21.70412, 18.34154], "uv": [41, 30]},
						{"origin": [1.64252, 7.77768, 4.175], "size": [8, 2, 1], "pivot": [4.46435, 7.54839, 4.675], "rotation": [7.77408, -21.44712, -20.47442], "uv": [19, 28]},
						{"origin": [-8.325, 6.275, 4.175], "size": [7, 2, 1], "inflate": 0.01, "pivot": [-4.46435, 7.54839, 4.675], "rotation": [0, 22.75, 0], "uv": [33, 4]},
						{"origin": [-9.64252, 7.77768, 4.175], "size": [8, 2, 1], "pivot": [-4.46435, 7.54839, 4.675], "rotation": [7.77408, 21.44712, 20.47442], "uv": [26, 0]},
						{"origin": [-7.73376, 5.36136, 4.175], "size": [6, 1, 1], "pivot": [-4.46435, 7.54839, 4.675], "rotation": [-6.98967, 21.70412, -18.34154], "uv": [38, 27]},
						{"origin": [-0.07932, 0.14855, 2.58367], "size": [3, 6, 6], "pivot": [1.42068, 3.72355, 5.55867], "rotation": [-80.5528, 49.0725, -3.95932], "uv": [0, 20]},
						{"origin": [1.25, 7.65, -3.025], "size": [1, 2, 0], "uv": [3, 20]},
						{"origin": [1.225, 8.675, -3.25], "size": [1, 1, 1], "inflate": -0.2, "uv": [0, 3]},
						{"origin": [-2.225, 8.675, -3.25], "size": [1, 1, 1], "inflate": -0.2, "uv": [0, 0]},
						{"origin": [-2.25, 7.65, -3.025], "size": [1, 2, 0], "uv": [0, 20]},
						{"origin": [2.49877, 3.41046, -5.80016], "size": [2, 2, 4], "pivot": [3.18958, 4.40401, -3.66536], "rotation": [31, 26.5, 14.25], "uv": [22, 40]},
						{"origin": [3.11821, 3.41046, -2.45155], "size": [2, 2, 2], "pivot": [3.18958, 4.40401, -3.66536], "rotation": [27.64519, 6.5941, 2.68396], "uv": [46, 12]},
						{"origin": [-4.49877, 3.41046, -5.80016], "size": [2, 2, 4], "pivot": [-3.18958, 4.40401, -3.66536], "rotation": [31, -26.5, -14.25], "uv": [9, 40]},
						{"origin": [-2.95392, 2.22834, -6.19248], "size": [1, 1, 1], "pivot": [-2.46642, 3.30949, -5.58832], "rotation": [52.48638, -39.42733, -21.77467], "uv": [12, 43]},
						{"origin": [-2.97892, 3.37678, -6.25193], "size": [1, 1, 1], "pivot": [-2.46642, 3.30949, -5.58832], "rotation": [26.23638, -39.42733, -21.77467], "uv": [12, 43]},
						{"origin": [-3.35033, 4.04323, -6.10463], "size": [1, 1, 1], "pivot": [-2.85033, 4.54323, -5.25463], "rotation": [-46.597, -36.4809, -3.12433], "uv": [12, 43]},
						{"origin": [1.97892, 3.37678, -6.25193], "size": [1, 1, 1], "pivot": [2.46642, 3.30949, -5.58832], "rotation": [26.23638, 39.42733, 21.77467], "uv": [12, 43], "mirror": true},
						{"origin": [1.95392, 2.22834, -6.19248], "size": [1, 1, 1], "pivot": [2.46642, 3.30949, -5.58832], "rotation": [52.48638, 39.42733, 21.77467], "uv": [12, 43], "mirror": true},
						{"origin": [2.35033, 4.04323, -6.10463], "size": [1, 1, 1], "pivot": [2.85033, 4.54323, -5.25463], "rotation": [-46.597, 36.4809, 3.12433], "uv": [12, 43], "mirror": true},
						{"origin": [-5.11821, 3.41046, -2.45155], "size": [2, 2, 2], "pivot": [-3.18958, 4.40401, -3.66536], "rotation": [27.64519, -6.5941, -2.68396], "uv": [0, 46]},
						{"origin": [-2.57332, 9.59559, -5.0897], "size": [5, 4, 3], "pivot": [-0.07332, 10.59559, -1.7897], "rotation": [-61.88823, 1.69519, -6.32668], "uv": [19, 20]},
						{"origin": [2.86062, 8.49646, -1.4], "size": [3, 4, 3], "pivot": [5.01562, 10.96154, 0.6], "rotation": [14.39595, 2.24059, 42.87491], "uv": [33, 12]},
						{"origin": [4.20368, 12.06727, -1.17441], "size": [2, 2, 2], "pivot": [5.50368, 11.94227, -0.17441], "rotation": [13.52767, 5.45107, 29.98889], "uv": [46, 17]},
						{"origin": [-6.20368, 12.06727, -1.17441], "size": [2, 2, 2], "pivot": [-5.50368, 11.94227, -0.17441], "rotation": [13.52767, -5.45107, -29.98889], "uv": [45, 38]},
						{"origin": [-5.86062, 8.49646, -1.4], "size": [3, 4, 3], "pivot": [-5.01562, 10.96154, 0.6], "rotation": [14.39595, -2.24059, -42.87491], "uv": [0, 33]},
						{"origin": [2.72238, -1.60411, -5.98422], "size": [3, 3, 3], "inflate": -0.1, "pivot": [0, 2.31688, -3.48215], "rotation": [-37.68885, -25.78046, -8.69045], "uv": [35, 40]},
						{"origin": [3.22238, -1.69373, -6.36639], "size": [2, 2, 2], "pivot": [0, 2.31688, -3.48215], "rotation": [-54.93885, -25.78046, -8.69045], "uv": [45, 33]},
						{"origin": [2.72238, -0.21468, -6.36101], "size": [3, 3, 4], "pivot": [0, 2.31688, -3.48215], "rotation": [17.31115, -25.78046, -8.69045], "uv": [30, 32]},
						{"origin": [-5.72238, -0.21468, -6.36101], "size": [3, 3, 4], "pivot": [0, 2.31688, -3.48215], "rotation": [17.31115, 25.78046, 8.69045], "uv": [15, 32]},
						{"origin": [-5.72238, -1.60411, -5.98422], "size": [3, 3, 3], "inflate": -0.1, "pivot": [0, 2.31688, -3.48215], "rotation": [-37.68885, 25.78046, 8.69045], "uv": [36, 20]},
						{"origin": [-5.22238, -1.69373, -6.36639], "size": [2, 2, 2], "pivot": [0, 2.31688, -3.48215], "rotation": [-54.93885, 25.78046, 8.69045], "uv": [0, 41]}
					]
				},
				{
					"name": "bone2",
					"parent": "bone",
					"pivot": [1.41727, 0.21932, 1.61484],
					"rotation": [5, 0, 0]
				}
			]
		}
	]
}