{
	"format_version": "1.12.0",
	"minecraft:geometry": [
		{
			"description": {
				"identifier": "geometry.clodsire plush",
				"texture_width": 64,
				"texture_height": 64,
				"visible_bounds_width": 3,
				"visible_bounds_height": 2.5,
				"visible_bounds_offset": [0, 0.75, 0]
			},
			"bones": [
				{
					"name": "bone",
					"pivot": [0, 0, 0],
					"rotation": [7.5, 0, 0],
					"cubes": [
						{"origin": [-4, 1.6527, -8.96962], "size": [8, 5, 3], "pivot": [0, 0, 3], "rotation": [-17.5, 0, 0], "uv": [22, 0]},
						{"origin": [-3.7, 3.6527, -8.97962], "size": [1, 1, 0], "pivot": [0, 0, 3], "rotation": [-17.5, 0, 0], "uv": [40, 6]},
						{"origin": [2.7, 3.6527, -8.97962], "size": [1, 1, 0], "pivot": [0, 0, 3], "rotation": [-17.5, 0, 0], "uv": [40, 6], "mirror": true},
						{"origin": [-4, 1.49177, -8.10525], "size": [8, 2, 3], "pivot": [0, 4, -2], "rotation": [-12.5, 0, 0], "uv": [19, 8]},
						{"origin": [-6.13074, 1.34965, -2.25916], "size": [3, 2, 3], "pivot": [-4, 2, 1], "rotation": [-19.03593, 23.92637, -15.82525], "uv": [12, 33]},
						{"origin": [-8.47942, 1.15306, -5.35598], "size": [3, 2, 3], "pivot": [-4, 2, 1], "rotation": [-23.53654, -11.69495, 17.64384], "uv": [0, 33]},
						{"origin": [5.45537, 1.13266, -5.35598], "size": [3, 2, 3], "pivot": [4, 2, 1], "rotation": [-23.98929, 10.68743, -19.97622], "uv": [27, 30]},
						{"origin": [-4, -0.3473, -5.96962], "size": [8, 7, 7], "pivot": [0, 0, 3], "rotation": [-17.5, 0, 0], "uv": [0, 19]},
						{"origin": [0, 3.6527, -5.96962], "size": [0, 6, 13], "pivot": [0, 0, 3], "rotation": [-17.5, 0, 0], "uv": [0, 0]},
						{"origin": [3.13074, 1.34965, -2.25916], "size": [3, 2, 3], "pivot": [4, 2, 1], "rotation": [-19.03593, -23.92637, 15.82525], "uv": [30, 23]},
						{"origin": [-2, 0.5, 1], "size": [4, 4, 3], "pivot": [0, 4, 1], "rotation": [-5, 0, 0], "uv": [23, 16]},
						{"origin": [-3, 0, 3], "size": [6, 5, 5], "uv": [0, 0]}
					]
				}
			]
		}
	]
}