{
	"format_version": "1.12.0",
	"minecraft:geometry": [
		{
			"description": {
				"identifier": "geometry.unknown",
				"texture_width": 64,
				"texture_height": 64,
				"visible_bounds_width": 3,
				"visible_bounds_height": 2.5,
				"visible_bounds_offset": [0, 0.75, 0]
			},
			"bones": [
				{
					"name": "bone",
					"pivot": [0, 0, -5],
					"cubes": [
						{"origin": [-1.5, 4, -4.5], "size": [3, 7, 3], "uv": [18, 27]},
						{"origin": [0, 3, -7.5], "size": [0, 7, 3], "uv": [10, 29]},
						{"origin": [-2, 0, -5], "size": [4, 4, 10], "uv": [0, 0]},
						{"origin": [0, 2, 2], "size": [0, 5, 7], "pivot": [0, 0, 0], "rotation": [15, 0, 0], "uv": [18, 7]},
						{"origin": [2, 0, -5], "size": [0, 5, 5], "pivot": [2, 0, -3], "rotation": [0, 0, 10], "uv": [0, 27]},
						{"origin": [-2, 0, -5], "size": [0, 5, 5], "pivot": [-2, 0, -3], "rotation": [0, 0, -10], "uv": [0, 0]},
						{"origin": [-2, 10, -5], "size": [4, 4, 4], "uv": [18, 0]},
						{"origin": [2.05, 10, -5], "size": [0, 9, 9], "pivot": [0, 12, -3], "rotation": [22.5, 0, 0], "uv": [0, 14]},
						{"origin": [-2.05, 10, -5], "size": [0, 9, 9], "pivot": [0, 12, -3], "rotation": [22.5, 0, 0], "uv": [0, 5]},
						{"origin": [-1.5, 12, -4.25], "size": [3, 4, 4], "pivot": [0, 12, -3], "rotation": [-45, 0, 0], "uv": [18, 19]},
						{"origin": [-1.5, 10, -6], "size": [3, 2, 1], "uv": [0, 0]},
						{"origin": [1, 0, -8], "size": [2, 2, 5], "pivot": [0, 0, -5], "rotation": [0, -22.5, 0], "uv": [28, 14]},
						{"origin": [-3, 0, 5], "size": [2, 2, 4], "pivot": [0, 0, 5], "rotation": [0, -45, 0], "uv": [28, 8]},
						{"origin": [1, 0, 5], "size": [2, 2, 4], "pivot": [0, 0, 5], "rotation": [0, 45, 0], "uv": [30, 29]},
						{"origin": [-3, 0, -8], "size": [2, 2, 5], "pivot": [0, 0, -5], "rotation": [0, 22.5, 0], "uv": [27, 22]}
					]
				}
			]
		}
	]
}