{
	"format_version": "1.12.0",
	"minecraft:geometry": [
		{
			"description": {
				"identifier": "geometry.unknown",
				"texture_width": 128,
				"texture_height": 128,
				"visible_bounds_width": 3,
				"visible_bounds_height": 2.5,
				"visible_bounds_offset": [0, 0.75, 0]
			},
			"bones": [
				{
					"name": "cresselia_plushie",
					"pivot": [0, 0, 0.725],
					"cubes": [
						{"origin": [-1, 2.67601, 6.9016], "size": [2, 2, 3], "pivot": [0, 3.67601, 8.4016], "rotation": [-31.5, 0, 0], "uv": [0, 53]},
						{"origin": [-2, 3.38892, 3.37642], "size": [4, 3, 3], "pivot": [0, 0.38892, 2.37642], "rotation": [-13.25, 0, 0], "uv": [15, 44]},
						{"origin": [-4, 0, -3.275], "size": [8, 6, 8], "inflate": 0.001, "uv": [0, 0]},
						{"origin": [-5, 6.975, 2.25], "size": [1, 7, 1], "pivot": [0, 9, 1.725], "rotation": [-48.25, 0, 0], "uv": [54, 58]},
						{"origin": [-4, 3.975, 2.25], "size": [1, 12, 1], "pivot": [0, 9, 1.725], "rotation": [-48.25, 0, 0], "uv": [13, 51]},
						{"origin": [4, 6.975, 2.25], "size": [1, 7, 1], "pivot": [0, 9, 1.725], "rotation": [-48.25, 0, 0], "uv": [0, 59]},
						{"origin": [3, 3.975, 2.25], "size": [1, 12, 1], "pivot": [0, 9, 1.725], "rotation": [-48.25, 0, 0], "uv": [18, 51]},
						{"origin": [-3, 12.975, 2.25], "size": [6, 4, 1], "pivot": [0, 9, 1.725], "rotation": [-48.25, 0, 0], "uv": [33, 9]},
						{"origin": [2, 9.975, 2.25], "size": [1, 3, 1], "pivot": [0, 9, 1.725], "rotation": [-48.25, 0, 0], "uv": [61, 30]},
						{"origin": [-3, 9.975, 2.25], "size": [1, 3, 1], "pivot": [0, 9, 1.725], "rotation": [-48.25, 0, 0], "uv": [28, 60]},
						{"origin": [-2, 11.975, 2.25], "size": [1, 1, 1], "pivot": [0, 9, 1.725], "rotation": [-48.25, 0, 0], "uv": [63, 3]},
						{"origin": [1, 11.975, 2.25], "size": [1, 1, 1], "pivot": [0, 9, 1.725], "rotation": [-48.25, 0, 0], "uv": [5, 63]},
						{"origin": [3.78149, 0.59367, -2.36892], "size": [6, 1, 1], "pivot": [8.31302, 3.45184, -3.36889], "rotation": [-67.34061, -9.8779, 26.60106], "uv": [46, 33]},
						{"origin": [6.78149, 1.59367, -2.36892], "size": [5, 1, 1], "pivot": [8.31302, 3.45184, -3.36889], "rotation": [-67.34061, -9.8779, 26.60106], "uv": [53, 39]},
						{"origin": [6.78149, 4.59367, -2.36892], "size": [5, 1, 1], "pivot": [8.31302, 3.45184, -3.36889], "rotation": [-67.34061, -9.8779, 26.60106], "uv": [23, 54]},
						{"origin": [9.78149, 2.59367, -2.36892], "size": [3, 2, 1], "pivot": [8.31302, 3.45184, -3.36889], "rotation": [-67.34061, -9.8779, 26.60106], "uv": [58, 47]},
						{"origin": [3.78149, 5.59367, -2.36892], "size": [6, 1, 1], "pivot": [8.31302, 3.45184, -3.36889], "rotation": [-67.34061, -9.8779, 26.60106], "uv": [23, 51]},
						{"origin": [-9.78149, 5.59367, -2.36892], "size": [6, 1, 1], "pivot": [-8.31302, 3.45184, -3.36889], "rotation": [-67.34061, 9.8779, -26.60106], "uv": [53, 36]},
						{"origin": [-11.78149, 4.59367, -2.36892], "size": [5, 1, 1], "pivot": [-8.31302, 3.45184, -3.36889], "rotation": [-67.34061, 9.8779, -26.60106], "uv": [23, 57]},
						{"origin": [-12.78149, 2.59367, -2.36892], "size": [3, 2, 1], "pivot": [-8.31302, 3.45184, -3.36889], "rotation": [-67.34061, 9.8779, -26.60106], "uv": [59, 26]},
						{"origin": [-11.78149, 1.59367, -2.36892], "size": [5, 1, 1], "pivot": [-8.31302, 3.45184, -3.36889], "rotation": [-67.34061, 9.8779, -26.60106], "uv": [36, 55]},
						{"origin": [-9.78149, 0.59367, -2.36892], "size": [6, 1, 1], "pivot": [-8.31302, 3.45184, -3.36889], "rotation": [-67.34061, 9.8779, -26.60106], "uv": [38, 52]},
						{"origin": [-3, 1.17219, -6.03651], "size": [6, 6, 6], "uv": [0, 15]},
						{"origin": [0.275, 3.17219, -6.86151], "size": [4, 2, 2], "pivot": [2, 4.17219, -6.53651], "rotation": [0, -15.25, 36.75], "uv": [50, 16]},
						{"origin": [-4.275, 3.17219, -6.86151], "size": [4, 2, 2], "pivot": [-2, 4.17219, -6.53651], "rotation": [0, 15.25, -36.75], "uv": [50, 21]},
						{"origin": [-2, 6.65773, -5.49946], "size": [4, 3, 4], "pivot": [0, 8.65773, -3.49946], "rotation": [-5.5, 0, 0], "uv": [21, 36]},
						{"origin": [-1.5, 8.65773, -5.19946], "size": [3, 4, 3], "pivot": [-0.5, 11.65773, -4.19946], "rotation": [5, 0, 0], "uv": [45, 44]},
						{"origin": [-2, 12.00773, -3.99946], "size": [4, 4, 2], "inflate": -0.001, "uv": [0, 46]},
						{"origin": [-4, 11.00773, -3.69946], "size": [8, 6, 4], "inflate": -0.001, "pivot": [-0.5, 14.00773, -2.19946], "rotation": [-15, 0, 0], "uv": [25, 15]},
						{"origin": [1.41599, 10.82159, -4.91107], "size": [3, 3, 3], "inflate": -0.001, "pivot": [3.41599, 12.32159, -3.41107], "rotation": [-49.7954, -10.09139, -13.10773], "uv": [46, 26]},
						{"origin": [2.49776, 10.87786, -6.64221], "size": [2, 2, 2], "inflate": -0.001, "pivot": [3.99776, 11.37786, -5.39221], "rotation": [-75.11875, -8.40037, -12.6513], "uv": [58, 42]},
						{"origin": [3.68074, 11.21374, -8.07012], "size": [0, 2, 2], "inflate": -0.001, "pivot": [5.08074, 11.71374, -7.07012], "rotation": [-87.86875, -8.40037, -12.6513], "uv": [15, 38]},
						{"origin": [-3.68074, 11.21374, -8.07012], "size": [0, 2, 2], "inflate": -0.001, "pivot": [-5.08074, 11.71374, -7.07012], "rotation": [-87.86875, 8.40037, 12.6513], "uv": [23, 60]},
						{"origin": [-4.49776, 10.87786, -6.64221], "size": [2, 2, 2], "inflate": -0.001, "pivot": [-3.99776, 11.37786, -5.39221], "rotation": [-75.11875, 8.40037, 12.6513], "uv": [45, 58]},
						{"origin": [-4.41599, 10.82159, -4.91107], "size": [3, 3, 3], "inflate": -0.001, "pivot": [-3.41599, 12.32159, -3.41107], "rotation": [-49.7954, 10.09139, 13.10773], "uv": [50, 9]},
						{"origin": [-3, 13.28273, -3.79946], "size": [6, 5, 4], "inflate": -0.001, "pivot": [-1, 16.28273, -2.29946], "rotation": [-2.75, 0, 0], "uv": [0, 28]},
						{"origin": [-2, 15.85773, -4.29946], "size": [4, 4, 3], "inflate": -0.001, "pivot": [-1, 18.85773, -2.79946], "rotation": [11, 0, 0], "uv": [38, 36]},
						{"origin": [-1, 16.85773, -5.02446], "size": [2, 4, 2], "inflate": -0.001, "pivot": [-1, 19.85773, -3.52446], "rotation": [21, 0, 0], "uv": [54, 0]},
						{"origin": [0, 20.85773, -5.02446], "size": [0, 1, 1], "inflate": -0.001, "pivot": [-1, 19.85773, -3.52446], "rotation": [21, 0, 0], "uv": [21, 28]},
						{"origin": [-2, 11.27875, -6.35587], "size": [4, 4, 3], "pivot": [0, 13.27875, -6.35587], "rotation": [15.5, 0, 0], "uv": [0, 38]},
						{"origin": [0.925, 14.08462, -6.33448], "size": [1, 1, 2], "inflate": 0.1, "uv": [5, 59]},
						{"origin": [1.15, 14.25962, -6.08448], "size": [1, 1, 1], "inflate": -0.1, "uv": [59, 62]},
						{"origin": [-2.15, 14.25962, -6.08448], "size": [1, 1, 1], "inflate": -0.1, "uv": [63, 0]},
						{"origin": [-1.925, 14.08462, -6.33448], "size": [1, 1, 2], "inflate": 0.1, "uv": [59, 58]},
						{"origin": [-1.5, 15.28548, -6.33904], "size": [3, 2, 4], "pivot": [0, 16.28548, -3.83904], "rotation": [25.75, 0, 0], "uv": [30, 44]},
						{"origin": [-1.5, 12.45375, -7.70587], "size": [3, 3, 2], "pivot": [-0.5, 13.45375, -8.70587], "rotation": [-4, 0, 0], "uv": [53, 52]},
						{"origin": [-1, 13.82875, -9.33087], "size": [2, 2, 2], "pivot": [-1, 13.82875, -9.33087], "rotation": [-16, 0, 0], "uv": [36, 58]},
						{"origin": [-3.5, 1.56292, -5.95702], "size": [7, 6, 3], "pivot": [-0.5, 1.56292, -6.95702], "rotation": [-23, 0, 0], "uv": [25, 26]},
						{"origin": [-3.5, 1.56292, 3.63202], "size": [7, 5, 3], "pivot": [-0.5, 1.56292, 7.63202], "rotation": [23, 0, 0], "uv": [33, 0]}
					]
				}
			]
		}
	]
}