{
	"format_version": "1.12.0",
	"minecraft:geometry": [
		{
			"description": {
				"identifier": "geometry.unknown",
				"texture_width": 64,
				"texture_height": 64,
				"visible_bounds_width": 3,
				"visible_bounds_height": 2.5,
				"visible_bounds_offset": [0, 0.75, 0]
			},
			"bones": [
				{
					"name": "crobat",
					"pivot": [0, 0, 0],
					"rotation": [-8.5, 0, 0],
					"cubes": [
						{"origin": [-3, 0.10287, -2.50435], "size": [6, 7, 6], "uv": [0, 0]},
						{"origin": [-2.5, 1.22787, -2.52935], "size": [5, 1, 0], "uv": [11, 24]},
						{"origin": [-2, 2.22787, -2.52935], "size": [4, 1, 0], "uv": [12, 23]},
						{"origin": [-1, 3.22787, -2.52935], "size": [2, 1, 0], "uv": [16, 26]},
						{"origin": [0.15428, 5.85287, -2.62935], "size": [3, 1, 1], "pivot": [2.10428, 5.57787, -2.67935], "rotation": [0, 0, -14], "uv": [26, 29]},
						{"origin": [-3.15428, 5.85287, -2.62935], "size": [3, 1, 1], "pivot": [-2.10428, 5.57787, -2.67935], "rotation": [0, 0, 14], "uv": [25, 11]},
						{"origin": [1.05, 5.02787, -2.57935], "size": [1, 1, 1], "uv": [0, 3]},
						{"origin": [0.6, 4.27787, -2.55435], "size": [2, 2, 1], "uv": [8, 30]},
						{"origin": [-2.05, 5.02787, -2.57935], "size": [1, 1, 1], "uv": [0, 0]},
						{"origin": [-2.6, 4.27787, -2.55435], "size": [2, 2, 1], "uv": [30, 0]},
						{"origin": [-3.03033, -0.8018, -2.70971], "size": [2, 1, 2], "pivot": [-1.53033, -0.3018, -2.20971], "rotation": [20.18528, 63.84096, 18.26192], "uv": [0, 27]},
						{"origin": [-1.74315, -0.05272, -5.47741], "size": [1, 0, 1], "pivot": [0, -0.05272, -2.86539], "rotation": [48.72533, 55.05244, 43.04091], "uv": [33, 10]},
						{"origin": [-0.74315, -0.05272, -4.47741], "size": [1, 0, 1], "pivot": [0, -0.05272, -2.86539], "rotation": [48.72533, 55.05244, 43.04091], "uv": [32, 19]},
						{"origin": [1.03033, -0.8018, -2.70971], "size": [2, 1, 2], "pivot": [1.53033, -0.3018, -2.20971], "rotation": [20.18528, -63.84096, -18.26192], "uv": [9, 26]},
						{"origin": [0.74315, -0.05272, -5.47741], "size": [1, 0, 1], "pivot": [0, -0.05272, -2.86539], "rotation": [48.72533, -55.05244, -43.04091], "uv": [30, 4]},
						{"origin": [-0.25685, -0.05272, -4.47741], "size": [1, 0, 1], "pivot": [0, -0.05272, -2.86539], "rotation": [48.72533, -55.05244, -43.04091], "uv": [31, 27]},
						{"origin": [1.96658, -0.03306, 1.33053], "size": [4, 2, 1], "pivot": [5.29673, 1.06956, 1.83053], "rotation": [-6.66168, -21.81108, 12.75581], "uv": [0, 23]},
						{"origin": [5.5233, 1.0943, 1.33053], "size": [2, 1, 1], "inflate": -0.01, "pivot": [5.29673, 1.06956, 1.83053], "rotation": [-13.50168, -18.49426, 32.42906], "uv": [25, 32]},
						{"origin": [1.71783, 4.12387, 1.87065], "size": [2, 2, 1], "inflate": -0.01, "pivot": [5.91259, 6.00149, 2.37065], "rotation": [11.81089, -29.68689, -14.1405], "uv": [0, 31]},
						{"origin": [3.77823, 3.32885, 1.87065], "size": [4, 4, 1], "pivot": [5.91259, 6.00149, 2.37065], "rotation": [-5.68055, -31.29008, 19.59206], "uv": [22, 14]},
						{"origin": [7.28476, 4.83443, 1.87065], "size": [3, 3, 1], "inflate": -0.01, "pivot": [5.91259, 6.00149, 2.37065], "rotation": [-15.69206, -27.96032, 39.67976], "uv": [25, 6]},
						{"origin": [4.77823, 7.32885, 1.87065], "size": [1, 1, 1], "pivot": [5.91259, 6.00149, 2.37065], "rotation": [-5.68055, -31.29008, 19.59206], "uv": [32, 32]},
						{"origin": [-3.56723, 4.85434, -2.04325], "size": [3, 2, 1], "inflate": -0.01, "pivot": [-5.49103, 6.96235, -1.61852], "rotation": [-1.61891, -26.8699, 25.01393], "uv": [17, 29]},
						{"origin": [-7.70536, 4.21956, -2.04325], "size": [4, 4, 1], "pivot": [-5.49103, 6.96235, -1.61852], "rotation": [12.46297, -24.04892, -7.0375], "uv": [19, 0]},
						{"origin": [-10.21667, 5.83478, -2.04325], "size": [3, 3, 1], "inflate": -0.01, "pivot": [-5.49103, 6.96235, -1.61852], "rotation": [19.2811, -19.14958, -25.40539], "uv": [22, 24]},
						{"origin": [-5.70536, 8.21956, -2.04325], "size": [1, 1, 1], "pivot": [-5.49103, 6.96235, -1.61852], "rotation": [12.46297, -24.04892, -7.0375], "uv": [8, 14]},
						{"origin": [-5.96658, -0.03306, 1.33053], "size": [4, 2, 1], "pivot": [-5.29673, 1.06956, 1.83053], "rotation": [-6.66168, 21.81108, -12.75581], "uv": [22, 20]},
						{"origin": [-7.5233, 1.0943, 1.33053], "size": [2, 1, 1], "inflate": -0.01, "pivot": [-5.29673, 1.06956, 1.83053], "rotation": [-13.50168, 18.49426, -32.42906], "uv": [31, 24]},
						{"origin": [1.475, 6.12787, -1.00435], "size": [2, 5, 3], "pivot": [2, 7.60287, 0.99565], "rotation": [0, 0, 17], "uv": [11, 14]},
						{"origin": [-3.475, 6.12787, -1.00435], "size": [2, 5, 3], "pivot": [-2, 7.60287, 0.99565], "rotation": [0, 0, -17], "uv": [0, 14]}
					]
				}
			]
		}
	]
}