{
	"format_version": "1.12.0",
	"minecraft:geometry": [
		{
			"description": {
				"identifier": "geometry.unknown",
				"texture_width": 64,
				"texture_height": 64,
				"visible_bounds_width": 3,
				"visible_bounds_height": 2.5,
				"visible_bounds_offset": [0, 0.75, 0]
			},
			"bones": [
				{
					"name": "bone",
					"pivot": [-9.54162, 0.40389, 4.1],
					"cubes": [
						{"origin": [-9, 0, -11], "size": [3, 3, 4], "uv": [0, 32]},
						{"origin": [-8.5, 0.5, -13.25], "size": [2, 2, 3], "pivot": [-7.5, 1.5, -11.25], "rotation": [22.5, 0, 0], "uv": [20, 46]},
						{"origin": [-10, 0, -4], "size": [1, 1, 4], "pivot": [-9.5, 0.5, -2], "rotation": [0, 90, 0], "uv": [44, 41]},
						{"origin": [-12.04162, -0.09611, -3.9], "size": [1, 1, 4], "pivot": [-11.54162, 0.40389, -1.9], "rotation": [0, 90, -20], "uv": [44, 36]},
						{"origin": [-10, 0, -1], "size": [1, 1, 4], "pivot": [-9.5, 0.5, 1], "rotation": [0, 90, 0], "uv": [0, 44]},
						{"origin": [-12.04162, -0.09611, -0.9], "size": [1, 1, 4], "pivot": [-11.54162, 0.40389, 1.1], "rotation": [0, 90, -20], "uv": [10, 43]},
						{"origin": [-10, 0, 2], "size": [1, 1, 4], "pivot": [-9.5, 0.5, 4], "rotation": [0, 90, 0], "uv": [42, 31]},
						{"origin": [-8, 0, -7], "size": [14, 12, 14], "uv": [0, 0]},
						{"origin": [-3, 12, -5.25], "size": [3, 2, 3], "pivot": [-1.5, 13, -3.75], "rotation": [0, -35, 0], "uv": [46, 51]},
						{"origin": [-1, 11.6, -5.25], "size": [3, 2, 3], "pivot": [0.5, 12.6, -3.75], "rotation": [0, -87.5, 0], "uv": [46, 51]},
						{"origin": [0.06981, 16.09493, -5.74], "size": [8, 0, 5], "pivot": [4.06981, 16.09493, -2.74], "rotation": [69.82607, -10.17781, -33.18482], "uv": [43, 59]},
						{"origin": [-9.06981, 16.09493, -5.74], "size": [8, 0, 5], "pivot": [-5.06981, 16.09493, -2.74], "rotation": [69.82607, 10.17781, 33.18482], "uv": [43, 59], "mirror": true},
						{"origin": [-4.5, 0, -9], "size": [7, 4, 2], "uv": [0, 26]},
						{"origin": [4, 0, -11], "size": [3, 3, 4], "uv": [18, 26]},
						{"origin": [4.5, 0.5, -13.25], "size": [2, 2, 3], "pivot": [5.5, 1.5, -11.25], "rotation": [22.5, 0, 0], "uv": [34, 41]},
						{"origin": [-4.6, 2, -10], "size": [3, 3, 2], "uv": [0, 39]},
						{"origin": [-0.4, 2, -10], "size": [3, 3, 2], "uv": [24, 41]},
						{"origin": [7, 0, -4], "size": [1, 1, 4], "pivot": [7.5, 0.5, -2], "rotation": [0, -90, 0], "uv": [32, 26]},
						{"origin": [9.04162, -0.09611, -0.9], "size": [1, 1, 4], "pivot": [9.54162, 0.40389, 1.1], "rotation": [0, -90, 20], "uv": [24, 36]},
						{"origin": [9.04162, -0.09611, 2.1], "size": [1, 1, 4], "pivot": [9.54162, 0.40389, 4.1], "rotation": [0, -90, 20], "uv": [34, 36]},
						{"origin": [9.04162, -0.09611, -3.9], "size": [1, 1, 4], "pivot": [9.54162, 0.40389, -1.9], "rotation": [0, -90, 20], "uv": [14, 38]},
						{"origin": [7, 0, -1], "size": [1, 1, 4], "pivot": [7.5, 0.5, 1], "rotation": [0, -90, 0], "uv": [32, 31]},
						{"origin": [7, 0, 2], "size": [1, 1, 4], "pivot": [7.5, 0.5, 4], "rotation": [0, -90, 0], "uv": [14, 33]},
						{"origin": [-12.04162, -0.09611, 2.1], "size": [1, 1, 4], "pivot": [-11.54162, 0.40389, 4.1], "rotation": [0, 90, -20], "uv": [42, 26]}
					]
				}
			]
		}
	]
}