{
	"format_version": "1.12.0",
	"minecraft:geometry": [
		{
			"description": {
				"identifier": "geometry.unknown",
				"texture_width": 64,
				"texture_height": 64,
				"visible_bounds_width": 3,
				"visible_bounds_height": 2.5,
				"visible_bounds_offset": [0, 0.75, 0]
			},
			"bones": [
				{
					"name": "bone5",
					"pivot": [0, 0, 0],
					"cubes": [
						{"origin": [-3, 0, -3], "size": [6, 0, 6], "uv": [0, 0]},
						{"origin": [-1, 0, -1], "size": [2, 2, 2], "uv": [0, 28]},
						{"origin": [-1.5, 5, -1], "size": [3, 2, 2], "inflate": 0.001, "uv": [26, 11]},
						{"origin": [-1.5, 7.025, -1.5], "size": [3, 3, 3], "uv": [12, 17]},
						{"origin": [-1.6, 9.3, -1.4], "size": [3, 3, 3], "inflate": 0.002, "pivot": [0, 10, 0], "rotation": [-22.25015, -3.43206, -8.3249], "uv": [0, 17]},
						{"origin": [-1.4, 10.98859, -0.36284], "size": [2, 3, 3], "inflate": 0.0001, "pivot": [0, 12.25, 1], "rotation": [-55.5, 0, 0], "uv": [22, 20]},
						{"origin": [-1.4, 13.58859, -0.36284], "size": [2, 3, 2], "inflate": 0.002, "pivot": [0, 12.25, 1], "rotation": [-73.5, 0, 0], "uv": [22, 26]},
						{"origin": [-3.3, 14.58859, 0.13716], "size": [1, 3, 1], "inflate": 0.002, "pivot": [0, 12.25, 1], "rotation": [-67.27074, 42.68661, 15.85536], "uv": [0, 0]},
						{"origin": [-2, 7, -3.5], "size": [4, 0, 5], "uv": [11, 6]},
						{"origin": [-2, 7, -3.5], "size": [4, 2, 0], "uv": [28, 0]},
						{"origin": [-2, 7, 1.52], "size": [4, 2, 0], "uv": [18, 3]},
						{"origin": [-2, 7, -3.5], "size": [0, 1, 5], "uv": [21, 14]},
						{"origin": [2, 7, -3.5], "size": [0, 1, 5], "uv": [18, 0]},
						{"origin": [2, 6, -2.5], "size": [0, 1, 1], "uv": [19, 3]},
						{"origin": [-2, 6, -2.5], "size": [0, 1, 1], "uv": [19, 3]},
						{"origin": [-2, 2, -2], "size": [4, 4, 4], "pivot": [0, 4, 0], "rotation": [0, 0, 45], "uv": [0, 6]},
						{"origin": [-3, 0, -1], "size": [2, 5, 2], "pivot": [0, 4, 0], "rotation": [0, 0, 45], "uv": [26, 4]},
						{"origin": [-8, 0, 1], "size": [5, 6, 0], "pivot": [0, 4, 0], "rotation": [0, 0, 45], "uv": [12, 23]},
						{"origin": [-2, -1, -1], "size": [1, 1, 0], "pivot": [0, 4, 0], "rotation": [0, 0, 45], "uv": [4, 2]},
						{"origin": [-3, -1, -1], "size": [0, 1, 2], "pivot": [0, 4, 0], "rotation": [0, 0, 45], "uv": [0, 2]},
						{"origin": [-1, 5, -1], "size": [5, 2, 2], "pivot": [0, 4, 0], "rotation": [0, 0, 45], "uv": [21, 15]},
						{"origin": [-2, 7, 1], "size": [6, 5, 0], "pivot": [0, 4, 0], "rotation": [0, 0, 45], "uv": [0, 23]},
						{"origin": [4, 5, -1], "size": [1, 1, 0], "pivot": [0, 4, 0], "rotation": [0, 0, 45], "uv": [4, 3]},
						{"origin": [4, 7, -1], "size": [1, 0, 2], "pivot": [0, 4, 0], "rotation": [0, 0, 45], "uv": [2, 0]}
					]
				},
				{
					"name": "bone",
					"parent": "bone5",
					"pivot": [0, 0, 1],
					"rotation": [22.5, 0, 0],
					"cubes": [
						{"origin": [-2.5, 0, 1], "size": [5, 0, 3], "uv": [15, 0]}
					]
				},
				{
					"name": "bone2",
					"parent": "bone",
					"pivot": [0, 0, 4],
					"rotation": [22.5, 0, 0],
					"cubes": [
						{"origin": [-2.5, 0, 4], "size": [5, 0, 3], "uv": [10, 14]}
					]
				},
				{
					"name": "bone3",
					"parent": "bone2",
					"pivot": [0, 0, 7],
					"rotation": [22.5, 0, 0],
					"cubes": [
						{"origin": [-2.5, 0, 7], "size": [5, 0, 3], "uv": [0, 14]}
					]
				},
				{
					"name": "bone4",
					"parent": "bone3",
					"pivot": [0, 0, 10],
					"rotation": [-22.5, 0, 0],
					"cubes": [
						{"origin": [-2.5, 0, 10], "size": [5, 0, 3], "uv": [13, 11]}
					]
				}
			]
		}
	]
}