{
	"format_version": "1.12.0",
	"minecraft:geometry": [
		{
			"description": {
				"identifier": "geometry.unknown",
				"texture_width": 64,
				"texture_height": 64,
				"visible_bounds_width": 3,
				"visible_bounds_height": 2.5,
				"visible_bounds_offset": [0, 0.75, 0]
			},
			"bones": [
				{
					"name": "bone",
					"pivot": [0, 0, 3],
					"cubes": [
						{"origin": [-2, 0, -3], "size": [4, 4, 6], "inflate": 0.01, "uv": [0, 16]},
						{"origin": [2, 4, -3], "size": [4, 0, 6], "inflate": 0.01, "pivot": [2, 4, 0], "rotation": [0, 0, 45], "uv": [22, 8]},
						{"origin": [-6, 4, -3], "size": [4, 0, 6], "inflate": 0.01, "pivot": [-2, 4, 0], "rotation": [0, 0, -45], "uv": [14, 20]},
						{"origin": [-2, 0, -9], "size": [4, 4, 6], "pivot": [0, 0, -3], "rotation": [-67.5, 0, 0], "uv": [14, 10]},
						{"origin": [-2.5, 4, -5.3], "size": [5, 5, 5], "inflate": 0.01, "uv": [0, 6]},
						{"origin": [-2.5, 4.5, -5.35], "size": [5, 1, 0], "inflate": 0.01, "uv": [0, 36]},
						{"origin": [-2.5, 4, -5.375], "size": [1, 1, 0], "inflate": 0.01, "uv": [5, 14]},
						{"origin": [1.5, 4, -5.375], "size": [1, 1, 0], "inflate": 0.01, "uv": [5, 14]},
						{"origin": [-0.5, 4, -5.375], "size": [1, 1, 0], "inflate": 0.01, "uv": [5, 14]},
						{"origin": [-0.5, 5.75, -5.375], "size": [1, 1, 0], "inflate": 0.01, "uv": [5, 13]},
						{"origin": [-1.5, 5.25, -5.375], "size": [1, 1, 0], "inflate": 0.01, "uv": [6, 12]},
						{"origin": [0.5, 5.25, -5.375], "size": [1, 1, 0], "inflate": 0.01, "uv": [6, 12]},
						{"origin": [-0.5, 6.25, -5.4], "size": [1, 1, 0], "inflate": 0.01, "uv": [6, 12]},
						{"origin": [-3, 4.5, -5.275], "size": [1, 2, 2], "inflate": 0.02, "uv": [15, 6]},
						{"origin": [2, 4.5, -5.275], "size": [1, 2, 2], "inflate": 0.02, "uv": [0, 0]},
						{"origin": [-0.5, 8.5, -4.8], "size": [1, 2, 1], "inflate": 0.01, "uv": [0, 4]},
						{"origin": [-2, 1, 3], "size": [4, 2, 6], "pivot": [0, 0, 3], "rotation": [22.5, 0, 0], "uv": [20, 0]},
						{"origin": [-5, 2, 9], "size": [10, 0, 6], "pivot": [0, 0, 3], "rotation": [22.5, 0, 0], "uv": [0, 0]}
					]
				}
			]
		}
	]
}