{
	"format_version": "1.12.0",
	"minecraft:geometry": [
		{
			"description": {
				"identifier": "geometry.unknown",
				"texture_width": 32,
				"texture_height": 32,
				"visible_bounds_width": 2,
				"visible_bounds_height": 1.5,
				"visible_bounds_offset": [0, 0.25, 0]
			},
			"bones": [
				{
					"name": "bb_main",
					"pivot": [0, 0, 0],
					"cubes": [
						{"origin": [-2, 0.025, -2], "size": [4, 7, 4], "uv": [0, 7]},
						{"origin": [-1, 4, -3], "size": [2, 1, 1], "uv": [12, 7]},
						{"origin": [-1.5, 5, -2.1], "size": [1, 1, 0], "uv": [0, 1]},
						{"origin": [0.5, 5, -2.1], "size": [1, 1, 0], "uv": [0, 0]},
						{"origin": [-2.5, 0, -2.5], "size": [5, 2, 5], "uv": [0, 0]}
					]
				}
			]
		}
	]
}