{
	"format_version": "1.12.0",
	"minecraft:geometry": [
		{
			"description": {
				"identifier": "geometry.unknown",
				"texture_width": 64,
				"texture_height": 64,
				"visible_bounds_width": 3,
				"visible_bounds_height": 2.5,
				"visible_bounds_offset": [0, 0.75, 0]
			},
			"bones": [
				{
					"name": "Dratini",
					"pivot": [0, 0, 0],
					"rotation": [0, 80, 0],
					"cubes": [
						{"origin": [-9.32078, 11.74694, -1.09124], "size": [5, 6, 6], "pivot": [-6.07778, 16.1376, 3.11027], "rotation": [10.22045, -34.49961, -3.40155], "uv": [0, 0]},
						{"origin": [-4.29578, 13.24694, -1.11624], "size": [0, 3, 3], "pivot": [-6.07778, 16.1376, 3.11027], "rotation": [10.22045, -34.49961, -3.40155], "uv": [10, 13]},
						{"origin": [-4.97078, 13.54326, -1.27727], "size": [1, 2, 2], "inflate": -0.3, "pivot": [-6.07778, 16.1376, 3.11027], "rotation": [9.72045, -34.49961, -3.40155], "uv": [19, 16]},
						{"origin": [-9.67078, 13.54326, -1.27727], "size": [1, 2, 2], "inflate": -0.3, "pivot": [-6.07778, 16.1376, 3.11027], "rotation": [9.72045, -34.49961, -3.40155], "uv": [19, 16]},
						{"origin": [-5.29578, 13.24694, -1.11624], "size": [1, 2, 0], "pivot": [-6.07778, 16.1376, 3.11027], "rotation": [10.22045, -34.49961, -3.40155], "uv": [22, 0]},
						{"origin": [-9.34578, 13.24694, -1.11624], "size": [0, 3, 3], "pivot": [-6.07778, 16.1376, 3.11027], "rotation": [10.22045, -34.49961, -3.40155], "uv": [0, 13]},
						{"origin": [-9.34578, 13.24694, -1.11624], "size": [1, 2, 0], "pivot": [-6.07778, 16.1376, 3.11027], "rotation": [10.22045, -34.49961, -3.40155], "uv": [14, 13]},
						{"origin": [-7.32078, 15.17406, -1.64461], "size": [1, 1, 1], "pivot": [-6.07778, 16.1376, 3.11027], "rotation": [-7.52955, -34.49961, -3.40155], "uv": [10, 30]},
						{"origin": [-7.32078, 15.17406, -2.34461], "size": [1, 1, 1], "inflate": -0.2, "pivot": [-6.07778, 16.1376, 3.11027], "rotation": [-7.52955, -34.49961, -3.40155], "uv": [25, 26]},
						{"origin": [-8.82078, 12.18817, -3.76812], "size": [4, 3, 4], "inflate": -0.1, "pivot": [-6.07778, 16.1376, 3.11027], "rotation": [24.47045, -34.49961, -3.40155], "uv": [20, 9]}
					]
				},
				{
					"name": "bone2",
					"parent": "Dratini",
					"pivot": [-4.675, 12.34839, 3.30961],
					"rotation": [10.22049, 34.88975, 5.18364],
					"cubes": [
						{"origin": [-4.8745, 14.97417, 2.53566], "size": [1, 1, 7], "pivot": [-5.98772, 16.14305, 2.81666], "rotation": [50.94346, -34.4681, 8.92724], "uv": [10, 15]},
						{"origin": [-4.8745, 13.76715, 2.71081], "size": [1, 2, 2], "inflate": 0.1, "pivot": [-5.98772, 16.14305, 2.81666], "rotation": [29.94346, -34.4681, 8.92724], "uv": [13, 42]},
						{"origin": [-4.8745, 14.43623, 3.12155], "size": [1, 1, 6], "inflate": -0.1, "pivot": [-5.98772, 16.14305, 2.81666], "rotation": [40.44346, -34.4681, 8.92724], "uv": [0, 22]},
						{"origin": [-4.3745, 15.87942, 8.08908], "size": [0, 1, 1], "pivot": [-5.98772, 16.14305, 2.81666], "rotation": [33.44346, -34.4681, 8.92724], "uv": [4, 13]},
						{"origin": [-4.3745, 15.60442, 5.08908], "size": [0, 1, 3], "pivot": [-5.98772, 16.14305, 2.81666], "rotation": [33.44346, -34.4681, 8.92724], "uv": [6, 42]},
						{"origin": [-4.3745, 15.282, 7.63466], "size": [0, 2, 1], "pivot": [-5.98772, 16.14305, 2.81666], "rotation": [16.94346, -34.4681, 8.92724], "uv": [30, 17]},
						{"origin": [-4.3745, 14.482, 5.63466], "size": [0, 2, 2], "pivot": [-5.98772, 16.14305, 2.81666], "rotation": [16.94346, -34.4681, 8.92724], "uv": [17, 0]},
						{"origin": [-4.8745, 14.65792, 4.70564], "size": [1, 1, 4], "inflate": -0.11, "pivot": [-5.98772, 16.14305, 2.81666], "rotation": [19.69346, -34.4681, 8.92724], "uv": [20, 36]},
						{"origin": [-4.8745, 14.21893, 4.76314], "size": [1, 1, 3], "pivot": [-5.98772, 16.14305, 2.81666], "rotation": [10.94346, -34.4681, 8.92724], "uv": [40, 38]}
					]
				},
				{
					"name": "bone3",
					"parent": "Dratini",
					"pivot": [-8.675, 12.34839, 3.30961],
					"rotation": [10.22049, -34.88975, -5.18364],
					"cubes": [
						{"origin": [-9.71367, 14.33252, 2.39829], "size": [1, 1, 7], "pivot": [-6.38654, 16.15758, 2.12788], "rotation": [60.13153, -34.16278, -4.46892], "uv": [0, 13]},
						{"origin": [-9.71367, 13.3667, 2.77197], "size": [1, 2, 2], "inflate": 0.1, "pivot": [-6.38654, 16.15758, 2.12788], "rotation": [39.13153, -34.16278, -4.46892], "uv": [41, 28]},
						{"origin": [-9.71367, 13.90606, 3.09452], "size": [1, 1, 6], "inflate": -0.1, "pivot": [-6.38654, 16.15758, 2.12788], "rotation": [49.63153, -34.16278, -4.46892], "uv": [21, 18]},
						{"origin": [-9.21367, 15.43396, 8.12351], "size": [0, 1, 1], "pivot": [-6.38654, 16.15758, 2.12788], "rotation": [42.63153, -34.16278, -4.46892], "uv": [0, 13]},
						{"origin": [-9.21367, 15.15896, 5.12351], "size": [0, 1, 3], "pivot": [-6.38654, 16.15758, 2.12788], "rotation": [42.63153, -34.16278, -4.46892], "uv": [20, 17]},
						{"origin": [-9.21367, 15.06088, 7.76995], "size": [0, 2, 1], "pivot": [-6.38654, 16.15758, 2.12788], "rotation": [26.13153, -34.16278, -4.46892], "uv": [14, 24]},
						{"origin": [-9.21367, 14.26088, 5.76995], "size": [0, 2, 2], "pivot": [-6.38654, 16.15758, 2.12788], "rotation": [26.13153, -34.16278, -4.46892], "uv": [0, 0]},
						{"origin": [-9.71367, 14.39753, 4.82868], "size": [1, 1, 4], "inflate": -0.11, "pivot": [-6.38654, 16.15758, 2.12788], "rotation": [28.88153, -34.16278, -4.46892], "uv": [9, 36]},
						{"origin": [-9.71367, 14.08524, 4.91855], "size": [1, 1, 3], "pivot": [-6.38654, 16.15758, 2.12788], "rotation": [20.13153, -34.16278, -4.46892], "uv": [38, 33]}
					]
				},
				{
					"name": "bone",
					"parent": "Dratini",
					"pivot": [-10.49561, 4.09296, 0.73777],
					"cubes": [
						{"origin": [-7.78222, 6.45854, 0.55808], "size": [3, 6, 3], "pivot": [-7.42552, 11.26181, 3.33008], "rotation": [-15.25, -17, 0], "uv": [28, 26]},
						{"origin": [-7.78914, 5.10037, 1.07446], "size": [2, 2, 2], "inflate": -0.1, "pivot": [-7.42552, 11.26181, 3.33008], "rotation": [-65.77173, -39.7576, 39.18293], "uv": [0, 39]},
						{"origin": [-7.78222, 2.55206, -0.88797], "size": [3, 5, 3], "inflate": 0.2, "pivot": [-7.42552, 11.26181, 3.33008], "rotation": [5.25, -17, 0], "uv": [34, 14]},
						{"origin": [-7.78222, 5.20875, -6.30125], "size": [3, 4, 3], "inflate": 0.1, "pivot": [-7.42552, 11.26181, 3.33008], "rotation": [57.75, -17, 0], "uv": [36, 0]},
						{"origin": [-8.41183, -0.44533, 4.02026], "size": [3, 6, 3], "pivot": [-10.41691, 2.36982, 6.57611], "rotation": [89, -2.25, 0], "uv": [15, 26]},
						{"origin": [-8.81679, -0.13036, 4.01453], "size": [3, 5, 3], "inflate": -0.1, "pivot": [-3.60809, 2.36982, 6.57611], "rotation": [88.33729, 56.7422, -0.97974], "uv": [0, 30]},
						{"origin": [-7.94901, 1.11613, 4.18119], "size": [2, 5, 2], "inflate": 0.1, "pivot": [-3.60809, 2.36982, 6.57611], "rotation": [-90.18028, 9.25148, -179.04494], "uv": [31, 36]},
						{"origin": [-9.02405, -0.64923, 3.9226], "size": [3, 5, 3], "inflate": -0.2, "pivot": [-3.60809, 2.36982, 6.57611], "rotation": [-91, 79.75, -180], "uv": [23, 0]},
						{"origin": [-7.61581, 1.78846, 3.38572], "size": [2, 3, 2], "pivot": [-3.60809, 2.36982, 5.42611], "rotation": [-78.44366, -23.24835, -178.93952], "uv": [37, 8]},
						{"origin": [-7.07589, 0.72949, 4.39839], "size": [1, 3, 1], "inflate": 0.2, "pivot": [-3.60809, 2.36982, 5.42611], "rotation": [-44.779, -36.58544, -178.39381], "uv": [0, 22]},
						{"origin": [-7.07589, -3.52291, 3.50615], "size": [1, 5, 1], "pivot": [-3.60809, 2.36982, 5.42611], "rotation": [-14.529, -36.58544, -178.39381], "uv": [20, 42]},
						{"origin": [-3.40265, 3.40755, 1.05588], "size": [2, 2, 2], "inflate": -0.1, "pivot": [-2.40265, 4.40755, 2.05588], "rotation": [-151.95179, -48.74711, 123.35582], "uv": [38, 23]},
						{"origin": [-3.03714, 5.15095, 1.27258], "size": [1, 1, 1], "inflate": 0.2, "pivot": [-2.61214, 6.32595, 1.69758], "rotation": [140.52439, 51.39432, 146.26859], "uv": [9, 24]}
					]
				}
			]
		}
	]
}