{
	"format_version": "1.12.0",
	"minecraft:geometry": [
		{
			"description": {
				"identifier": "geometry.unknown",
				"texture_width": 64,
				"texture_height": 64,
				"visible_bounds_width": 3,
				"visible_bounds_height": 2.5,
				"visible_bounds_offset": [0, 0.75, 0]
			},
			"bones": [
				{
					"name": "dragonite",
					"pivot": [0, 0, 0],
					"cubes": [
						{"origin": [-4, 0.225, -4.45], "size": [8, 5, 7], "pivot": [0, 2.25, -1.275], "rotation": [7.5, 0, 0], "uv": [0, 0]},
						{"origin": [1.45, -0.025, -4.95], "size": [4, 4, 5], "pivot": [4, 1.975, -2.65], "rotation": [0, -18, 0], "uv": [35, 37]},
						{"origin": [2.82655, -0.1, -6.71872], "size": [3, 5, 2], "pivot": [4.32655, 2.475, -5.71872], "rotation": [9.5, -5.5, 0], "uv": [24, 42]},
						{"origin": [3.09311, 4.29435, -6.16839], "size": [1, 1, 0], "pivot": [3.56811, 4.91935, -5.69339], "rotation": [2.82215, -10.59946, 45.19552], "uv": [40, 54]},
						{"origin": [4.62469, 5.57736, -6.26098], "size": [1, 1, 0], "pivot": [3.42469, 5.27736, -6.78598], "rotation": [2.82215, -10.59946, 45.19552], "uv": [37, 54]},
						{"origin": [3.97469, 5.15236, -6.23598], "size": [1, 1, 0], "pivot": [3.42469, 5.27736, -6.78598], "rotation": [2.82215, -10.59946, 45.19552], "uv": [34, 54]},
						{"origin": [-5.45, -0.025, -4.95], "size": [4, 4, 5], "pivot": [-4, 1.975, -2.65], "rotation": [0, 18, 0], "uv": [21, 32]},
						{"origin": [-5.82655, -0.1, -6.71872], "size": [3, 5, 2], "pivot": [-4.32655, 2.475, -5.71872], "rotation": [9.5, 5.5, 0], "uv": [13, 42]},
						{"origin": [-5.62469, 5.57736, -6.26098], "size": [1, 1, 0], "pivot": [-3.42469, 5.27736, -6.78598], "rotation": [2.82215, 10.59946, -45.19552], "uv": [22, 54]},
						{"origin": [-4.97469, 5.15236, -6.23598], "size": [1, 1, 0], "pivot": [-3.42469, 5.27736, -6.78598], "rotation": [2.82215, 10.59946, -45.19552], "uv": [25, 54]},
						{"origin": [-4.09311, 4.29435, -6.16839], "size": [1, 1, 0], "pivot": [-3.56811, 4.91935, -5.69339], "rotation": [2.82215, 10.59946, -45.19552], "uv": [31, 54]},
						{"origin": [-3, 4.25, -4.1], "size": [6, 4, 6], "pivot": [0, 7.25, -1.525], "rotation": [-9.75, 0, 0], "uv": [25, 7]},
						{"origin": [-2.5, 5.65, -3.65], "size": [5, 5, 5], "uv": [0, 27]},
						{"origin": [2.90483, 6.47267, -2.95034], "size": [2, 3, 3], "inflate": -0.1, "pivot": [3.74624, 6.68223, -1.45034], "rotation": [-10.39372, -1.49842, -50.11371], "uv": [32, 47]},
						{"origin": [2.90483, 3.8168, -2.95034], "size": [2, 3, 3], "pivot": [3.74624, 6.68223, -1.45034], "rotation": [-10.46093, 0.91006, -37.08331], "uv": [0, 45]},
						{"origin": [5.55237, 3.46699, -3.03284], "size": [0, 1, 1], "pivot": [5.55237, 4.54199, -1.97034], "rotation": [-55.77378, -2.16166, -16.19092], "uv": [48, 52]},
						{"origin": [5.55237, 4.61699, -1.90784], "size": [0, 1, 1], "pivot": [5.55237, 4.54199, -1.97034], "rotation": [-55.77378, -2.16166, -16.19092], "uv": [28, 50]},
						{"origin": [5.57737, 4.01699, -2.48284], "size": [0, 1, 1], "pivot": [5.55237, 4.54199, -1.97034], "rotation": [-55.77378, -2.16166, -16.19092], "uv": [0, 45]},
						{"origin": [-5.55237, 4.61699, -1.90784], "size": [0, 1, 1], "pivot": [-5.55237, 4.54199, -1.97034], "rotation": [-55.77378, 2.16166, 16.19092], "uv": [24, 0]},
						{"origin": [-5.57737, 4.01699, -2.48284], "size": [0, 1, 1], "pivot": [-5.55237, 4.54199, -1.97034], "rotation": [-55.77378, 2.16166, 16.19092], "uv": [36, 18]},
						{"origin": [-5.55237, 3.46699, -3.03284], "size": [0, 1, 1], "pivot": [-5.55237, 4.54199, -1.97034], "rotation": [-55.77378, 2.16166, 16.19092], "uv": [0, 38]},
						{"origin": [-4.90483, 3.8168, -2.95034], "size": [2, 3, 3], "pivot": [-3.74624, 6.68223, -1.45034], "rotation": [-10.46093, -0.91006, 37.08331], "uv": [40, 29]},
						{"origin": [-4.90483, 6.42267, -2.95034], "size": [2, 3, 3], "inflate": -0.1, "pivot": [-3.74624, 6.68223, -1.45034], "rotation": [-10.39372, 1.49842, 50.11371], "uv": [41, 0]},
						{"origin": [-3, 9.525, -4.5], "size": [6, 6, 6], "inflate": 0.1, "uv": [0, 13]},
						{"origin": [2.125, 12.15, -4.625], "size": [1, 2, 0], "uv": [13, 53]},
						{"origin": [2, 12.95, -4.85], "size": [1, 1, 1], "inflate": -0.2, "uv": [52, 47]},
						{"origin": [2, 12.35, -4.85], "size": [1, 1, 1], "inflate": -0.2, "uv": [43, 52]},
						{"origin": [3.125, 12.15, -4.625], "size": [0, 2, 2], "uv": [19, 13]},
						{"origin": [-3.125, 12.15, -4.625], "size": [0, 2, 2], "uv": [0, 13]},
						{"origin": [-3, 12.35, -4.85], "size": [1, 1, 1], "inflate": -0.2, "uv": [50, 13]},
						{"origin": [-3, 12.95, -4.85], "size": [1, 1, 1], "inflate": -0.2, "uv": [5, 52]},
						{"origin": [-3.125, 12.15, -4.625], "size": [1, 2, 0], "uv": [10, 53]},
						{"origin": [2, 14.45801, -2.64711], "size": [1, 2, 1], "pivot": [3.072, 16.42626, 0.27608], "rotation": [-9.56472, 13.27519, 9.46931], "uv": [52, 3]},
						{"origin": [2.3715, 14.51212, -0.5768], "size": [1, 2, 1], "pivot": [3.072, 16.42626, 0.27608], "rotation": [-117.57478, 24.712, 5.61827], "uv": [0, 52]},
						{"origin": [2.3715, 16.46607, -0.5583], "size": [1, 2, 1], "pivot": [3.072, 16.42626, 0.27608], "rotation": [-100.82478, 24.712, 5.61827], "uv": [51, 32]},
						{"origin": [2.01779, 17.82795, 0.80627], "size": [1, 2, 1], "pivot": [3.072, 16.42626, 0.27608], "rotation": [-51.83823, 36.95336, 15.75757], "uv": [51, 21]},
						{"origin": [2, 14.20737, -1.62723], "size": [1, 2, 1], "pivot": [3.072, 16.42626, 0.27608], "rotation": [-59.56472, 13.27519, 9.46931], "uv": [51, 51]},
						{"origin": [-3, 14.45801, -2.64711], "size": [1, 2, 1], "pivot": [-3.072, 16.42626, 0.27608], "rotation": [-9.56472, -13.27519, -9.46931], "uv": [0, 26]},
						{"origin": [-3, 14.20737, -1.62723], "size": [1, 2, 1], "pivot": [-3.072, 16.42626, 0.27608], "rotation": [-59.56472, -13.27519, -9.46931], "uv": [21, 32]},
						{"origin": [-3.3715, 14.51212, -0.5768], "size": [1, 2, 1], "pivot": [-3.072, 16.42626, 0.27608], "rotation": [-117.57478, -24.712, -5.61827], "uv": [35, 32]},
						{"origin": [-3.3715, 16.46607, -0.5583], "size": [1, 2, 1], "pivot": [-3.072, 16.42626, 0.27608], "rotation": [-100.82478, -24.712, -5.61827], "uv": [18, 50]},
						{"origin": [-3.01779, 17.82795, 0.80627], "size": [1, 2, 1], "pivot": [-3.072, 16.42626, 0.27608], "rotation": [-51.83823, -36.95336, -15.75757], "uv": [23, 50]},
						{"origin": [-0.25, 14.8, -1.45], "size": [2, 2, 2], "pivot": [0, 16.525, -0.5], "rotation": [0, 0, 45], "uv": [43, 47]},
						{"origin": [-2.5, 9.525, -7.7], "size": [5, 3, 3], "inflate": 0.1, "uv": [24, 0]},
						{"origin": [0.5, 10.825, -7.9], "size": [1, 1, 0], "pivot": [1, 12.625, -7.9], "rotation": [0, 0, -22.5], "uv": [19, 54]},
						{"origin": [-1.5, 10.825, -7.9], "size": [1, 1, 0], "pivot": [-1, 12.625, -7.9], "rotation": [0, 0, 22.5], "uv": [16, 54]},
						{"origin": [-2.5, 0.025, -2.775], "size": [5, 5, 7], "uv": [18, 19]},
						{"origin": [-2, 1.08396, 2.65064], "size": [4, 4, 3], "pivot": [0, 2.90896, 4.70064], "rotation": [37, 0, 0], "uv": [36, 18]},
						{"origin": [-1.5, 1.25896, 4.65064], "size": [3, 3, 3], "pivot": [0, 2.90896, 4.70064], "rotation": [64.5, 0, 0], "uv": [0, 38]},
						{"origin": [-1, 0.95896, 6.95064], "size": [2, 2, 2], "pivot": [0, 2.90896, 4.70064], "rotation": [81, 0, 0], "uv": [48, 16]},
						{"origin": [-0.5, 7.82071, 5.46022], "size": [1, 1, 2], "inflate": 0.2, "pivot": [0, 7.94571, 6.46022], "rotation": [102, 0, 0], "uv": [0, 0]}
					]
				},
				{
					"name": "bone",
					"parent": "dragonite",
					"pivot": [4.28188, 7.75615, 2.65],
					"rotation": [-1.65641, -19.18129, 5.0299],
					"cubes": [
						{"origin": [-0.375, 8.075, 2.15], "size": [5, 1, 1], "pivot": [2.125, 8.575, 2.65], "rotation": [0, 0, -36.75], "uv": [44, 7]},
						{"origin": [0.92308, 7.76366, 2.65], "size": [1, 1, 0], "inflate": 0.01, "pivot": [1.69808, 7.51366, 2.65], "rotation": [0, 0, -90.25], "uv": [28, 53]},
						{"origin": [1.27209, 6.74193, 2.65], "size": [2, 2, 0], "pivot": [2.44709, 7.74193, 2.65], "rotation": [0, 0, -79.5], "uv": [8, 45]},
						{"origin": [3.27209, 6.74193, 2.65], "size": [1, 1, 0], "pivot": [2.44709, 7.74193, 2.65], "rotation": [0, 0, -79.5], "uv": [22, 42]},
						{"origin": [2.94406, 7.17295, 2.65], "size": [3, 2, 0], "inflate": 0.01, "pivot": [4.71906, 7.67295, 2.65], "rotation": [0, 0, -70], "uv": [49, 39]},
						{"origin": [2.35441, 4.03617, 2.65], "size": [3, 2, 0], "pivot": [3.57941, 7.16117, 2.65], "rotation": [0, 0, -84.5], "uv": [11, 50]},
						{"origin": [2.97828, 7.94313, 2.15], "size": [4, 1, 1], "inflate": 0.01, "pivot": [6.41249, 8.03248, 2.65], "rotation": [0, 0, 28.5], "uv": [44, 10]},
						{"origin": [6.29304, 8.0979, 2.15], "size": [3, 1, 1], "pivot": [6.41249, 8.03248, 2.65], "rotation": [0, 0, 66.75], "uv": [49, 0]},
						{"origin": [2.35441, 3.03617, 2.65], "size": [2, 1, 0], "pivot": [3.57941, 7.16117, 2.65], "rotation": [0, 0, -84.5], "uv": [40, 47]}
					]
				},
				{
					"name": "bone2",
					"parent": "dragonite",
					"pivot": [-4.28188, 7.75615, 2.65],
					"rotation": [-1.65641, 19.18129, -5.0299],
					"cubes": [
						{"origin": [-4.625, 8.075, 2.15], "size": [5, 1, 1], "pivot": [-2.125, 8.575, 2.65], "rotation": [0, 0, 36.75], "uv": [43, 26]},
						{"origin": [-1.92308, 7.76366, 2.65], "size": [1, 1, 0], "inflate": 0.01, "pivot": [-1.69808, 7.51366, 2.65], "rotation": [0, 0, 90.25], "uv": [22, 13]},
						{"origin": [-3.27209, 6.74193, 2.65], "size": [2, 2, 0], "pivot": [-2.44709, 7.74193, 2.65], "rotation": [0, 0, 79.5], "uv": [38, 0]},
						{"origin": [-4.27209, 6.74193, 2.65], "size": [1, 1, 0], "pivot": [-2.44709, 7.74193, 2.65], "rotation": [0, 0, 79.5], "uv": [3, 13]},
						{"origin": [-5.94406, 7.17295, 2.65], "size": [3, 2, 0], "inflate": 0.01, "pivot": [-4.71906, 7.67295, 2.65], "rotation": [0, 0, 70], "uv": [49, 36]},
						{"origin": [-5.35441, 4.03617, 2.65], "size": [3, 2, 0], "pivot": [-3.57941, 7.16117, 2.65], "rotation": [0, 0, 84.5], "uv": [0, 4]},
						{"origin": [-6.97828, 7.94313, 2.15], "size": [4, 1, 1], "inflate": 0.01, "pivot": [-6.41249, 8.03248, 2.65], "rotation": [0, 0, -28.5], "uv": [10, 38]},
						{"origin": [-9.29304, 8.0979, 2.15], "size": [3, 1, 1], "pivot": [-6.41249, 8.03248, 2.65], "rotation": [0, 0, -66.75], "uv": [48, 29]},
						{"origin": [-4.35441, 3.03617, 2.65], "size": [2, 1, 0], "pivot": [-3.57941, 7.16117, 2.65], "rotation": [0, 0, 84.5], "uv": [0, 30]}
					]
				}
			]
		}
	]
}