{
	"format_version": "1.12.0",
	"minecraft:geometry": [
		{
			"description": {
				"identifier": "geometry.unknown",
				"texture_width": 64,
				"texture_height": 64,
				"visible_bounds_width": 2,
				"visible_bounds_height": 2.5,
				"visible_bounds_offset": [0, 0.75, 0]
			},
			"bones": [
				{
					"name": "Dratini",
					"pivot": [0, 0, 0],
					"rotation": [0, -10.75, 0],
					"cubes": [
						{"origin": [-0.775, 7.7, -5.55], "size": [6, 6, 5], "pivot": [1.87182, 10.88791, -3.17091], "rotation": [0, 14.5, -4.25], "uv": [0, 0]},
						{"origin": [0.425, 5.5, -4.975], "size": [4, 3, 4], "pivot": [2.425, 7.175, -3.05], "rotation": [-15.25, 0, 0], "uv": [32, 18]},
						{"origin": [0.425, 0.99418, -4.1428], "size": [4, 4, 4], "pivot": [2.425, 2.74418, -1.8678], "rotation": [57.75, 0, 0], "uv": [23, 0]},
						{"origin": [-0.3, 0.95113, -1.5264], "size": [4, 4, 4], "pivot": [-1.02709, 1.6366, 0.29839], "rotation": [89, -15.5, 0], "uv": [19, 22]},
						{"origin": [-1.71337, 0.09665, -1.55822], "size": [4, 5, 4], "inflate": -0.1, "pivot": [-1.02709, 1.6366, 0.29839], "rotation": [87.68108, -69.98913, 1.57026], "uv": [17, 12]},
						{"origin": [-1.5405, -2.01766, -1.60328], "size": [4, 5, 4], "inflate": -0.2, "pivot": [-1.02709, 1.6366, 0.29839], "rotation": [-91, -66.5, 180], "uv": [0, 12]},
						{"origin": [0.20642, -0.62161, -1.35328], "size": [3, 4, 3], "inflate": 0.1, "pivot": [-1.02709, 1.6366, 0.29839], "rotation": [-90.3997, 3.99671, 179.05507], "uv": [34, 9]},
						{"origin": [-4.18312, -2.26152, -1.92366], "size": [3, 3, 3], "pivot": [-3.73312, 1.43848, -0.14866], "rotation": [-78.746, 36.49578, 178.78792], "uv": [0, 39]},
						{"origin": [-4.41546, -2.11696, -3.75088], "size": [2, 3, 2], "inflate": 0.2, "pivot": [-3.61546, 1.60804, -2.22588], "rotation": [-50.94551, 45.60116, -172.41691], "uv": [28, 41]},
						{"origin": [-2.32061, 3.71796, -5.61223], "size": [2, 2, 2], "pivot": [-1.32061, 4.09296, -4.41223], "rotation": [-0.94551, 45.60116, -172.41691], "uv": [37, 26]},
						{"origin": [-1.82061, 2.56796, -5.11223], "size": [1, 1, 1], "inflate": 0.2, "pivot": [-1.32061, 4.09296, -4.41223], "rotation": [-0.94551, 45.60116, -172.41691], "uv": [18, 0]},
						{"origin": [0.425, 2.2391, -5.2383], "size": [4, 4, 4], "inflate": 0.1, "pivot": [2.425, 5.7391, -3.3133], "rotation": [5.25, 0, 0], "uv": [0, 30]},
						{"origin": [3.20109, 10.20863, -0.83927], "size": [1, 1, 5], "pivot": [1.87182, 10.88791, -3.17091], "rotation": [7.75, 62.5, -4.25], "uv": [40, 0], "mirror": true},
						{"origin": [4.23629, 6.20863, -1.07741], "size": [0, 9, 5], "pivot": [1.87182, 10.88791, -3.17091], "rotation": [6.4014, 56.04895, -5.81631], "uv": [31, 26]},
						{"origin": [0.03585, 6.27942, -1.54069], "size": [0, 9, 5], "pivot": [1.87182, 10.88791, -3.17091], "rotation": [7.254, -27.05546, -3.26782], "uv": [17, 31]},
						{"origin": [0.0152, 10.27942, -1.3594], "size": [1, 1, 5], "pivot": [1.87182, 10.88791, -3.17091], "rotation": [7.75, -33.5, -4.25], "uv": [37, 36]},
						{"origin": [1.725, 11.70285, -6.41167], "size": [1, 1, 1], "pivot": [1.87182, 10.88791, -3.17091], "rotation": [-17.75, 14.5, -4.25], "uv": [15, 22]},
						{"origin": [3.25, 10.05, -5.625], "size": [2, 3, 0], "pivot": [1.87182, 10.88791, -3.17091], "rotation": [0, 14.5, -4.25], "uv": [13, 12]},
						{"origin": [3.5, 10.8, -5.65], "size": [1, 2, 0], "pivot": [1.87182, 10.88791, -3.17091], "rotation": [0, 14.5, -4.25], "uv": [20, 22]},
						{"origin": [5.25, 10.05, -5.625], "size": [0, 2, 1], "pivot": [1.87182, 10.88791, -3.17091], "rotation": [0, 14.5, -4.25], "uv": [18, 12]},
						{"origin": [-0.05, 10.8, -5.65], "size": [1, 2, 0], "pivot": [1.87182, 10.88791, -3.17091], "rotation": [0, 14.5, -4.25], "uv": [0, 22]},
						{"origin": [-0.8, 10.05, -5.625], "size": [2, 3, 0], "pivot": [1.87182, 10.88791, -3.17091], "rotation": [0, 14.5, -4.25], "uv": [0, 0]},
						{"origin": [-0.8, 10.05, -5.625], "size": [0, 2, 1], "pivot": [1.87182, 10.88791, -3.17091], "rotation": [0, 14.5, -4.25], "uv": [0, 12]},
						{"origin": [0.225, 7.3, -7.55], "size": [4, 3, 4], "inflate": -0.1, "pivot": [1.87182, 10.88791, -3.17091], "rotation": [0, 14.5, -4.25], "uv": [0, 22]}
					]
				}
			]
		}
	]
}