{
	"format_version": "1.12.0",
	"minecraft:geometry": [
		{
			"description": {
				"identifier": "geometry.Dreepy Plush",
				"texture_width": 32,
				"texture_height": 32,
				"visible_bounds_width": 2,
				"visible_bounds_height": 2.5,
				"visible_bounds_offset": [0, 0.75, 0]
			},
			"bones": [
				{
					"name": "bone",
					"pivot": [0, 0, 1],
					"rotation": [-180, 0, 180],
					"cubes": [
						{"origin": [-1.5, 3, 3], "size": [2, 3, 2], "uv": [22, 0]},
						{"origin": [-2, 0, 1], "size": [3, 3, 4], "uv": [12, 9]}
					]
				},
				{
					"name": "leggies",
					"parent": "bone",
					"pivot": [0, 0, 1],
					"cubes": [
						{"origin": [0.19, 0, 4.7], "size": [1, 1, 1], "pivot": [0, 0, 1], "rotation": [0, -32.5, 0], "uv": [0, 15]},
						{"origin": [-3.5, 0, 6], "size": [2, 1, 2], "uv": [13, 0]},
						{"origin": [-2.5, 0, 8], "size": [1, 1, 1], "uv": [0, 9]},
						{"origin": [0.5, 0, 8], "size": [1, 1, 1], "uv": [11, 8]},
						{"origin": [0.5, 0, 5], "size": [1, 1, 1], "uv": [11, 10]},
						{"origin": [-2.5, 0, 5], "size": [1, 1, 1], "uv": [13, 3]},
						{"origin": [2.25, 0, 5.5], "size": [1, 1, 1], "pivot": [0, 0, 1], "rotation": [0, -55, 0], "uv": [8, 13]},
						{"origin": [0.5, 0, 6], "size": [2, 1, 2], "uv": [20, 22]},
						{"origin": [-3.2, 0, 5], "size": [1, 1, 1], "pivot": [0, 0, 1], "rotation": [0, 47.5, 0], "uv": [0, 13]},
						{"origin": [-2, 0, 4.1], "size": [1, 1, 1], "pivot": [0, 0, 1], "rotation": [0, 32.5, 0], "uv": [8, 15]}
					]
				},
				{
					"name": "spikes",
					"parent": "bone",
					"pivot": [0, 0, 1],
					"cubes": [
						{"origin": [-2.75, -0.75, -2], "size": [1, 0, 1], "pivot": [0, 0, 1], "rotation": [0, 0, 125], "uv": [2, 2]},
						{"origin": [-3.75, -0.75, -3], "size": [2, 0, 1], "pivot": [0, 0, 1], "rotation": [0, 0, 125], "uv": [0, 0]},
						{"origin": [-4.5, 0.15, -3], "size": [2, 0, 1], "pivot": [0, 0, 1], "rotation": [0, 0, 50], "uv": [0, 1]},
						{"origin": [-3.5, 0.15, -2], "size": [1, 0, 1], "pivot": [0, 0, 1], "rotation": [0, 0, 50], "uv": [0, 4]},
						{"origin": [-1.5, 0, -3], "size": [2, 2, 2], "uv": [22, 9]}
					]
				},
				{
					"name": "tail",
					"parent": "bone",
					"pivot": [0, 0, 1],
					"cubes": [
						{"origin": [-1.95, 0, -4.5], "size": [0, 2, 1], "pivot": [0, 0, 1], "rotation": [0, -17.5, 0], "uv": [16, 16]},
						{"origin": [-0.5, 0, -4], "size": [0, 2, 1], "uv": [18, 16]},
						{"origin": [-6.45, 0, -0.2], "size": [0, 1, 1], "pivot": [0, 0, 1], "rotation": [-180, -87.5, 180], "uv": [3, 8]},
						{"origin": [-4.6, 0, -3.5], "size": [0, 1, 1], "pivot": [0, 0, 1], "rotation": [0, -50, 0], "uv": [3, 6]},
						{"origin": [-6.55, 0, 0.55], "size": [0, 1, 1], "pivot": [0, 0, 1], "rotation": [-180, -72.5, 180], "uv": [3, 3]},
						{"origin": [-1.5, 0, -1], "size": [2, 2, 2], "uv": [12, 22]}
					]
				},
				{
					"name": "brains",
					"parent": "bone",
					"pivot": [-1, 7, 7],
					"rotation": [9.87868, 6.73955, -15.32969],
					"cubes": [
						{"origin": [-2, 6, 3], "size": [3, 1, 5], "uv": [0, 7]},
						{"origin": [-2.5, 6.75, 3], "size": [4, 2, 5], "pivot": [0, 7, 4], "rotation": [-7.5, 0, 0], "uv": [0, 0]},
						{"origin": [-3.5, 5.9, 6.65], "size": [3, 2, 3], "pivot": [-1, 6, 10], "rotation": [-10.12436, -42.05244, 6.82047], "uv": [0, 21]},
						{"origin": [-3, 7, 4], "size": [2, 2, 4], "pivot": [1, 6, 4], "rotation": [15, 0, 0], "uv": [0, 13]},
						{"origin": [-2.35, 8.5, 6.65], "size": [1, 1, 1], "pivot": [-2.73062, 8.26315, 6.82035], "rotation": [15, 0, 0], "uv": [1, 27]},
						{"origin": [0.25, 8.5, 6.65], "size": [1, 1, 1], "pivot": [-2.73062, 8.26315, 6.82035], "rotation": [15, 0, 0], "uv": [1, 27]},
						{"origin": [-2, 8, -3], "size": [2, 1, 4], "pivot": [3, 8, 4], "rotation": [0, 45, 0], "uv": [8, 16]},
						{"origin": [0, 7, -3], "size": [0, 1, 4], "pivot": [3, 8, 4], "rotation": [10.54684, 44.5119, 7.43656], "uv": [0, 15]},
						{"origin": [0, 6, -1], "size": [0, 1, 3], "pivot": [3, 8, 4], "rotation": [10.54684, 44.5119, 7.43656], "uv": [0, 17]},
						{"origin": [0, 5, -3], "size": [0, 1, 3], "pivot": [3, 8, 4], "rotation": [10.54684, 44.5119, 7.43656], "uv": [16, 13]},
						{"origin": [-8.45, 8, -1.9519], "size": [1, 1, 1], "pivot": [-2.94454, 8, -3.35876], "rotation": [0, 45, 0], "uv": [0, 7]},
						{"origin": [0, 7, 4], "size": [2, 2, 4], "pivot": [1, 6, 4], "rotation": [15, 0, 0], "uv": [14, 3]}
					]
				},
				{
					"name": "leftearthing",
					"parent": "brains",
					"pivot": [3, 8, 4],
					"cubes": [
						{"origin": [0.65685, 8, -2.25], "size": [1, 1, 1], "pivot": [6.65685, 8, -3.65685], "rotation": [0, 45, 0], "uv": [0, 2]},
						{"origin": [1, 8, 2], "size": [2, 1, 4], "pivot": [3, 8, 4], "rotation": [0, -45, 0], "uv": [16, 17]},
						{"origin": [1, 7, 2], "size": [0, 1, 3], "pivot": [3, 8, 4], "rotation": [7.05323, -44.78238, -4.98107], "uv": [22, 3]},
						{"origin": [1, 6, 4], "size": [0, 1, 3], "pivot": [3, 8, 4], "rotation": [7.05323, -44.78238, -4.98107], "uv": [22, 2]},
						{"origin": [1, 5, 2], "size": [0, 1, 3], "pivot": [3, 8, 4], "rotation": [7.05323, -44.78238, -4.98107], "uv": [9, 18]}
					]
				}
			]
		}
	]
}