{
	"format_version": "1.12.0",
	"minecraft:geometry": [
		{
			"description": {
				"identifier": "geometry.unknown",
				"texture_width": 64,
				"texture_height": 32,
				"visible_bounds_width": 2,
				"visible_bounds_height": 2.5,
				"visible_bounds_offset": [0, 0.75, 0]
			},
			"bones": [
				{
					"name": "bone4",
					"pivot": [0, 0, 0],
					"cubes": [
						{"origin": [-5.5, 0, -5.5], "size": [11, 2, 11], "uv": [0, 19]}
					]
				},
				{
					"name": "bone",
					"parent": "bone4",
					"pivot": [0, 2, 2.55],
					"cubes": [
						{"origin": [-2, 2.025, 0.55], "size": [4, 7, 4], "uv": [0, 7]},
						{"origin": [0.5, 7, 0.45], "size": [1, 1, 0], "uv": [0, 0]},
						{"origin": [-1.5, 7, 0.45], "size": [1, 1, 0], "uv": [0, 1]},
						{"origin": [-1, 6, -0.45], "size": [2, 1, 1], "uv": [12, 7]}
					]
				},
				{
					"name": "bone2",
					"parent": "bone4",
					"pivot": [-2, 0.4, -2.55],
					"rotation": [0, 0, -8],
					"cubes": [
						{"origin": [-4, 0.425, -4.55], "size": [4, 7, 4], "uv": [0, 7]},
						{"origin": [-1.5, 5.4, -4.65], "size": [1, 1, 0], "uv": [0, 0]},
						{"origin": [-3.5, 5.4, -4.65], "size": [1, 1, 0], "uv": [0, 1]},
						{"origin": [-3, 4.4, -5.55], "size": [2, 1, 1], "uv": [12, 7]}
					]
				},
				{
					"name": "bone3",
					"parent": "bone4",
					"pivot": [2, 0.1, -2.55],
					"rotation": [0, 0, 8],
					"cubes": [
						{"origin": [0, 0.125, -4.55], "size": [4, 7, 4], "uv": [0, 7]},
						{"origin": [2.5, 5.1, -4.65], "size": [1, 1, 0], "uv": [0, 0]},
						{"origin": [0.5, 5.1, -4.65], "size": [1, 1, 0], "uv": [0, 1]},
						{"origin": [1, 4.1, -5.55], "size": [2, 1, 1], "uv": [12, 7]}
					]
				}
			]
		}
	]
}