{
	"format_version": "1.12.0",
	"minecraft:geometry": [
		{
			"description": {
				"identifier": "geometry.dunsparce",
				"texture_width": 64,
				"texture_height": 64,
				"visible_bounds_width": 3,
				"visible_bounds_height": 1.5,
				"visible_bounds_offset": [0, 0.25, 0]
			},
			"bones": [
				{
					"name": "body",
					"pivot": [0, 0, 0]
				},
				{
					"name": "regular",
					"parent": "body",
					"pivot": [5.3, 0, 0.7],
					"rotation": [0, 27.5, 0],
					"cubes": [
						{"origin": [4.3, 0, -3.3], "size": [4, 3, 5], "uv": [0, 14]},
						{"origin": [4.3, 3, -2.3], "size": [0, 2, 3], "pivot": [4.3, 3, -0.3], "rotation": [0, 0, -35], "uv": [38, 18]},
						{"origin": [8.3, 3, -2.3], "size": [0, 2, 3], "pivot": [8.3, 3, -0.3], "rotation": [0, 0, 35], "uv": [36, 39]}
					]
				},
				{
					"name": "head",
					"parent": "regular",
					"pivot": [6.4, 1.5, -3.7],
					"rotation": [-12.79362, 12.19908, -2.74715],
					"cubes": [
						{"origin": [3.9, 2, -8.7], "size": [5, 2, 5], "uv": [0, 0]},
						{"origin": [3.9, 0, -3.701], "size": [5, 2, 0], "uv": [20, 10]},
						{"origin": [3.9, 0, -8.7], "size": [0, 2, 5], "uv": [14, 24]},
						{"origin": [8.925, 1.2, -6.4], "size": [0, 4, 4], "pivot": [7.925, 2.2, -4.4], "rotation": [75, 0, 0], "uv": [36, 46]},
						{"origin": [8.95, 2.25, -4.4], "size": [0, 2, 1], "pivot": [7.95, 2.25, -4.4], "rotation": [75, 0, 0], "uv": [32, 55]},
						{"origin": [8.95, 2.15, -5.425], "size": [0, 2, 1], "pivot": [7.95, 2.15, -4.425], "rotation": [75, 0, 0], "uv": [32, 55]},
						{"origin": [3.875, 1.2, -6.4], "size": [0, 4, 4], "pivot": [4.875, 2.2, -4.4], "rotation": [75, 0, 0], "uv": [31, 42]},
						{"origin": [3.85, 2.15, -5.425], "size": [0, 2, 1], "pivot": [4.85, 2.15, -4.425], "rotation": [75, 0, 0], "uv": [33, 55]},
						{"origin": [3.85, 2.25, -4.4], "size": [0, 2, 1], "pivot": [4.85, 2.25, -4.4], "rotation": [75, 0, 0], "uv": [33, 55]},
						{"origin": [3.9, 0, -8.7], "size": [5, 2, 0], "uv": [20, 12]},
						{"origin": [8.9, 0, -8.7], "size": [0, 2, 5], "uv": [24, 24]}
					]
				},
				{
					"name": "mouth",
					"parent": "head",
					"pivot": [6.4, 0, -3.7],
					"rotation": [7.5, 0, 0],
					"cubes": [
						{"origin": [8.899, 0, -8.7], "size": [0, 2, 2], "uv": [40, 0]},
						{"origin": [3.901, 0, -8.7], "size": [0, 2, 2], "uv": [40, 4]},
						{"origin": [3.9, 0, -8.7], "size": [5, 0, 5], "uv": [18, 14]},
						{"origin": [3.9, 0, -8.7], "size": [5, 2, 0], "uv": [30, 10]},
						{"origin": [4.9, 0, -9.7], "size": [0, 1, 1], "uv": [18, 38]},
						{"origin": [7.9, 0, -9.7], "size": [0, 1, 1], "uv": [40, 12]}
					]
				},
				{
					"name": "tail",
					"parent": "regular",
					"pivot": [6.3, 1.6, 1.7],
					"rotation": [0, -10, 0],
					"cubes": [
						{"origin": [5.8, 0.2, -0.3], "size": [1, 3, 1], "pivot": [5.8, 0.2, 0.7], "rotation": [-52.5, 0, 0], "uv": [8, 40]}
					]
				},
				{
					"name": "tail_end",
					"parent": "tail",
					"pivot": [6.3, 2.2, 2.4],
					"rotation": [1.31845, -9.91358, -7.61435],
					"cubes": [
						{"origin": [5.3, 2.125, 1.475], "size": [2, 2, 2], "pivot": [5.3, 2.125, 2.475], "rotation": [-52.5, 0, 0], "uv": [28, 37]},
						{"origin": [5.75, 3.16965, 3.92387], "size": [1, 1, 1], "pivot": [6.25, 3.725, 4.35], "rotation": [-42.66117, -34.12398, -31.33144], "uv": [14, 22]}
					]
				},
				{
					"name": "shiny",
					"parent": "body",
					"pivot": [-6, 0, 5],
					"rotation": [0, -15, 0],
					"cubes": [
						{"origin": [-7, 0, 3], "size": [4, 3, 3], "uv": [0, 22]},
						{"origin": [-7.0001, -0.1, 1.5], "size": [4, 3, 2], "pivot": [-5, 1.4, 3.5], "rotation": [-20, 0, 0], "uv": [20, 31]},
						{"origin": [-7, 3, 3.5], "size": [0, 2, 2], "pivot": [-7, 3, 4.5], "rotation": [0, 0, -60], "uv": [16, 40]},
						{"origin": [-7, 3, 2.5], "size": [0, 2, 1], "pivot": [-7, 3, 3.5], "rotation": [-6.54341, -18.25646, -58.53364], "uv": [28, 41]},
						{"origin": [-3, 3, 3.5], "size": [0, 2, 2], "pivot": [-3, 3, 3.5], "rotation": [0, 0, 60], "uv": [0, 41]},
						{"origin": [-3, 3, 2.5], "size": [0, 2, 1], "pivot": [-3, 3, 3.5], "rotation": [-11.3965, 14.45568, 59.04383], "uv": [8, 35]}
					]
				},
				{
					"name": "head2",
					"parent": "shiny",
					"pivot": [-5.1, 2.1, 1.3],
					"rotation": [-37.92445, -7.9185, 6.12673],
					"cubes": [
						{"origin": [-7.6, 2.6, -3.7], "size": [5, 2, 5], "uv": [0, 7]},
						{"origin": [-7.6, 0.6, -3.7], "size": [0, 2, 5], "uv": [0, 28]},
						{"origin": [-7.6, 0.6, 1.299], "size": [5, 2, 0], "uv": [30, 12]},
						{"origin": [-2.575, 1.8, -1.4], "size": [0, 4, 4], "pivot": [-3.575, 2.8, 0.6], "rotation": [75, 0, 0], "uv": [0, 42]},
						{"origin": [-2.55, 2.75, -0.425], "size": [0, 2, 1], "pivot": [-3.55, 2.75, 0.575], "rotation": [75, 0, 0], "uv": [32, 55]},
						{"origin": [-2.55, 2.85, 0.6], "size": [0, 2, 1], "pivot": [-3.55, 2.85, 0.6], "rotation": [75, 0, 0], "uv": [32, 55]},
						{"origin": [-7.625, 1.8, -1.4], "size": [0, 4, 4], "pivot": [-6.625, 2.8, 0.6], "rotation": [75, 0, 0], "uv": [19, 42]},
						{"origin": [-7.65, 2.75, -0.425], "size": [0, 2, 1], "pivot": [-6.65, 2.75, 0.575], "rotation": [75, 0, 0], "uv": [33, 55]},
						{"origin": [-7.65, 2.85, 0.6], "size": [0, 2, 1], "pivot": [-6.65, 2.85, 0.6], "rotation": [75, 0, 0], "uv": [33, 55]},
						{"origin": [-7.6, 0.6, -3.7], "size": [5, 2, 0], "uv": [8, 38]},
						{"origin": [-2.6, 0.6, -3.7], "size": [0, 2, 5], "uv": [10, 31]}
					]
				},
				{
					"name": "mouth2",
					"parent": "head2",
					"pivot": [-5.1, 0.6, 1.3],
					"rotation": [15, 0, 0],
					"cubes": [
						{"origin": [-2.601, 0.6, -3.7], "size": [0, 2, 2], "uv": [40, 8]},
						{"origin": [-7.599, 0.6, -3.7], "size": [0, 2, 2], "uv": [12, 40]},
						{"origin": [-7.6, 0.6, -3.7], "size": [5, 2, 0], "uv": [36, 37]},
						{"origin": [-6.6, 0.6, -4.7], "size": [0, 1, 1], "uv": [30, 41]},
						{"origin": [-3.6, 0.6, -4.7], "size": [0, 1, 1], "uv": [32, 41]},
						{"origin": [-7.6, 0.6, -3.7], "size": [5, 0, 5], "uv": [20, 0]}
					]
				},
				{
					"name": "tail2",
					"parent": "shiny",
					"pivot": [-5, 1.6, 6],
					"rotation": [-7.5, 15, 0],
					"cubes": [
						{"origin": [-5.5, 0.2, 4], "size": [1, 3, 1], "pivot": [-5.5, 0.2, 5], "rotation": [-52.5, 0, 0], "uv": [4, 41]}
					]
				},
				{
					"name": "tail_end2",
					"parent": "tail2",
					"pivot": [-5, 2.2, 6.7],
					"rotation": [2.66399, 14.76689, 10.34527],
					"cubes": [
						{"origin": [-6, 2.125, 5.775], "size": [2, 2, 2], "pivot": [-6, 2.125, 6.775], "rotation": [-52.5, 0, 0], "uv": [38, 14]},
						{"origin": [-5.55, 3.16965, 8.22387], "size": [1, 1, 1], "pivot": [-5.05, 3.725, 8.65], "rotation": [-42.66117, -34.12398, -31.33144], "uv": [10, 28]}
					]
				}
			]
		}
	]
}