{
	"format_version": "1.12.0",
	"minecraft:geometry": [
		{
			"description": {
				"identifier": "geometry.unknown",
				"texture_width": 32,
				"texture_height": 32,
				"visible_bounds_width": 2,
				"visible_bounds_height": 2.5,
				"visible_bounds_offset": [0, 0.75, 0]
			},
			"bones": [
				{
					"name": "bb_main",
					"pivot": [0, 0, 0],
					"cubes": [
						{"origin": [-3, 0, -3], "size": [6, 6, 6], "uv": [0, 0]},
						{"origin": [-4, 2, -3.175], "size": [8, 4, 0], "uv": [0, 20]},
						{"origin": [-1, 0, -3.175], "size": [2, 2, 0], "uv": [0, 4]},
						{"origin": [0.75, 0, -3.1], "size": [2, 2, 0], "pivot": [1, 2, -3], "rotation": [0, 0, -22.5], "uv": [0, 2]},
						{"origin": [-2.75, 0, -3.1], "size": [2, 2, 0], "pivot": [-1, 2, -3], "rotation": [0, 0, 22.5], "uv": [0, 0]},
						{"origin": [3, 0, -1.5], "size": [0, 4, 3], "pivot": [3, 4, 0], "rotation": [0, 0, -12.5], "uv": [6, 13]},
						{"origin": [-3, 0, -1.5], "size": [0, 4, 3], "pivot": [-3, 4, 0], "rotation": [0, 0, 12.5], "uv": [0, 13]},
						{"origin": [-3, 6, 0], "size": [6, 4, 0], "pivot": [0, 6, 0], "rotation": [-22.5, 0, 0], "uv": [12, 12]}
					]
				}
			]
		}
	]
}