{
	"format_version": "1.12.0",
	"minecraft:geometry": [
		{
			"description": {
				"identifier": "geometry.unknown",
				"texture_width": 64,
				"texture_height": 64,
				"visible_bounds_width": 3,
				"visible_bounds_height": 2.5,
				"visible_bounds_offset": [0, 0.75, 0]
			},
			"bones": [
				{
					"name": "bone",
					"pivot": [0, 0, 0]
				},
				{
					"name": "bone6",
					"parent": "bone",
					"pivot": [0, 0, 0],
					"cubes": [
						{"origin": [-2, 0.2, -3], "size": [4, 4, 7], "pivot": [0.5, 0.55, 0], "rotation": [6, 0, 0], "uv": [0, 0]},
						{"origin": [2.725, 0.15559, -7.04877], "size": [2, 2, 7], "pivot": [4, 1.15559, -3.54877], "rotation": [6.69833, -26.34362, -2.98333], "uv": [30, 24]},
						{"origin": [-3.5, 0.12511, -4.8033], "size": [7, 7, 3], "pivot": [0, 1.82511, -3.6533], "rotation": [-28.25, 0, 0], "uv": [21, 9]},
						{"origin": [-2.5, 2.12511, -6.8033], "size": [5, 6, 5], "uv": [0, 12]},
						{"origin": [0.8, 4.12511, -6.8283], "size": [1, 2, 0], "uv": [16, 12]},
						{"origin": [-1.8, 4.12511, -6.8283], "size": [1, 2, 0], "uv": [0, 12]},
						{"origin": [-1.5, 2.62511, -7.8033], "size": [3, 2, 1], "uv": [16, 0]},
						{"origin": [3.34569, 5.83458, 1.94859], "size": [1, 2, 1], "pivot": [3.64102, 6.83495, -0.44357], "rotation": [-9.70533, 14.02564, -15.15653], "uv": [9, 34]}
					]
				},
				{
					"name": "tail",
					"parent": "bone",
					"pivot": [0, 0, 0],
					"cubes": [
						{"origin": [-2.5, 2.53451, 2.30403], "size": [5, 5, 5], "pivot": [0.5, 4.29566, 6.33849], "rotation": [36.25, 0, 0], "uv": [16, 20]},
						{"origin": [-2, 3.48013, 5.28245], "size": [4, 4, 4], "pivot": [0.5, 4.29566, 6.33849], "rotation": [1.25, 0, 0], "uv": [23, 0]},
						{"origin": [-1, 4.64407, 8.23091], "size": [2, 2, 3], "pivot": [0, 5.54407, 9.25591], "rotation": [-39.25, 0, 0], "uv": [31, 39]}
					]
				},
				{
					"name": "bone4",
					"parent": "bone",
					"pivot": [-4, 1.15559, -3.54877],
					"cubes": [
						{"origin": [-4.725, 0.15559, -7.04877], "size": [2, 2, 7], "pivot": [-4, 1.15559, -3.54877], "rotation": [6.69833, 26.34362, 2.98333], "uv": [0, 24]},
						{"origin": [3.34569, 5.33458, -2.05141], "size": [1, 3, 4], "pivot": [3.64102, 6.83495, -0.44357], "rotation": [-9.70533, 14.02564, -15.15653], "uv": [20, 39]},
						{"origin": [3.79079, 5.33458, -4.77012], "size": [1, 3, 3], "pivot": [3.64102, 6.83495, -0.44357], "rotation": [-11, 31, -18.5], "uv": [42, 23]},
						{"origin": [-3.5, 6.17884, -4.79762], "size": [7, 4, 0], "pivot": [0, 8.17884, -4.74762], "rotation": [-21.5, 0, 0], "uv": [28, 34]}
					]
				},
				{
					"name": "bone5",
					"parent": "bone",
					"pivot": [-3.64102, 6.83495, -0.44357],
					"cubes": [
						{"origin": [-4.79079, 5.33458, -4.77012], "size": [1, 3, 3], "pivot": [-3.64102, 6.83495, -0.44357], "rotation": [-11, -31, 18.5], "uv": [0, 42]},
						{"origin": [-4.34569, 5.33458, -2.05141], "size": [1, 3, 4], "pivot": [-3.64102, 6.83495, -0.44357], "rotation": [-9.70533, -14.02564, 15.15653], "uv": [9, 39]},
						{"origin": [-4.34569, 5.83458, 1.94859], "size": [1, 2, 1], "pivot": [-3.64102, 6.83495, -0.44357], "rotation": [-9.70533, -14.02564, 15.15653], "uv": [32, 20]}
					]
				},
				{
					"name": "bone2",
					"parent": "bone",
					"pivot": [2.875, 1.69841, 5.07238],
					"rotation": [0, 6.5, -13.5],
					"cubes": [
						{"origin": [2, -0.85083, 0.72897], "size": [2, 3, 4], "pivot": [2.875, 1.69841, 5.07238], "rotation": [-35, 0, 0], "uv": [0, 34]},
						{"origin": [1.75, 0.23327, 2.93376], "size": [2, 2, 4], "pivot": [2.875, 1.69841, 5.07238], "rotation": [13.5, 0, 0], "uv": [39, 5]},
						{"origin": [1.75, -0.76673, 6.93376], "size": [2, 3, 1], "pivot": [2.875, 1.69841, 5.07238], "rotation": [13.5, 0, 0], "uv": [0, 24]}
					]
				},
				{
					"name": "bone3",
					"parent": "bone",
					"pivot": [-2.875, 1.69841, 5.07238],
					"rotation": [0, -6.5, 13.5],
					"cubes": [
						{"origin": [-4, -0.85083, 0.72897], "size": [2, 3, 4], "pivot": [-2.875, 1.69841, 5.07238], "rotation": [-35, 0, 0], "uv": [15, 31]},
						{"origin": [-3.75, 0.23327, 2.93376], "size": [2, 2, 4], "pivot": [-2.875, 1.69841, 5.07238], "rotation": [13.5, 0, 0], "uv": [38, 16]},
						{"origin": [-3.75, -0.76673, 6.93376], "size": [2, 3, 1], "pivot": [-2.875, 1.69841, 5.07238], "rotation": [13.5, 0, 0], "uv": [0, 0]}
					]
				}
			]
		}
	]
}