{
	"format_version": "1.12.0",
	"minecraft:geometry": [
		{
			"description": {
				"identifier": "geometry.unknown",
				"texture_width": 64,
				"texture_height": 64,
				"visible_bounds_width": 2,
				"visible_bounds_height": 2.5,
				"visible_bounds_offset": [0, 0.75, 0]
			},
			"bones": [
				{
					"name": "ekans_plushie",
					"pivot": [0, 0, 0],
					"cubes": [
						{"origin": [-2, 2.575, -1.925], "size": [4, 4, 4], "uv": [22, 0]},
						{"origin": [-2, 6.25, -2.35], "size": [4, 4, 4], "inflate": 0.1, "pivot": [0, 8.575, 0.075], "rotation": [8.75, 0, 0], "uv": [21, 18]},
						{"origin": [-2.35, 11.81795, -6.27516], "size": [6, 3, 9], "inflate": 0.01, "pivot": [0.65, 11.65682, -2.2203], "rotation": [-2.25, -25, 0], "uv": [0, 0]},
						{"origin": [-2.35, 10.07486, -5.99573], "size": [6, 1, 3], "pivot": [0.65, 11.65682, -2.2203], "rotation": [15.25, -25, 0], "uv": [16, 27]},
						{"origin": [-2.35, 9.81795, -3.27516], "size": [6, 2, 6], "inflate": 0.01, "pivot": [0.65, 11.65682, -2.2203], "rotation": [-2.25, -25, 0], "uv": [0, 13]},
						{"origin": [3.65, 11.07486, -4.99573], "size": [0, 2, 2], "pivot": [0.65, 11.65682, -2.2203], "rotation": [15.25, -25, 0], "uv": [3, 3]},
						{"origin": [-2.35, 11.07486, -4.99573], "size": [0, 2, 2], "pivot": [0.65, 11.65682, -2.2203], "rotation": [15.25, -25, 0], "uv": [0, 0]},
						{"origin": [-2.325, 0, -1.425], "size": [4, 3, 4], "pivot": [0.5, 1.5, 0.525], "rotation": [19.5623, -4.2453, 11.76782], "uv": [27, 9]},
						{"origin": [-1.325, -2.45, -1.475], "size": [3, 3, 3], "pivot": [0.5, 1.5, -0.5], "rotation": [79.95951, -17.01627, 0.25871], "uv": [40, 5]},
						{"origin": [-2.625, -0.125, 0.9], "size": [3, 3, 3], "inflate": -0.02, "uv": [15, 39]},
						{"origin": [-3.25629, -0.125, 2.78112], "size": [4, 3, 3], "inflate": -0.01, "pivot": [1.49371, 1.5, 0.48112], "rotation": [0, -42.25, 0], "uv": [38, 17]},
						{"origin": [-6.15484, -0.125, 4.85569], "size": [5, 3, 3], "pivot": [-0.40484, 1.5, 2.55569], "rotation": [0, -96.5, 0], "uv": [36, 31]},
						{"origin": [-7.55471, -0.125, 3.41562], "size": [4, 3, 3], "inflate": 0.01, "pivot": [-2.80471, 1.5, 1.11562], "rotation": [0, -147.5, 0], "uv": [0, 37]},
						{"origin": [-1.17779, -0.125, -1.0828], "size": [5, 3, 3], "pivot": [3.41987, 1.375, -0.94715], "rotation": [0, 61.75, 0], "uv": [19, 32]},
						{"origin": [0.06034, -0.125, -2.75408], "size": [5, 3, 3], "inflate": 0.01, "pivot": [3.03316, 1.375, -1.86935], "rotation": [-180, 67.25, 180], "uv": [35, 24]},
						{"origin": [-1.4479, -0.125, -2.4382], "size": [6, 3, 3], "inflate": 0.02, "pivot": [1.08442, 1.375, -2.31925], "rotation": [-180, 13, 180], "uv": [0, 22]},
						{"origin": [-9.24134, 0.57267, 3.4729], "size": [5, 2, 2], "inflate": -0.15, "pivot": [-5.25166, 1.79014, 3.6868], "rotation": [-75.7869, -62.97374, 76.18025], "uv": [34, 38]},
						{"origin": [-4.60571, 4.44779, -0.89726], "size": [1, 1, 1], "inflate": 0.3, "pivot": [-5.89735, 4.94665, -0.83485], "rotation": [-82.44337, -31.96326, 91.62756], "uv": [16, 22]},
						{"origin": [-5.68312, 4.44779, -1.02473], "size": [1, 1, 1], "inflate": 0.15, "pivot": [-5.89735, 4.94665, -0.83485], "rotation": [-86.05696, -32.54009, 98.39345], "uv": [19, 16]},
						{"origin": [-6.57903, 4.44779, -1.05434], "size": [1, 1, 1], "pivot": [-5.89735, 4.94665, -0.83485], "rotation": [-92.95251, -32.63346, 111.15914], "uv": [19, 13]},
						{"origin": [-8.04784, 4.44779, -0.81909], "size": [1, 1, 1], "inflate": -0.15, "pivot": [-5.89735, 4.94665, -0.83485], "rotation": [-101.74029, -30.79665, 127.78859], "uv": [0, 16]},
						{"origin": [-7.39546, 4.44779, -0.95233], "size": [1, 1, 1], "inflate": -0.08, "pivot": [-5.89735, 4.94665, -0.83485], "rotation": [-98.29447, -31.79811, 121.16105], "uv": [0, 13]},
						{"origin": [-6.22535, 0.45571, 3.32253], "size": [5, 2, 2], "pivot": [-5.25166, 1.79014, 3.6868], "rotation": [-11.51575, -31.9743, 6.15768], "uv": [39, 0]},
						{"origin": [-4.27543, -0.125, 4.44874], "size": [7, 2, 2], "inflate": 0.05, "pivot": [-2.25897, 1.375, 2.80347], "rotation": [0, 21.75, 0], "uv": [0, 32]}
					]
				}
			]
		}
	]
}