{
	"format_version": "1.12.0",
	"minecraft:geometry": [
		{
			"description": {
				"identifier": "geometry.unknown",
				"texture_width": 128,
				"texture_height": 128,
				"visible_bounds_width": 3,
				"visible_bounds_height": 2.5,
				"visible_bounds_offset": [0, 0.75, 0]
			},
			"bones": [
				{
					"name": "bone12",
					"pivot": [0, 0, 0]
				},
				{
					"name": "Entei",
					"parent": "bone12",
					"pivot": [0, 0, 0],
					"rotation": [0, 180, 0],
					"cubes": [
						{"origin": [-2, 6, -5], "size": [4, 5, 9], "inflate": 0.001, "uv": [0, 18]},
						{"origin": [-10, 10, -5], "size": [8, 0, 9], "inflate": 0.001, "pivot": [-2, 10, 0], "rotation": [0, 0, 22.5], "uv": [16, 9]},
						{"origin": [-10, 10, -5], "size": [8, 0, 9], "inflate": 0.001, "pivot": [-2, 10, 0], "rotation": [0, 0, 45], "uv": [16, 9]},
						{"origin": [2, 10, -5], "size": [8, 0, 9], "inflate": 0.001, "pivot": [2, 10, 0], "rotation": [0, 0, -45], "uv": [0, 9]},
						{"origin": [2, 10, -5], "size": [8, 0, 9], "inflate": 0.001, "pivot": [2, 10, 0], "rotation": [0, 0, -22.5], "uv": [0, 9]},
						{"origin": [-3, 10, 0], "size": [6, 3, 3], "inflate": 0.01, "pivot": [0, 12, 4], "rotation": [11.5, 0, 0], "uv": [41, 0]},
						{"origin": [-2, 9.25, -8.5], "size": [4, 4, 4], "inflate": 0.01, "pivot": [0, 12, 4], "rotation": [11.5, 0, 0], "uv": [36, 37]},
						{"origin": [-1, 8.75, -11], "size": [2, 3, 4], "inflate": 0.01, "pivot": [0, 12, 4], "rotation": [11.5, 0, 0], "uv": [52, 20]},
						{"origin": [-1, 4.75, -11], "size": [2, 2, 3], "inflate": 0.01, "pivot": [0, 12, 4], "rotation": [-11, 0, 0], "uv": [21, 58]},
						{"origin": [0, -0.25, -10], "size": [0, 2, 3], "inflate": 0.01, "pivot": [0, 12, 4], "rotation": [-33.5, 0, 0], "uv": [0, 5]},
						{"origin": [-2, 10, -2], "size": [4, 4, 3], "inflate": 0.01, "pivot": [0, 12, 4], "rotation": [11.5, 0, 0], "uv": [42, 28]},
						{"origin": [-3, 8.89613, -1.66777], "size": [6, 5, 4], "inflate": 0.01, "pivot": [0, 12, 4], "rotation": [-123.5, 0, 0], "uv": [22, 28]},
						{"origin": [-1, 14, 9], "size": [2, 2, 1], "uv": [38, 28]},
						{"origin": [-4, 11, 4], "size": [8, 5, 5], "uv": [26, 18]},
						{"origin": [4, 9, 4], "size": [0, 2, 5], "uv": [21, 49]},
						{"origin": [-4, 9, 4], "size": [0, 2, 5], "uv": [42, 30]},
						{"origin": [-4, 5, 4], "size": [0, 4, 5], "pivot": [-4, 9, 6], "rotation": [0, 0, 12.5], "uv": [17, 13]},
						{"origin": [4, 5, 4], "size": [0, 4, 5], "pivot": [4, 9, 6.5], "rotation": [0, 0, -12.5], "uv": [12, 27]},
						{"origin": [-2, 6, 2], "size": [4, 9, 4], "inflate": 0.001, "pivot": [0, 7, 4], "rotation": [-12.5, 0, 0], "uv": [0, 32]},
						{"origin": [-2, 4, 6], "size": [4, 3, 0], "inflate": 0.001, "uv": [0, 61]},
						{"origin": [-0.5, 3.5, 6], "size": [1, 1.5, 0], "inflate": 0.001, "uv": [4, 62]},
						{"origin": [-3, 10, 9.075], "size": [6, 4, 0], "uv": [58, 49]},
						{"origin": [1.25, 13, 9.125], "size": [1, 1, 0], "uv": [0, 64]},
						{"origin": [-2.25, 13, 9.125], "size": [1, 1, 0], "uv": [0, 64]},
						{"origin": [-5, 8, 9.15], "size": [10, 8, 0], "uv": [16, 37]},
						{"origin": [-1.5, 13.75, 9.15], "size": [3, 1, 0], "uv": [19, 23]}
					]
				},
				{
					"name": "bone5",
					"parent": "Entei",
					"pivot": [0, 9.5, -1.25],
					"rotation": [22.5, 0, 0],
					"cubes": [
						{"origin": [-0.5, 9.5, -4.25], "size": [2, 4, 3], "pivot": [0, 9.5, -1.25], "rotation": [0, 0, 22.5], "uv": [28, 54]},
						{"origin": [-1, 9.5, -4.25], "size": [2, 4, 4], "inflate": 0.001, "uv": [48, 41]},
						{"origin": [-1.5, 9.5, -4.25], "size": [2, 4, 3], "pivot": [0, 9.5, -1.25], "rotation": [0, 0, -22.5], "uv": [38, 54]}
					]
				},
				{
					"name": "bone3",
					"parent": "Entei",
					"pivot": [4, 9, 5],
					"rotation": [-22.5, 0, 0],
					"cubes": [
						{"origin": [2, 5, 2], "size": [2, 4, 3], "inflate": 0.001, "uv": [48, 55]}
					]
				},
				{
					"name": "bone4",
					"parent": "bone3",
					"pivot": [3, 7.1, 4.15],
					"rotation": [45, 0, 0],
					"cubes": [
						{"origin": [1, 0.5, 1.25], "size": [3, 6, 3], "pivot": [3, 7.1, 4.15], "rotation": [-12.5, 0, 0], "uv": [24, 45]},
						{"origin": [1, 3.00977, 1.23834], "size": [3, 1, 3], "inflate": 0.025, "pivot": [3, 7.1, 4.15], "rotation": [-12.5, 0, 0], "uv": [58, 35]},
						{"origin": [1, 0.1, 2.15], "size": [3, 2, 4], "inflate": 0.001, "pivot": [3, 7.1, 4.15], "rotation": [-22.5, 0, 0], "uv": [48, 49]},
						{"origin": [1, 0.1, 6.15], "size": [3, 1, 1], "inflate": 0.001, "pivot": [3, 7.1, 4.15], "rotation": [-22.5, 0, 0], "uv": [17, 25]},
						{"origin": [2, 0.1, 6.15], "size": [1, 2, 2], "inflate": 0.001, "pivot": [3, 7.1, 4.15], "rotation": [-22.5, 0, 0], "uv": [0, 22]}
					]
				},
				{
					"name": "bone",
					"parent": "Entei",
					"pivot": [-2, 9, 5],
					"rotation": [-22.5, 0, 0],
					"cubes": [
						{"origin": [-4, 5, 2], "size": [2, 4, 3], "inflate": 0.001, "uv": [56, 3]}
					]
				},
				{
					"name": "bone2",
					"parent": "bone",
					"pivot": [-2, 7.1, 4.15],
					"rotation": [45, 0, 0],
					"cubes": [
						{"origin": [-4, 0.5, 1.25], "size": [3, 6, 3], "pivot": [-2, 7.1, 4.15], "rotation": [-12.5, 0, 0], "uv": [36, 45]},
						{"origin": [-4, 3.00977, 1.23834], "size": [3, 1, 3], "inflate": 0.025, "pivot": [-2, 7.1, 4.15], "rotation": [-12.5, 0, 0], "uv": [58, 35]},
						{"origin": [-4, 0.1, 2.15], "size": [3, 2, 4], "inflate": 0.001, "pivot": [-2, 7.1, 4.15], "rotation": [-22.5, 0, 0], "uv": [51, 14]},
						{"origin": [-4, 0.1, 6.15], "size": [3, 1, 1], "inflate": 0.001, "pivot": [-2, 7.1, 4.15], "rotation": [-22.5, 0, 0], "uv": [56, 0]},
						{"origin": [-3, 0.1, 6.15], "size": [1, 2, 2], "inflate": 0.001, "pivot": [-2, 7.1, 4.15], "rotation": [-22.5, 0, 0], "uv": [47, 18]}
					]
				},
				{
					"name": "bone8",
					"parent": "Entei",
					"pivot": [4, 9, -3.75],
					"rotation": [-2.5, 0, 0],
					"cubes": [
						{"origin": [1, 5, -6.75], "size": [3, 4, 3], "inflate": 0.001, "uv": [12, 54]}
					]
				},
				{
					"name": "bone9",
					"parent": "bone8",
					"pivot": [3, 7.1, -4.3],
					"rotation": [25, 0, 0],
					"cubes": [
						{"origin": [1, 0.5, -7.2], "size": [3, 6, 3], "pivot": [3, 7.1, -4.3], "rotation": [-12.5, 0, 0], "uv": [12, 45]},
						{"origin": [1, 3.00977, -7.21166], "size": [3, 1, 3], "inflate": 0.025, "pivot": [3, 7.1, -4.3], "rotation": [-12.5, 0, 0], "uv": [58, 35]},
						{"origin": [1, 0.1, -6.3], "size": [3, 2, 4], "inflate": 0.001, "pivot": [3, 7.1, -4.3], "rotation": [-22.5, 0, 0], "uv": [48, 35]},
						{"origin": [1, 0.1, -2.3], "size": [3, 1, 1], "inflate": 0.001, "pivot": [3, 7.1, -4.3], "rotation": [-22.5, 0, 0], "uv": [0, 20]},
						{"origin": [2, 0.1, -2.3], "size": [1, 2, 2], "inflate": 0.001, "pivot": [3, 7.1, -4.3], "rotation": [-22.5, 0, 0], "uv": [0, 16]}
					]
				},
				{
					"name": "bone10",
					"parent": "Entei",
					"pivot": [-1, 9, -3.75],
					"rotation": [-2.5, 0, 0],
					"cubes": [
						{"origin": [-4, 5, -6.75], "size": [3, 4, 3], "inflate": 0.001, "uv": [0, 54]}
					]
				},
				{
					"name": "bone11",
					"parent": "bone10",
					"pivot": [-2, 7.1, -4.3],
					"rotation": [25, 0, 0],
					"cubes": [
						{"origin": [-4, 0.5, -7.2], "size": [3, 6, 3], "pivot": [-2, 7.1, -4.3], "rotation": [-12.5, 0, 0], "uv": [0, 45]},
						{"origin": [-4, 3.00977, -7.21166], "size": [3, 1, 3], "inflate": 0.025, "pivot": [-2, 7.1, -4.3], "rotation": [-12.5, 0, 0], "uv": [58, 35]},
						{"origin": [-4, 0.1, -6.3], "size": [3, 2, 4], "inflate": 0.001, "pivot": [-2, 7.1, -4.3], "rotation": [-22.5, 0, 0], "uv": [41, 12]},
						{"origin": [-4, 0.1, -2.3], "size": [3, 1, 1], "inflate": 0.001, "pivot": [-2, 7.1, -4.3], "rotation": [-22.5, 0, 0], "uv": [0, 14]},
						{"origin": [-3, 0.1, -2.3], "size": [1, 2, 2], "inflate": 0.001, "pivot": [-2, 7.1, -4.3], "rotation": [-22.5, 0, 0], "uv": [0, 10]}
					]
				},
				{
					"name": "bone6",
					"parent": "Entei",
					"pivot": [0, 13.25, 9.25],
					"rotation": [-45, 0, 0],
					"cubes": [
						{"origin": [-2, 14.66421, 6.83579], "size": [4, 1, 1], "uv": [55, 55]}
					]
				},
				{
					"name": "bone7",
					"parent": "bone6",
					"pivot": [0, 13.25, 8.65],
					"rotation": [22.5, 0, 0],
					"cubes": [
						{"origin": [-2, 14.87823, 4.48859], "size": [4, 1, 3], "inflate": 0.01, "pivot": [0, 13.25, 8.65], "rotation": [-13, 0, 0], "uv": [53, 27]},
						{"origin": [-2, 15.51032, 1.10197], "size": [4, 0, 3], "inflate": 0.01, "pivot": [0, 14.25, 5.65], "rotation": [-35.5, 0, 0], "uv": [14, 22]},
						{"origin": [-4, 15.37823, 3.48859], "size": [2, 0, 4], "pivot": [0, 13.25, 8.65], "rotation": [-13, 0, 0], "uv": [0, 4]},
						{"origin": [2, 15.37823, 3.48859], "size": [2, 0, 4], "pivot": [0, 13.25, 8.65], "rotation": [-13, 0, 0], "uv": [0, 0]},
						{"origin": [-1, 13.25, 7.65], "size": [2, 2, 2], "uv": [0, 0]}
					]
				}
			]
		}
	]
}