{
	"format_version": "1.12.0",
	"minecraft:geometry": [
		{
			"description": {
				"identifier": "geometry.unknown",
				"texture_width": 64,
				"texture_height": 64,
				"visible_bounds_width": 3,
				"visible_bounds_height": 2.5,
				"visible_bounds_offset": [0, 0.75, 0]
			},
			"bones": [
				{
					"name": "espeon",
					"pivot": [0, 0, 0],
					"rotation": [0, 31, 0],
					"cubes": [
						{"origin": [-2, 4, -2.925], "size": [4, 4, 9], "pivot": [0, 0, 0], "rotation": [7.75, 0, 0], "uv": [0, 0]},
						{"origin": [-0.275, 9.38971, 0.72999], "size": [2, 2, 4], "inflate": 0.01, "pivot": [0.96124, 11.37396, 6.77653], "rotation": [32.58042, 14.37836, -3.32542], "uv": [0, 33]},
						{"origin": [0.88098, 13.32068, 3.71692], "size": [2, 2, 4], "pivot": [2.33471, 12.74984, 8.11644], "rotation": [75.83042, 14.37836, 13.92458], "uv": [26, 28]},
						{"origin": [0.97026, 12.45481, 6.09309], "size": [2, 2, 4], "inflate": 0.01, "pivot": [2.33471, 12.74984, 8.11644], "rotation": [38.58042, 14.37836, 43.92458], "uv": [13, 28]},
						{"origin": [0.88018, 12.45481, 8.49504], "size": [2, 2, 3], "pivot": [2.33471, 12.74984, 8.11644], "rotation": [50.39457, 38.36643, 69.59459], "uv": [24, 35]},
						{"origin": [1.17794, 12.45481, 8.89203], "size": [2, 2, 3], "pivot": [2.33471, 12.74984, 8.11644], "rotation": [38.10298, -11.78059, 23.6236], "uv": [13, 35]},
						{"origin": [1, 3.04882, -2.83499], "size": [2, 4, 2], "pivot": [2, 3.54399, -2.08175], "rotation": [14.5, 0, -10], "uv": [38, 12]},
						{"origin": [1, 0.55778, -2.74033], "size": [2, 3, 2], "pivot": [2, 3.54399, -2.08175], "rotation": [-7.75, 0, -10], "uv": [9, 41]},
						{"origin": [1.525, 0.02988, -4.11129], "size": [2, 1, 3], "uv": [35, 35]},
						{"origin": [-3.05, 0.28278, -3.01533], "size": [2, 3, 2], "pivot": [-2.05, 3.26899, -2.35675], "rotation": [-21.05225, 2.32326, 9.72905], "uv": [33, 40]},
						{"origin": [-3.05, 2.77382, -3.10999], "size": [2, 4, 2], "pivot": [-2.05, 3.26899, -2.35675], "rotation": [1.19775, 2.32326, 9.72905], "uv": [0, 0]},
						{"origin": [-3.575, 0.02988, -5.06129], "size": [2, 1, 3], "uv": [35, 25]},
						{"origin": [0.85, 3.59744, 3.07715], "size": [3, 4, 3], "pivot": [2.35, 3.26659, 3.93764], "rotation": [22.75, 13.75, -10.25], "uv": [0, 25]},
						{"origin": [1.35, 0.60439, 3.70125], "size": [2, 4, 2], "inflate": -0.01, "pivot": [2.35, 3.26659, 3.93764], "rotation": [1.5, 13.75, -2.25], "uv": [40, 5]},
						{"origin": [1.55, 0.1442, 3.09131], "size": [2, 1, 2], "pivot": [2.55, 3.26659, 3.93764], "rotation": [14.5, 13.75, -2.25], "uv": [45, 17]},
						{"origin": [1.55, 0.03252, 2.85771], "size": [2, 1, 1], "pivot": [2.35, 3.26659, 3.93764], "rotation": [0.75, 13.75, -2.25], "uv": [43, 25]},
						{"origin": [-3.55, 3.59744, 3.32715], "size": [3, 4, 3], "pivot": [-2.05, 3.26659, 4.18764], "rotation": [15.40943, -19.15211, 8.77925], "uv": [21, 20]},
						{"origin": [-3.05, 0.60439, 3.95125], "size": [2, 4, 2], "inflate": -0.01, "pivot": [-2.05, 3.26659, 4.18764], "rotation": [-4.64503, -13.15506, -0.61647], "uv": [0, 40]},
						{"origin": [-3.05, 0.03252, 3.10771], "size": [2, 1, 1], "pivot": [-2.05, 3.26659, 4.18764], "rotation": [-5.39503, -13.15506, -0.61647], "uv": [16, 14]},
						{"origin": [-3.05, 0.1442, 3.34131], "size": [2, 1, 2], "pivot": [-2.05, 3.26659, 4.18764], "rotation": [8.35497, -13.15506, -0.61647], "uv": [43, 34]},
						{"origin": [-3.01241, 8.325, -5.37741], "size": [5, 5, 5], "pivot": [-0.21186, 11.32103, -1.81529], "rotation": [0, -22.25, 0], "uv": [0, 14]},
						{"origin": [-1.51241, 9.575, -5.60241], "size": [2, 3, 1], "inflate": -0.2, "pivot": [-0.21186, 11.32103, -1.81529], "rotation": [0, -22.25, 0], "uv": [-1, 49]},
						{"origin": [-2.01241, 8.325, -6.37741], "size": [3, 2, 1], "pivot": [-0.21186, 11.32103, -1.81529], "rotation": [0, -22.25, 0], "uv": [25, 45]},
						{"origin": [-1.01241, 12.325, -5.52741], "size": [1, 1, 1], "inflate": -0.1, "pivot": [-0.21186, 11.32103, -1.81529], "rotation": [0, -22.25, 0], "uv": [0, 14]},
						{"origin": [0.71491, 11.27804, -4.88043], "size": [5, 2, 3], "pivot": [-0.21186, 11.32103, -1.81529], "rotation": [8.08498, -39.11247, -20.68631], "uv": [21, 14]},
						{"origin": [5.71491, 11.27804, -4.38043], "size": [2, 2, 2], "pivot": [-0.21186, 11.32103, -1.81529], "rotation": [8.08498, -39.11247, -20.68631], "uv": [16, 45]},
						{"origin": [4.67425, 10.69529, -3.9253], "size": [2, 2, 1], "pivot": [-0.21186, 11.32103, -1.81529], "rotation": [-2.74723, -40.19199, -5.90465], "uv": [41, 45]},
						{"origin": [0.67425, 10.69529, -4.4253], "size": [4, 2, 2], "pivot": [-0.21186, 11.32103, -1.81529], "rotation": [-2.74723, -40.19199, -5.90465], "uv": [35, 0]},
						{"origin": [-7.66759, 10.62934, -4.10562], "size": [2, 2, 1], "pivot": [-0.21186, 11.32103, -1.81529], "rotation": [-6.89298, -4.14481, 4.51899], "uv": [22, 28]},
						{"origin": [-5.66759, 10.62934, -4.60562], "size": [4, 2, 2], "pivot": [-0.21186, 11.32103, -1.81529], "rotation": [-6.89298, -4.14481, 4.51899], "uv": [34, 20]},
						{"origin": [-8.68606, 11.1048, -4.55831], "size": [2, 2, 2], "pivot": [-0.21186, 11.32103, -1.81529], "rotation": [-6.2758, -3.37261, 15.93618], "uv": [42, 40]},
						{"origin": [-6.68606, 11.1048, -5.05831], "size": [5, 2, 3], "pivot": [-0.21186, 11.32103, -1.81529], "rotation": [-6.2758, -3.37261, 15.93618], "uv": [18, 0]},
						{"origin": [0.96514, 9.67289, -4.74011], "size": [4, 2, 1], "pivot": [-0.21186, 11.32103, -1.81529], "rotation": [-15.37335, -45.30604, 38.69774], "uv": [18, 41]},
						{"origin": [1.27876, 10.97141, -4.73369], "size": [3, 1, 1], "pivot": [-0.21186, 11.32103, -1.81529], "rotation": [-36.99705, -23.7971, 75.03445], "uv": [10, 25]},
						{"origin": [-4.92578, 11.49111, -4.9371], "size": [3, 1, 1], "pivot": [-0.21186, 11.32103, -1.81529], "rotation": [6.02243, 7.0181, -62.95101], "uv": [18, 6]},
						{"origin": [-5.85604, 9.96889, -4.97559], "size": [4, 2, 1], "pivot": [-0.21186, 11.32103, -1.81529], "rotation": [10.82825, 7.02458, -26.29861], "uv": [39, 30]},
						{"origin": [-1.35, 4.325, -4.4], "size": [3, 4, 3], "pivot": [0.15, 10.05019, -3.54296], "rotation": [0, -6.25, 0], "uv": [27, 6]}
					]
				}
			]
		}
	]
}