{
	"format_version": "1.12.0",
	"minecraft:geometry": [
		{
			"description": {
				"identifier": "geometry.espurr plush",
				"texture_width": 64,
				"texture_height": 64,
				"visible_bounds_width": 2,
				"visible_bounds_height": 2.5,
				"visible_bounds_offset": [0, 0.75, 0]
			},
			"bones": [
				{
					"name": "bone2",
					"pivot": [0, 0, 0],
					"cubes": [
						{"origin": [-3, 0, -3.5], "size": [6, 4, 6], "uv": [1, 16]},
						{"origin": [0, 0, 2], "size": [0, 6, 5], "uv": [0, 24]},
						{"origin": [-4.5, 0, -5], "size": [3, 3, 4], "pivot": [-3, 1, -4], "rotation": [0, 32.5, 0], "uv": [28, 11]},
						{"origin": [1.5, 0, -5], "size": [3, 3, 4], "pivot": [3, 1, -4], "rotation": [0, -32.5, 0], "uv": [28, 11]},
						{"origin": [-2.5, 4, -3], "size": [5, 3, 5], "uv": [23, 21]},
						{"origin": [0, 4, -0.5], "size": [7, 3, 0], "pivot": [3, 5, 0], "rotation": [0, 0, 20], "uv": [33, 29]},
						{"origin": [-7, 4, -0.5], "size": [7, 3, 0], "pivot": [-3, 5, 0], "rotation": [0, 0, -22.5], "uv": [33, 29], "mirror": true}
					]
				},
				{
					"name": "bone",
					"parent": "bone2",
					"pivot": [0, 6, 0],
					"cubes": [
						{"origin": [-4, 6, -4.5], "size": [8, 7, 8], "pivot": [0, 6, 0], "rotation": [-10, 0, 0], "uv": [0, 0]},
						{"origin": [1, 11.09115, -1.45811], "size": [3, 2.5, 5], "pivot": [3, 12, 0], "rotation": [-149.33947, 63.01256, -113.98003], "uv": [11, 26]},
						{"origin": [-4, 11.09115, -1.45811], "size": [3, 2.5, 5], "pivot": [-3, 12, 0], "rotation": [-149.33947, -63.01256, 113.98003], "uv": [11, 26]},
						{"origin": [0, 12.10635, -5.28446], "size": [0, 3, 8], "pivot": [0, 13, 0], "rotation": [-10.47479, 17.22575, -3.13388], "uv": [0, 18]},
						{"origin": [0, 12.10635, -3.28446], "size": [0, 3, 2], "pivot": [0, 13, 0], "rotation": [-11.24314, -27.0478, 5.16524], "uv": [3, 31]},
						{"origin": [2, 7.04558, -2], "size": [3, 5, 0], "pivot": [4, 9, 0], "rotation": [-12.53061, -36.83503, 7.58967], "uv": [0, 1]},
						{"origin": [-5, 7.04558, -2], "size": [3, 5, 0], "pivot": [-4, 9, 0], "rotation": [-12.53061, 36.83503, -7.58967], "uv": [0, 1], "mirror": true},
						{"origin": [-2.5, 8.5, -4.51], "size": [1, 1, 0], "pivot": [0, 6, 0], "rotation": [-10, 0, 0], "uv": [62, 0]},
						{"origin": [1.5, 8.5, -4.51], "size": [1, 1, 0], "pivot": [0, 6, 0], "rotation": [-10, 0, 0], "uv": [62, 0]},
						{"origin": [-1, 6.5, -4.51], "size": [2, 1, 0], "pivot": [0, 6, 0], "rotation": [-10, 0, 0], "uv": [37, 1]}
					]
				}
			]
		}
	]
}