{
	"format_version": "1.12.0",
	"minecraft:geometry": [
		{
			"description": {
				"identifier": "geometry.unknown",
				"texture_width": 64,
				"texture_height": 64,
				"visible_bounds_width": 3,
				"visible_bounds_height": 4.5,
				"visible_bounds_offset": [0, 1.75, 0]
			},
			"bones": [
				{
					"name": "bone35",
					"pivot": [0, 0, 0],
					"cubes": [
						{"origin": [-3, 0, -3], "size": [6, 5, 6], "uv": [0, 0]},
						{"origin": [-1, 5, -1], "size": [2, 22, 2], "uv": [0, 11]},
						{"origin": [-2, 5, -2], "size": [4, 5, 4], "uv": [26, 20]},
						{"origin": [-2, 27, -2], "size": [4, 6, 4], "uv": [26, 10]},
						{"origin": [-2.5, 27, -6], "size": [5, 6, 4], "inflate": 0.01, "uv": [24, 0]},
						{"origin": [-4.5, 27, -6], "size": [5, 6, 4], "pivot": [0, 0, 0], "rotation": [0, 45, 0], "uv": [8, 21]},
						{"origin": [-0.5, 27, -6], "size": [5, 6, 4], "pivot": [0, 0, 0], "rotation": [0, -45, 0], "uv": [8, 11]},
						{"origin": [-3, 5, 2], "size": [6, 2, 1], "uv": [8, 31]},
						{"origin": [-3, 5, -3], "size": [6, 2, 1], "uv": [26, 29]},
						{"origin": [-3, 5, -2], "size": [1, 2, 4], "uv": [28, 32]},
						{"origin": [2, 5, -2], "size": [1, 2, 4], "uv": [18, 31]},
						{"origin": [-2, 33.76537, -1.84776], "size": [4, 5, 0], "uv": [16, 37]},
						{"origin": [-2, 38.76537, -1.84776], "size": [4, 5, 0], "uv": [0, 35]},
						{"origin": [-2, 43.76537, -1.84776], "size": [4, 5, 0], "uv": [8, 34]},
						{"origin": [-2, 33.76537, -1.84776], "size": [4, 5, 0], "uv": [16, 37]},
						{"origin": [-2, 38.76537, -1.84776], "size": [4, 5, 0], "uv": [0, 35]},
						{"origin": [-2, 43.76537, -1.84776], "size": [4, 5, 0], "uv": [8, 34]},
						{"origin": [-2, 33.76537, -1.84776], "size": [4, 5, 0], "uv": [16, 37]},
						{"origin": [-2, 38.76537, -1.84776], "size": [4, 5, 0], "uv": [0, 35]},
						{"origin": [-2, 43.76537, -1.84776], "size": [4, 5, 0], "uv": [8, 34]},
						{"origin": [-2, 33.76537, -1.84776], "size": [4, 5, 0], "uv": [16, 37]},
						{"origin": [-2, 38.76537, -1.84776], "size": [4, 5, 0], "uv": [0, 35]},
						{"origin": [-2, 43.76537, -1.84776], "size": [4, 5, 0], "uv": [8, 34]},
						{"origin": [-2, 33.76537, -1.84776], "size": [4, 5, 0], "uv": [16, 37]},
						{"origin": [-2, 38.76537, -1.84776], "size": [4, 5, 0], "uv": [0, 35]},
						{"origin": [-2, 43.76537, -1.84776], "size": [4, 5, 0], "uv": [8, 34]},
						{"origin": [-2, 33.76537, -1.84776], "size": [4, 5, 0], "uv": [16, 37]},
						{"origin": [-2, 38.76537, -1.84776], "size": [4, 5, 0], "uv": [0, 35]},
						{"origin": [-2, 43.76537, -1.84776], "size": [4, 5, 0], "uv": [8, 34]},
						{"origin": [-2, 33.76537, -1.84776], "size": [4, 5, 0], "uv": [16, 37]},
						{"origin": [-2, 33.76537, -1.84776], "size": [4, 5, 0], "uv": [16, 37]},
						{"origin": [-2, 38.76537, -1.84776], "size": [4, 5, 0], "uv": [0, 35]},
						{"origin": [-2, 43.76537, -1.84776], "size": [4, 5, 0], "uv": [8, 34]},
						{"origin": [-2, 33.76537, -1.84776], "size": [4, 5, 0], "uv": [16, 37]},
						{"origin": [-2, 38.76537, -1.84776], "size": [4, 5, 0], "uv": [0, 35]},
						{"origin": [-2, 43.76537, -1.84776], "size": [4, 5, 0], "uv": [8, 34]},
						{"origin": [-2, 33.76537, -1.84776], "size": [4, 5, 0], "uv": [16, 37]},
						{"origin": [-2, 38.76537, -1.84776], "size": [4, 5, 0], "uv": [0, 35]},
						{"origin": [-2, 43.76537, -1.84776], "size": [4, 5, 0], "uv": [8, 34]},
						{"origin": [-2, 33.76537, -1.84776], "size": [4, 5, 0], "uv": [16, 37]},
						{"origin": [-2, 38.76537, -1.84776], "size": [4, 5, 0], "uv": [0, 35]},
						{"origin": [-2, 43.76537, -1.84776], "size": [4, 5, 0], "uv": [8, 34]},
						{"origin": [-2, 33.76537, -1.84776], "size": [4, 5, 0], "uv": [16, 37]},
						{"origin": [-2, 38.76537, -1.84776], "size": [4, 5, 0], "uv": [0, 35]},
						{"origin": [-2, 43.76537, -1.84776], "size": [4, 5, 0], "uv": [8, 34]},
						{"origin": [-2, 33.76537, -1.84776], "size": [4, 5, 0], "uv": [16, 37]},
						{"origin": [-2, 38.76537, -1.84776], "size": [4, 5, 0], "uv": [0, 35]},
						{"origin": [-2, 43.76537, -1.84776], "size": [4, 5, 0], "uv": [8, 34]},
						{"origin": [-2, 33.76537, -1.84776], "size": [4, 5, 0], "uv": [16, 37]},
						{"origin": [-2, 38.76537, -1.84776], "size": [4, 5, 0], "uv": [0, 35]},
						{"origin": [-2, 43.76537, -1.84776], "size": [4, 5, 0], "uv": [8, 34]},
						{"origin": [-2, 33.76537, -1.84776], "size": [4, 5, 0], "uv": [16, 37]},
						{"origin": [-2, 38.76537, -1.84776], "size": [4, 5, 0], "uv": [0, 35]},
						{"origin": [-2, 43.76537, -1.84776], "size": [4, 5, 0], "uv": [8, 34]},
						{"origin": [-2, 33.76537, -1.84776], "size": [4, 5, 0], "uv": [16, 37]},
						{"origin": [-2, 38.76537, -1.84776], "size": [4, 5, 0], "uv": [0, 35]},
						{"origin": [-2, 43.76537, -1.84776], "size": [4, 5, 0], "uv": [8, 34]},
						{"origin": [-2, 33.76537, -1.84776], "size": [4, 5, 0], "uv": [16, 37]},
						{"origin": [-2, 38.76537, -1.84776], "size": [4, 5, 0], "uv": [0, 35]},
						{"origin": [-2, 43.76537, -1.84776], "size": [4, 5, 0], "uv": [8, 34]},
						{"origin": [-2, 33.76537, -1.84776], "size": [4, 5, 0], "uv": [16, 37]},
						{"origin": [-2, 38.76537, -1.84776], "size": [4, 5, 0], "uv": [0, 35]},
						{"origin": [-2, 43.76537, -1.84776], "size": [4, 5, 0], "uv": [8, 34]},
						{"origin": [-2, 33.76537, -1.84776], "size": [4, 5, 0], "uv": [16, 37]},
						{"origin": [-2, 38.76537, -1.84776], "size": [4, 5, 0], "uv": [0, 35]},
						{"origin": [-2, 43.76537, -1.84776], "size": [4, 5, 0], "uv": [8, 34]}
					]
				},
				{
					"name": "bone21",
					"parent": "bone35",
					"pivot": [0, 33, 0],
					"rotation": [0, -22, 0]
				},
				{
					"name": "bone22",
					"parent": "bone21",
					"pivot": [0, 33, 0],
					"rotation": [-10, -45, 0]
				},
				{
					"name": "ExegutorLeaves11",
					"parent": "bone22",
					"pivot": [0, 33, 0],
					"rotation": [22.5, 0, 0]
				},
				{
					"name": "Exegutor11",
					"parent": "ExegutorLeaves11",
					"pivot": [0, 38.76537, -1.84776],
					"rotation": [45, 0, 0]
				},
				{
					"name": "bone23",
					"parent": "Exegutor11",
					"pivot": [0, 43.76537, -1.84776],
					"rotation": [67.5, 0, 0]
				},
				{
					"name": "ExegutorLeaves12",
					"parent": "bone21",
					"pivot": [0, 33, 0],
					"rotation": [22.5, 0, 0]
				},
				{
					"name": "Exegutor12",
					"parent": "ExegutorLeaves12",
					"pivot": [0, 38.76537, -1.84776],
					"rotation": [25, 0, 0]
				},
				{
					"name": "bone24",
					"parent": "Exegutor12",
					"pivot": [0, 43.76537, -1.84776],
					"rotation": [67.5, 0, 0]
				},
				{
					"name": "bone25",
					"parent": "bone21",
					"pivot": [0, 33, 0],
					"rotation": [0, -90, 0]
				},
				{
					"name": "bone26",
					"parent": "bone25",
					"pivot": [0, 33, 0],
					"rotation": [-15, -45, 0]
				},
				{
					"name": "ExegutorLeaves13",
					"parent": "bone26",
					"pivot": [0, 33, 0],
					"rotation": [22.5, 0, 0]
				},
				{
					"name": "Exegutor13",
					"parent": "ExegutorLeaves13",
					"pivot": [0, 38.76537, -1.84776],
					"rotation": [45, 0, 0]
				},
				{
					"name": "bone27",
					"parent": "Exegutor13",
					"pivot": [0, 43.76537, -1.84776],
					"rotation": [67.5, 0, 0]
				},
				{
					"name": "ExegutorLeaves14",
					"parent": "bone25",
					"pivot": [0, 33, 0],
					"rotation": [7.5, 0, 0]
				},
				{
					"name": "Exegutor14",
					"parent": "ExegutorLeaves14",
					"pivot": [0, 38.76537, -1.84776],
					"rotation": [45, 0, 0]
				},
				{
					"name": "bone28",
					"parent": "Exegutor14",
					"pivot": [0, 43.76537, -1.84776],
					"rotation": [67.5, 0, 0]
				},
				{
					"name": "bone29",
					"parent": "bone25",
					"pivot": [0, 33, 0],
					"rotation": [0, -90, 0]
				},
				{
					"name": "bone30",
					"parent": "bone29",
					"pivot": [0, 33, 0],
					"rotation": [-15, -45, 0]
				},
				{
					"name": "ExegutorLeaves15",
					"parent": "bone30",
					"pivot": [0, 33, 0],
					"rotation": [22.5, 0, 0]
				},
				{
					"name": "Exegutor15",
					"parent": "ExegutorLeaves15",
					"pivot": [0, 38.76537, -1.84776],
					"rotation": [45, 0, 0]
				},
				{
					"name": "bone31",
					"parent": "Exegutor15",
					"pivot": [0, 43.76537, -1.84776],
					"rotation": [67.5, 0, 0]
				},
				{
					"name": "ExegutorLeaves16",
					"parent": "bone29",
					"pivot": [0, 33, 0],
					"rotation": [8.5, 0, 0]
				},
				{
					"name": "Exegutor16",
					"parent": "ExegutorLeaves16",
					"pivot": [0, 38.76537, -1.84776],
					"rotation": [45, 0, 0]
				},
				{
					"name": "bone32",
					"parent": "Exegutor16",
					"pivot": [0, 43.76537, -1.84776],
					"rotation": [67.5, 0, 0]
				},
				{
					"name": "bone33",
					"parent": "bone25",
					"pivot": [0, 33, 0],
					"rotation": [0, -90, 0]
				},
				{
					"name": "bone34",
					"parent": "bone33",
					"pivot": [0, 33, 0],
					"rotation": [0, -45, 0]
				},
				{
					"name": "ExegutorLeaves17",
					"parent": "bone34",
					"pivot": [0, 33, 0],
					"rotation": [22.5, 0, 0]
				},
				{
					"name": "bone37",
					"parent": "bone33",
					"pivot": [0, 33, 0],
					"rotation": [0, -90, 0]
				},
				{
					"name": "bone38",
					"parent": "bone37",
					"pivot": [0, 33, 0],
					"rotation": [-16, -45, 0]
				},
				{
					"name": "ExegutorLeaves19",
					"parent": "bone38",
					"pivot": [0, 33, 0],
					"rotation": [22.5, 0, 0]
				},
				{
					"name": "Exegutor19",
					"parent": "ExegutorLeaves19",
					"pivot": [0, 38.76537, -1.84776],
					"rotation": [45, 0, 0]
				},
				{
					"name": "bone39",
					"parent": "Exegutor19",
					"pivot": [0, 43.76537, -1.84776],
					"rotation": [67.5, 0, 0]
				},
				{
					"name": "ExegutorLeaves20",
					"parent": "bone37",
					"pivot": [0, 33, 0],
					"rotation": [7.5, 0, 0]
				},
				{
					"name": "Exegutor20",
					"parent": "ExegutorLeaves20",
					"pivot": [0, 38.76537, -1.84776],
					"rotation": [45, 0, 0]
				},
				{
					"name": "bone40",
					"parent": "Exegutor20",
					"pivot": [0, 43.76537, -1.84776],
					"rotation": [67.5, 0, 0]
				},
				{
					"name": "bone4",
					"parent": "bone35",
					"pivot": [0, 33, 0]
				},
				{
					"name": "bone3",
					"parent": "bone4",
					"pivot": [0, 33, 0],
					"rotation": [0, -45, 0]
				},
				{
					"name": "ExegutorLeaves2",
					"parent": "bone3",
					"pivot": [0, 33, 0],
					"rotation": [22.5, 0, 0]
				},
				{
					"name": "Exegutor2",
					"parent": "ExegutorLeaves2",
					"pivot": [0, 38.76537, -1.84776],
					"rotation": [45, 0, 0]
				},
				{
					"name": "bone2",
					"parent": "Exegutor2",
					"pivot": [0, 43.76537, -1.84776],
					"rotation": [67.5, 0, 0]
				},
				{
					"name": "ExegutorLeaves",
					"parent": "bone4",
					"pivot": [0, 33, 0],
					"rotation": [22.5, 0, 0]
				},
				{
					"name": "Exegutor",
					"parent": "ExegutorLeaves",
					"pivot": [0, 38.76537, -1.84776],
					"rotation": [45, 0, 0]
				},
				{
					"name": "bone",
					"parent": "Exegutor",
					"pivot": [0, 43.76537, -1.84776],
					"rotation": [67.5, 0, 0]
				},
				{
					"name": "bone5",
					"parent": "bone4",
					"pivot": [0, 33, 0],
					"rotation": [0, -90, 0]
				},
				{
					"name": "bone6",
					"parent": "bone5",
					"pivot": [0, 33, 0],
					"rotation": [0, -45, 0]
				},
				{
					"name": "ExegutorLeaves3",
					"parent": "bone6",
					"pivot": [0, 33, 0],
					"rotation": [22.5, 0, 0]
				},
				{
					"name": "Exegutor3",
					"parent": "ExegutorLeaves3",
					"pivot": [0, 38.76537, -1.84776],
					"rotation": [45, 0, 0]
				},
				{
					"name": "bone7",
					"parent": "Exegutor3",
					"pivot": [0, 43.76537, -1.84776],
					"rotation": [67.5, 0, 0]
				},
				{
					"name": "ExegutorLeaves4",
					"parent": "bone5",
					"pivot": [0, 33, 0],
					"rotation": [22.5, 0, 0]
				},
				{
					"name": "Exegutor4",
					"parent": "ExegutorLeaves4",
					"pivot": [0, 38.76537, -1.84776],
					"rotation": [45, 0, 0]
				},
				{
					"name": "bone8",
					"parent": "Exegutor4",
					"pivot": [0, 43.76537, -1.84776],
					"rotation": [67.5, 0, 0]
				},
				{
					"name": "bone9",
					"parent": "bone5",
					"pivot": [0, 33, 0],
					"rotation": [0, -90, 0]
				},
				{
					"name": "bone10",
					"parent": "bone9",
					"pivot": [0, 33, 0],
					"rotation": [0, -45, 0]
				},
				{
					"name": "ExegutorLeaves5",
					"parent": "bone10",
					"pivot": [0, 33, 0],
					"rotation": [22.5, 0, 0]
				},
				{
					"name": "Exegutor5",
					"parent": "ExegutorLeaves5",
					"pivot": [0, 38.76537, -1.84776],
					"rotation": [45, 0, 0]
				},
				{
					"name": "bone11",
					"parent": "Exegutor5",
					"pivot": [0, 43.76537, -1.84776],
					"rotation": [67.5, 0, 0]
				},
				{
					"name": "ExegutorLeaves6",
					"parent": "bone9",
					"pivot": [0, 33, 0],
					"rotation": [22.5, 0, 0]
				},
				{
					"name": "Exegutor6",
					"parent": "ExegutorLeaves6",
					"pivot": [0, 38.76537, -1.84776],
					"rotation": [45, 0, 0]
				},
				{
					"name": "bone12",
					"parent": "Exegutor6",
					"pivot": [0, 43.76537, -1.84776],
					"rotation": [67.5, 0, 0]
				},
				{
					"name": "bone13",
					"parent": "bone5",
					"pivot": [0, 33, 0],
					"rotation": [0, -90, 0]
				},
				{
					"name": "bone14",
					"parent": "bone13",
					"pivot": [0, 33, 0],
					"rotation": [0, -45, 0]
				},
				{
					"name": "ExegutorLeaves7",
					"parent": "bone14",
					"pivot": [0, 33, 0],
					"rotation": [22.5, 0, 0]
				},
				{
					"name": "Exegutor7",
					"parent": "ExegutorLeaves7",
					"pivot": [0, 38.76537, -1.84776],
					"rotation": [45, 0, 0]
				},
				{
					"name": "bone15",
					"parent": "Exegutor7",
					"pivot": [0, 43.76537, -1.84776],
					"rotation": [67.5, 0, 0]
				},
				{
					"name": "ExegutorLeaves8",
					"parent": "bone13",
					"pivot": [0, 33, 0],
					"rotation": [22.5, 0, 0]
				},
				{
					"name": "Exegutor8",
					"parent": "ExegutorLeaves8",
					"pivot": [0, 38.76537, -1.84776],
					"rotation": [45, 0, 0]
				},
				{
					"name": "bone16",
					"parent": "Exegutor8",
					"pivot": [0, 43.76537, -1.84776],
					"rotation": [67.5, 0, 0]
				},
				{
					"name": "bone17",
					"parent": "bone13",
					"pivot": [0, 33, 0],
					"rotation": [0, -90, 0]
				},
				{
					"name": "bone18",
					"parent": "bone17",
					"pivot": [0, 33, 0],
					"rotation": [0, -45, 0]
				},
				{
					"name": "ExegutorLeaves9",
					"parent": "bone18",
					"pivot": [0, 33, 0],
					"rotation": [22.5, 0, 0]
				},
				{
					"name": "Exegutor9",
					"parent": "ExegutorLeaves9",
					"pivot": [0, 38.76537, -1.84776],
					"rotation": [45, 0, 0]
				},
				{
					"name": "bone19",
					"parent": "Exegutor9",
					"pivot": [0, 43.76537, -1.84776],
					"rotation": [67.5, 0, 0]
				},
				{
					"name": "ExegutorLeaves10",
					"parent": "bone17",
					"pivot": [0, 33, 0],
					"rotation": [22.5, 0, 0]
				},
				{
					"name": "Exegutor10",
					"parent": "ExegutorLeaves10",
					"pivot": [0, 38.76537, -1.84776],
					"rotation": [45, 0, 0]
				},
				{
					"name": "bone20",
					"parent": "Exegutor10",
					"pivot": [0, 43.76537, -1.84776],
					"rotation": [67.5, 0, 0]
				}
			]
		}
	]
}