{
	"format_version": "1.12.0",
	"minecraft:geometry": [
		{
			"description": {
				"identifier": "geometry.unknown",
				"texture_width": 128,
				"texture_height": 128,
				"visible_bounds_width": 3,
				"visible_bounds_height": 3.5,
				"visible_bounds_offset": [0, 1.25, 0]
			},
			"bones": [
				{
					"name": "falinks",
					"pivot": [0, 1, 0]
				},
				{
					"name": "head_1",
					"parent": "falinks",
					"pivot": [0, 3.52269, -1.31399],
					"rotation": [-7.25, 0, 0],
					"cubes": [
						{"origin": [-2, 1, -2], "size": [4, 4, 4], "uv": [0, 26]},
						{"origin": [0, 0, -1], "size": [2, 2, 2], "pivot": [1, 1, 0], "rotation": [0, 0, -10.25], "uv": [45, 27]},
						{"origin": [-2, 0, -1], "size": [2, 2, 2], "pivot": [-1, 1, 0], "rotation": [0, 0, 10.25], "uv": [45, 22]},
						{"origin": [-0.5, 3.65, -2.275], "size": [1, 2, 1], "pivot": [0, 4.5, -1.725], "rotation": [29.5, 0, 0], "uv": [14, 62]},
						{"origin": [-1, 2.025, -2.225], "size": [2, 4, 2], "pivot": [-0.5, 5.025, -1.725], "rotation": [54.25, 0, 0], "uv": [0, 41]},
						{"origin": [-1, 4.00663, -0.6022], "size": [2, 2, 3], "inflate": 0.2, "pivot": [0, 5.43163, 0.6728], "rotation": [-19, 0, 0], "uv": [0, 35]},
						{"origin": [-0.5, 5.15, -1.725], "size": [1, 2, 1], "inflate": 0.2, "pivot": [-0.5, 5.025, -1.725], "rotation": [54.25, 0, 0], "uv": [9, 62]},
						{"origin": [0, 6.75, -1.725], "size": [0, 2, 1], "pivot": [-0.5, 5.025, -1.725], "rotation": [54.25, 0, 0], "uv": [26, 12]},
						{"origin": [0.5, 2.2, -2.05], "size": [1, 2, 0], "uv": [58, 63]},
						{"origin": [0.5, 2.2, -2.275], "size": [1, 2, 1], "inflate": -0.2, "uv": [62, 4]},
						{"origin": [-1.5, 2.2, -2.275], "size": [1, 2, 1], "inflate": -0.2, "uv": [62, 0]},
						{"origin": [-1.5, 2.2, -2.05], "size": [1, 2, 0], "uv": [63, 52]}
					]
				},
				{
					"name": "arm_left",
					"parent": "head_1",
					"pivot": [2.26, 2.97903, 0],
					"cubes": [
						{"origin": [2.325, 3, -1], "size": [0, 2, 2], "pivot": [2.325, 4, 0], "rotation": [0, 0, -5.75], "uv": [5, 58]},
						{"origin": [2.42468, 1.01507, -1], "size": [0, 2, 2], "pivot": [2.325, 3.00503, 0], "rotation": [-90, 5.75, 0], "uv": [48, 57]},
						{"origin": [2.325, 1.01006, -1], "size": [0, 2, 2], "pivot": [2.325, 2.01006, 0], "rotation": [0, 0, 5.75], "uv": [0, 58]},
						{"origin": [2.42468, 2.99499, -1], "size": [0, 2, 2], "pivot": [2.325, 3.00503, 0], "rotation": [-90, -5.75, 0], "uv": [57, 43]},
						{"origin": [1.5, 2.375, -0.5], "size": [1, 1, 1], "pivot": [2, 2.875, 0], "rotation": [-44.80577, -1.16152, 59.47814], "uv": [49, 63]}
					]
				},
				{
					"name": "arm_right",
					"parent": "head_1",
					"pivot": [-2.26, 2.97903, 0],
					"cubes": [
						{"origin": [-2.325, 3, -1], "size": [0, 2, 2], "pivot": [-2.325, 4, 0], "rotation": [0, 0, 5.75], "uv": [40, 57]},
						{"origin": [-2.42468, 1.01507, -1], "size": [0, 2, 2], "pivot": [-2.325, 3.00503, 0], "rotation": [-90, -5.75, 0], "uv": [57, 26]},
						{"origin": [-2.325, 1.01006, -1], "size": [0, 2, 2], "pivot": [-2.325, 2.01006, 0], "rotation": [0, 0, -5.75], "uv": [57, 16]},
						{"origin": [-2.42468, 2.99499, -1], "size": [0, 2, 2], "pivot": [-2.325, 3.00503, 0], "rotation": [-90, 5.75, 0], "uv": [57, 0]},
						{"origin": [-2.5, 2.375, -0.5], "size": [1, 1, 1], "pivot": [-2, 2.875, 0], "rotation": [-44.80577, 1.16152, -59.47814], "uv": [63, 31]}
					]
				},
				{
					"name": "head_2",
					"parent": "falinks",
					"pivot": [5.56478, 3.52269, 1.11618],
					"rotation": [0, -43, 0],
					"cubes": [
						{"origin": [3.56478, 1, 0.43017], "size": [4, 4, 4], "uv": [17, 21]},
						{"origin": [5.56478, 0, 1.43017], "size": [2, 2, 2], "pivot": [6.56478, 1, 2.43017], "rotation": [0, 0, -10.25], "uv": [45, 5]},
						{"origin": [3.56478, 0, 1.43017], "size": [2, 2, 2], "pivot": [4.56478, 1, 2.43017], "rotation": [0, 0, 10.25], "uv": [43, 44]},
						{"origin": [5.06478, 3.65, 0.15517], "size": [1, 2, 1], "pivot": [5.56478, 4.5, 0.70517], "rotation": [29.5, 0, 0], "uv": [44, 61]},
						{"origin": [4.56478, 2.025, 0.20517], "size": [2, 4, 2], "pivot": [5.06478, 5.025, 0.70517], "rotation": [54.25, 0, 0], "uv": [38, 34]},
						{"origin": [4.56478, 4.00663, 1.82797], "size": [2, 2, 3], "inflate": 0.2, "pivot": [5.56478, 5.43163, 3.10297], "rotation": [-19, 0, 0], "uv": [34, 22]},
						{"origin": [5.06478, 5.15, 0.70517], "size": [1, 2, 1], "inflate": 0.2, "pivot": [5.06478, 5.025, 0.70517], "rotation": [54.25, 0, 0], "uv": [35, 61]},
						{"origin": [5.56478, 6.75, 0.70517], "size": [0, 2, 1], "pivot": [5.06478, 5.025, 0.70517], "rotation": [54.25, 0, 0], "uv": [0, 26]},
						{"origin": [6.06478, 2.25, 0.38017], "size": [1, 2, 0], "uv": [5, 63]},
						{"origin": [6.06478, 2.25, 0.15517], "size": [1, 2, 1], "inflate": -0.2, "uv": [61, 24]},
						{"origin": [4.06478, 2.25, 0.15517], "size": [1, 2, 1], "inflate": -0.2, "uv": [61, 11]},
						{"origin": [4.06478, 2.25, 0.38017], "size": [1, 2, 0], "uv": [40, 62]}
					]
				},
				{
					"name": "arm_left2",
					"parent": "head_2",
					"pivot": [8.07079, 2.97903, 2.47465],
					"rotation": [0, -10.25, 0],
					"cubes": [
						{"origin": [8.13579, 3, 1.47465], "size": [0, 2, 2], "pivot": [8.13579, 4, 2.47465], "rotation": [0, 0, -5.75], "uv": [35, 56]},
						{"origin": [8.23548, 1.01507, 1.47465], "size": [0, 2, 2], "pivot": [8.13579, 3.00503, 2.47465], "rotation": [-90, 5.75, 0], "uv": [56, 11]},
						{"origin": [8.13579, 1.01006, 1.47465], "size": [0, 2, 2], "pivot": [8.13579, 2.01006, 2.47465], "rotation": [0, 0, 5.75], "uv": [55, 55]},
						{"origin": [8.23548, 2.99499, 1.47465], "size": [0, 2, 2], "pivot": [8.13579, 3.00503, 2.47465], "rotation": [-90, -5.75, 0], "uv": [55, 48]},
						{"origin": [7.31079, 2.375, 1.97465], "size": [1, 1, 1], "pivot": [7.81079, 2.875, 2.47465], "rotation": [-44.80577, -1.16152, 59.47814], "uv": [0, 63]}
					]
				},
				{
					"name": "arm_right2",
					"parent": "head_2",
					"pivot": [3.30478, 2.97903, 2.43017],
					"cubes": [
						{"origin": [3.23978, 3, 1.43017], "size": [0, 2, 2], "pivot": [3.23978, 4, 2.43017], "rotation": [0, 0, 5.75], "uv": [55, 38]},
						{"origin": [3.1401, 1.01507, 1.43017], "size": [0, 2, 2], "pivot": [3.23978, 3.00503, 2.43017], "rotation": [-90, -5.75, 0], "uv": [55, 33]},
						{"origin": [3.23978, 1.01006, 1.43017], "size": [0, 2, 2], "pivot": [3.23978, 2.01006, 2.43017], "rotation": [0, 0, -5.75], "uv": [45, 54]},
						{"origin": [3.1401, 2.99499, 1.43017], "size": [0, 2, 2], "pivot": [3.23978, 3.00503, 2.43017], "rotation": [-90, 5.75, 0], "uv": [30, 54]},
						{"origin": [3.06478, 2.375, 1.93017], "size": [1, 1, 1], "pivot": [3.56478, 2.875, 2.43017], "rotation": [-44.80577, 1.16152, -59.47814], "uv": [62, 56]}
					]
				},
				{
					"name": "head_3",
					"parent": "falinks",
					"pivot": [-5.16569, 3.69999, 1.01609],
					"rotation": [-15.22252, 35.1881, -1.23205],
					"cubes": [
						{"origin": [-7.16569, 1.17731, 0.33007], "size": [4, 4, 4], "uv": [17, 3]},
						{"origin": [-5.16569, 0.17731, 1.33007], "size": [2, 2, 2], "pivot": [-4.16569, 1.17731, 2.33007], "rotation": [0, 0, -10.25], "uv": [44, 10]},
						{"origin": [-7.16569, 0.17731, 1.33007], "size": [2, 2, 2], "pivot": [-6.16569, 1.17731, 2.33007], "rotation": [0, 0, 10.25], "uv": [27, 43]},
						{"origin": [-5.66569, 3.82731, 0.05507], "size": [1, 2, 1], "pivot": [-5.16569, 4.67731, 0.60507], "rotation": [29.5, 0, 0], "uv": [53, 60]},
						{"origin": [-6.16569, 2.20231, 0.10507], "size": [2, 4, 2], "pivot": [-5.66569, 5.20231, 0.60507], "rotation": [54.25, 0, 0], "uv": [29, 36]},
						{"origin": [-6.16569, 4.18393, 1.72787], "size": [2, 2, 3], "inflate": 0.2, "pivot": [-5.16569, 5.60893, 3.00287], "rotation": [-19, 0, 0], "uv": [34, 6]},
						{"origin": [-5.66569, 5.32731, 0.60507], "size": [1, 2, 1], "inflate": 0.2, "pivot": [-5.66569, 5.20231, 0.60507], "rotation": [54.25, 0, 0], "uv": [60, 48]},
						{"origin": [-5.16569, 6.92731, 0.60507], "size": [0, 2, 1], "pivot": [-5.66569, 5.20231, 0.60507], "rotation": [54.25, 0, 0], "uv": [17, 21]},
						{"origin": [-4.66569, 2.45231, 0.40507], "size": [1, 2, 0], "pivot": [-4.16569, 3.45231, 0.28007], "rotation": [-8.75, 0, 0], "uv": [42, 22]},
						{"origin": [-6.66569, 2.45231, 0.05507], "size": [1, 2, 1], "inflate": -0.2, "uv": [60, 39]},
						{"origin": [-6.66569, 2.45231, 0.28007], "size": [1, 2, 0], "uv": [42, 5]}
					]
				},
				{
					"name": "arm_left3",
					"parent": "head_3",
					"pivot": [-2.90569, 3.15633, 2.33007],
					"cubes": [
						{"origin": [-2.84069, 3.17731, 1.33007], "size": [0, 2, 2], "pivot": [-2.84069, 4.17731, 2.33007], "rotation": [0, 0, -5.75], "uv": [54, 23]},
						{"origin": [-2.74101, 1.19237, 1.33007], "size": [0, 2, 2], "pivot": [-2.84069, 3.18234, 2.33007], "rotation": [-90, 5.75, 0], "uv": [54, 3]},
						{"origin": [-2.84069, 1.18737, 1.33007], "size": [0, 2, 2], "pivot": [-2.84069, 2.18737, 2.33007], "rotation": [0, 0, 5.75], "uv": [25, 53]},
						{"origin": [-2.74101, 3.1723, 1.33007], "size": [0, 2, 2], "pivot": [-2.84069, 3.18234, 2.33007], "rotation": [-90, -5.75, 0], "uv": [20, 53]},
						{"origin": [-3.66569, 2.55231, 1.83007], "size": [1, 1, 1], "pivot": [-3.16569, 3.05231, 2.33007], "rotation": [-44.80577, -1.16152, 59.47814], "uv": [62, 28]}
					]
				},
				{
					"name": "arm_right3",
					"parent": "head_3",
					"pivot": [-7.6191, 3.15633, 2.38099],
					"rotation": [0, 14.75, 0],
					"cubes": [
						{"origin": [-7.6841, 3.17731, 1.38099], "size": [0, 2, 2], "pivot": [-7.6841, 4.17731, 2.38099], "rotation": [0, 0, 5.75], "uv": [15, 53]},
						{"origin": [-7.78378, 1.19237, 1.38099], "size": [0, 2, 2], "pivot": [-7.6841, 3.18234, 2.38099], "rotation": [-90, -5.75, 0], "uv": [10, 53]},
						{"origin": [-7.6841, 1.18737, 1.38099], "size": [0, 2, 2], "pivot": [-7.6841, 2.18737, 2.38099], "rotation": [0, 0, -5.75], "uv": [53, 8]},
						{"origin": [-7.78378, 3.1723, 1.38099], "size": [0, 2, 2], "pivot": [-7.6841, 3.18234, 2.38099], "rotation": [-90, 5.75, 0], "uv": [5, 53]},
						{"origin": [-7.8591, 2.55231, 1.88099], "size": [1, 1, 1], "pivot": [-7.3591, 3.05231, 2.38099], "rotation": [-44.80577, 1.16152, -59.47814], "uv": [24, 62]}
					]
				},
				{
					"name": "head_4",
					"parent": "falinks",
					"pivot": [-3.17831, 9.49767, 0.0546],
					"rotation": [0, 34.5, 8.5],
					"cubes": [
						{"origin": [-5.17831, 6.97499, -0.63142], "size": [4, 4, 4], "uv": [0, 17]},
						{"origin": [-3.17831, 5.97499, 0.36858], "size": [2, 2, 2], "pivot": [-2.17831, 6.97499, 1.36858], "rotation": [0, 0, -10.25], "uv": [18, 43]},
						{"origin": [-5.17831, 5.97499, 0.36858], "size": [2, 2, 2], "pivot": [-4.17831, 6.97499, 1.36858], "rotation": [0, 0, 10.25], "uv": [9, 43]},
						{"origin": [-3.67831, 9.62499, -0.90642], "size": [1, 2, 1], "pivot": [-3.17831, 10.47499, -0.35642], "rotation": [29.5, 0, 0], "uv": [60, 35]},
						{"origin": [-4.17831, 7.99999, -0.85642], "size": [2, 4, 2], "pivot": [-3.67831, 10.99999, -0.35642], "rotation": [54.25, 0, 0], "uv": [20, 36]},
						{"origin": [-4.17831, 9.98161, 0.76638], "size": [2, 2, 3], "inflate": 0.2, "pivot": [-3.17831, 11.40661, 2.04138], "rotation": [-19, 0, 0], "uv": [28, 30]},
						{"origin": [-3.67831, 11.12499, -0.35642], "size": [1, 2, 1], "inflate": 0.2, "pivot": [-3.67831, 10.99999, -0.35642], "rotation": [54.25, 0, 0], "uv": [59, 59]},
						{"origin": [-3.17831, 12.72499, -0.35642], "size": [0, 2, 1], "pivot": [-3.67831, 10.99999, -0.35642], "rotation": [54.25, 0, 0], "uv": [0, 16]},
						{"origin": [-2.67831, 8.24999, -0.68142], "size": [1, 2, 0], "uv": [38, 0]},
						{"origin": [-2.67831, 8.24999, -0.90642], "size": [1, 2, 1], "inflate": -0.2, "uv": [30, 59]},
						{"origin": [-4.67831, 8.24999, -0.90642], "size": [1, 2, 1], "inflate": -0.2, "uv": [58, 53]},
						{"origin": [-4.67831, 8.24999, -0.68142], "size": [1, 2, 0], "uv": [0, 35]}
					]
				},
				{
					"name": "arm_left4",
					"parent": "head_4",
					"pivot": [-0.91831, 8.95401, 1.36858],
					"cubes": [
						{"origin": [-0.85331, 8.97499, 0.36858], "size": [0, 2, 2], "pivot": [-0.85331, 9.97499, 1.36858], "rotation": [0, 0, -5.75], "uv": [0, 53]},
						{"origin": [-0.75363, 6.99006, 0.36858], "size": [0, 2, 2], "pivot": [-0.85331, 8.98002, 1.36858], "rotation": [-90, 5.75, 0], "uv": [52, 52]},
						{"origin": [-0.85331, 6.98505, 0.36858], "size": [0, 2, 2], "pivot": [-0.85331, 7.98505, 1.36858], "rotation": [0, 0, 5.75], "uv": [52, 45]},
						{"origin": [-0.75363, 8.96998, 0.36858], "size": [0, 2, 2], "pivot": [-0.85331, 8.98002, 1.36858], "rotation": [-90, -5.75, 0], "uv": [40, 52]},
						{"origin": [-1.67831, 8.34999, 0.86858], "size": [1, 1, 1], "pivot": [-1.17831, 8.84999, 1.36858], "rotation": [-44.80577, -1.16152, 59.47814], "uv": [19, 62]}
					]
				},
				{
					"name": "arm_right4",
					"parent": "head_4",
					"pivot": [-5.80011, 9.05265, 1.36858],
					"rotation": [0, 0, 15.25],
					"cubes": [
						{"origin": [-5.86511, 9.07362, 0.36858], "size": [0, 2, 2], "pivot": [-5.86511, 10.07362, 1.36858], "rotation": [0, 0, 5.75], "uv": [52, 30]},
						{"origin": [-5.96479, 7.08869, 0.36858], "size": [0, 2, 2], "pivot": [-5.86511, 9.07865, 1.36858], "rotation": [-90, -5.75, 0], "uv": [52, 18]},
						{"origin": [-5.86511, 7.08369, 0.36858], "size": [0, 2, 2], "pivot": [-5.86511, 8.08369, 1.36858], "rotation": [0, 0, -5.75], "uv": [35, 51]},
						{"origin": [-5.96479, 9.06862, 0.36858], "size": [0, 2, 2], "pivot": [-5.86511, 9.07865, 1.36858], "rotation": [-90, 5.75, 0], "uv": [51, 13]},
						{"origin": [-6.04011, 8.44862, 0.86858], "size": [1, 1, 1], "pivot": [-5.54011, 8.94862, 1.36858], "rotation": [-44.80577, 1.16152, -59.47814], "uv": [62, 18]}
					]
				},
				{
					"name": "head_5",
					"parent": "falinks",
					"pivot": [2.89295, 9.34769, 0.32116],
					"rotation": [0, -34.5, 0],
					"cubes": [
						{"origin": [0.89295, 6.825, -0.36485], "size": [4, 4, 4], "uv": [13, 12]},
						{"origin": [2.89295, 5.825, 0.63515], "size": [2, 2, 2], "pivot": [3.89295, 6.825, 1.63515], "rotation": [0, 0, -10.25], "uv": [42, 17]},
						{"origin": [0.89295, 5.825, 0.63515], "size": [2, 2, 2], "pivot": [1.89295, 6.825, 1.63515], "rotation": [0, 0, 10.25], "uv": [36, 41]},
						{"origin": [2.39295, 9.475, -0.63985], "size": [1, 2, 1], "pivot": [2.89295, 10.325, -0.08985], "rotation": [29.5, 0, 0], "uv": [58, 31]},
						{"origin": [1.89295, 7.85, -0.58985], "size": [2, 4, 2], "pivot": [2.39295, 10.85, -0.08985], "rotation": [54.25, 0, 0], "uv": [11, 36]},
						{"origin": [1.89295, 9.83163, 1.03295], "size": [2, 2, 3], "inflate": 0.2, "pivot": [2.89295, 11.25663, 2.30795], "rotation": [-19, 0, 0], "uv": [17, 30]},
						{"origin": [2.39295, 10.975, -0.08985], "size": [1, 2, 1], "inflate": 0.2, "pivot": [2.39295, 10.85, -0.08985], "rotation": [54.25, 0, 0], "uv": [25, 58]},
						{"origin": [2.89295, 12.575, -0.08985], "size": [0, 2, 1], "pivot": [2.39295, 10.85, -0.08985], "rotation": [54.25, 0, 0], "uv": [13, 7]},
						{"origin": [3.39295, 8.15, -0.31485], "size": [1, 2, 0], "pivot": [3.89295, 9.15, -0.41485], "rotation": [-6, 0, 0], "uv": [34, 6]},
						{"origin": [1.39295, 8.15, -0.63985], "size": [1, 2, 1], "inflate": -0.2, "uv": [20, 58]},
						{"origin": [1.39295, 8.15, -0.41485], "size": [1, 2, 0], "uv": [17, 30]}
					]
				},
				{
					"name": "arm_left5",
					"parent": "head_5",
					"pivot": [5.47143, 8.86882, 1.63515],
					"rotation": [0, 0, -11.5],
					"cubes": [
						{"origin": [5.53643, 8.88979, 0.63515], "size": [0, 2, 2], "pivot": [5.53643, 9.88979, 1.63515], "rotation": [0, 0, -5.75], "uv": [50, 40]},
						{"origin": [5.63611, 6.90486, 0.63515], "size": [0, 2, 2], "pivot": [5.53643, 8.89483, 1.63515], "rotation": [-90, 5.75, 0], "uv": [50, 35]},
						{"origin": [5.53643, 6.89986, 0.63515], "size": [0, 2, 2], "pivot": [5.53643, 7.89986, 1.63515], "rotation": [0, 0, 5.75], "uv": [50, 0]},
						{"origin": [5.63611, 8.88479, 0.63515], "size": [0, 2, 2], "pivot": [5.53643, 8.89483, 1.63515], "rotation": [-90, -5.75, 0], "uv": [49, 49]},
						{"origin": [4.71143, 8.26479, 1.13515], "size": [1, 1, 1], "pivot": [5.21143, 8.76479, 1.63515], "rotation": [-44.80577, -1.16152, 59.47814], "uv": [35, 19]}
					]
				},
				{
					"name": "arm_right5",
					"parent": "head_5",
					"pivot": [0.63295, 8.80403, 1.63515],
					"cubes": [
						{"origin": [0.56795, 8.825, 0.63515], "size": [0, 2, 2], "pivot": [0.56795, 9.825, 1.63515], "rotation": [0, 0, 5.75], "uv": [44, 49]},
						{"origin": [0.46827, 6.84007, 0.63515], "size": [0, 2, 2], "pivot": [0.56795, 8.83003, 1.63515], "rotation": [-90, -5.75, 0], "uv": [30, 49]},
						{"origin": [0.56795, 6.83506, 0.63515], "size": [0, 2, 2], "pivot": [0.56795, 7.83506, 1.63515], "rotation": [0, 0, -5.75], "uv": [25, 48]},
						{"origin": [0.46827, 8.81999, 0.63515], "size": [0, 2, 2], "pivot": [0.56795, 8.83003, 1.63515], "rotation": [-90, 5.75, 0], "uv": [20, 48]},
						{"origin": [0.39295, 8.2, 1.13515], "size": [1, 1, 1], "pivot": [0.89295, 8.7, 1.63515], "rotation": [-44.80577, 1.16152, -59.47814], "uv": [8, 35]}
					]
				},
				{
					"name": "head_6",
					"parent": "falinks",
					"pivot": [0.04893, 15.4683, 0.83601],
					"rotation": [0, 0, 10.25],
					"cubes": [
						{"origin": [-1.95107, 12.94561, 0.15], "size": [4, 4, 4], "uv": [0, 7]},
						{"origin": [-3.18733, 14.91986, 0.93303], "size": [1, 11, 1], "inflate": -0.2, "pivot": [-3.28733, 21.85736, 1.43303], "rotation": [179.68903, -3.7371, 169.01015], "uv": [30, 12]},
						{"origin": [-2.99851, 20.0158, 1.27871], "size": [3, 6, 0], "pivot": [-0.34851, 22.4283, 1.27871], "rotation": [179.68926, 3.0128, 168.97354], "uv": [6, 0]},
						{"origin": [-7.84166, 19.85815, 2.43853], "size": [3, 6, 0], "pivot": [-1.19166, 22.27065, 2.43853], "rotation": [179.6768, -16.23691, 169.08025], "uv": [12, 0]},
						{"origin": [-5.93733, 19.44486, 1.43303], "size": [3, 6, 0], "pivot": [-3.28733, 21.85736, 1.43303], "rotation": [179.68903, -3.7371, 169.01015], "uv": [0, 0]},
						{"origin": [-1.45107, 12.72061, -0.075], "size": [3, 1, 1], "inflate": -0.2, "uv": [23, 48]},
						{"origin": [0.04893, 11.94561, 1.15], "size": [2, 2, 2], "pivot": [1.04893, 12.94561, 2.15], "rotation": [0, 0, -10.25], "uv": [41, 0]},
						{"origin": [-2.27607, 11.72061, 1.15], "size": [2, 2, 2], "pivot": [-0.95107, 12.94561, 2.15], "rotation": [0, 0, 40.5], "uv": [36, 28]},
						{"origin": [-0.45107, 15.59561, -0.125], "size": [1, 2, 1], "pivot": [0.04893, 16.44561, 0.425], "rotation": [29.5, 0, 0], "uv": [15, 58]},
						{"origin": [-0.95107, 13.97061, -0.075], "size": [2, 4, 2], "pivot": [-0.45107, 16.97061, 0.425], "rotation": [54.25, 0, 0], "uv": [35, 12]},
						{"origin": [-0.95107, 15.95224, 1.5478], "size": [2, 2, 3], "inflate": 0.2, "pivot": [0.04893, 17.37724, 2.8228], "rotation": [-19, 0, 0], "uv": [30, 0]},
						{"origin": [-0.45107, 17.09561, 0.425], "size": [1, 2, 1], "inflate": 0.2, "pivot": [-0.45107, 16.97061, 0.425], "rotation": [54.25, 0, 0], "uv": [10, 58]},
						{"origin": [0.04893, 18.69561, 0.425], "size": [0, 2, 1], "pivot": [-0.45107, 16.97061, 0.425], "rotation": [54.25, 0, 0], "uv": [0, 7]},
						{"origin": [0.54893, 14.22061, 0.1], "size": [1, 2, 0], "uv": [29, 0]},
						{"origin": [0.54893, 14.22061, -0.125], "size": [1, 2, 1], "inflate": -0.2, "uv": [58, 7]},
						{"origin": [-1.45107, 14.22061, -0.125], "size": [1, 2, 1], "inflate": -0.2, "uv": [57, 21]},
						{"origin": [-1.45107, 14.22061, 0.1], "size": [1, 2, 0], "uv": [13, 26]}
					]
				},
				{
					"name": "arm_left6",
					"parent": "head_6",
					"pivot": [2.30893, 14.92464, 2.15],
					"cubes": [
						{"origin": [2.37393, 14.94561, 1.15], "size": [0, 2, 2], "pivot": [2.37393, 15.94561, 2.15], "rotation": [0, 0, -5.75], "uv": [15, 48]},
						{"origin": [2.47362, 12.96068, 1.15], "size": [0, 2, 2], "pivot": [2.37393, 14.95064, 2.15], "rotation": [-90, 5.75, 0], "uv": [10, 48]},
						{"origin": [2.37393, 12.95567, 1.15], "size": [0, 2, 2], "pivot": [2.37393, 13.95567, 2.15], "rotation": [0, 0, 5.75], "uv": [5, 48]},
						{"origin": [2.47362, 14.94061, 1.15], "size": [0, 2, 2], "pivot": [2.37393, 14.95064, 2.15], "rotation": [-90, -5.75, 0], "uv": [0, 48]},
						{"origin": [1.54893, 14.32061, 1.65], "size": [1, 1, 1], "pivot": [2.04893, 14.82061, 2.15], "rotation": [-44.80577, -1.16152, 59.47814], "uv": [24, 0]}
					]
				},
				{
					"name": "arm_right6",
					"parent": "head_6",
					"pivot": [-2.80401, 15.08112, 2.02936],
					"rotation": [-2.91615, -11.12894, 14.78417],
					"cubes": [
						{"origin": [-2.86901, 15.1021, 1.02936], "size": [0, 2, 2], "pivot": [-2.86901, 16.1021, 2.02936], "rotation": [0, 0, 5.75], "uv": [39, 47]},
						{"origin": [-2.96869, 13.11717, 1.02936], "size": [0, 2, 2], "pivot": [-2.86901, 15.10713, 2.02936], "rotation": [-90, -5.75, 0], "uv": [47, 32]},
						{"origin": [-2.86901, 13.11216, 1.02936], "size": [0, 2, 2], "pivot": [-2.86901, 14.11216, 2.02936], "rotation": [0, 0, -5.75], "uv": [34, 46]},
						{"origin": [-2.96869, 15.09709, 1.02936], "size": [0, 2, 2], "pivot": [-2.86901, 15.10713, 2.02936], "rotation": [-90, 5.75, 0], "uv": [45, 39]},
						{"origin": [-3.04401, 14.4771, 1.52936], "size": [1, 1, 1], "pivot": [-2.54401, 14.9771, 2.02936], "rotation": [-44.80577, 1.16152, -59.47814], "uv": [19, 0]}
					]
				}
			]
		}
	]
}