{
	"format_version": "1.12.0",
	"minecraft:geometry": [
		{
			"description": {
				"identifier": "geometry.unknown",
				"texture_width": 64,
				"texture_height": 64,
				"visible_bounds_width": 2,
				"visible_bounds_height": 2.5,
				"visible_bounds_offset": [0, 0.75, 0]
			},
			"bones": [
				{
					"name": "flareon",
					"pivot": [0, 0, 0],
					"cubes": [
						{"origin": [-2.5, 3, -4], "size": [5, 4, 7], "pivot": [0, 5, 0], "rotation": [12, 0, 0], "uv": [0, 11]},
						{"origin": [-3.5, 4.63086, -8.34182], "size": [7, 3, 7], "pivot": [0, 6.65586, -4.41682], "rotation": [43.5, 0, 0], "uv": [0, 0]},
						{"origin": [-3, 5.58086, -8.29182], "size": [6, 5, 5], "uv": [24, 6]},
						{"origin": [-1.225, 12.73388, -7.23963], "size": [2, 1, 2], "pivot": [-0.5, 12.85888, -5.81463], "rotation": [58.7312, -8.32828, -13.41552], "uv": [0, 46]},
						{"origin": [-1.5, 10.35586, -8.91682], "size": [3, 2, 3], "pivot": [0, 11.08086, -6.79182], "rotation": [38.75, 0, 0], "uv": [0, 35]},
						{"origin": [5.69643, 13.79587, -4.73089], "size": [1, 1, 1], "pivot": [3.53197, 14.26165, -2.86275], "rotation": [13.31272, -20.30134, -63.21901], "uv": [0, 3]},
						{"origin": [-0.30357, 11.79587, -4.73089], "size": [4, 1, 1], "pivot": [3.53197, 14.26165, -2.86275], "rotation": [13.31272, -20.30134, -63.21901], "uv": [44, 38]},
						{"origin": [-1.30357, 14.79587, -4.73089], "size": [5, 1, 1], "pivot": [3.53197, 14.26165, -2.86275], "rotation": [13.31272, -20.30134, -63.21901], "uv": [38, 17]},
						{"origin": [-2.30357, 12.79587, -4.73089], "size": [8, 2, 1], "pivot": [3.53197, 14.26165, -2.86275], "rotation": [13.31272, -20.30134, -63.21901], "uv": [0, 23]},
						{"origin": [-5.69643, 12.79587, -4.73089], "size": [8, 2, 1], "pivot": [-3.53197, 14.26165, -2.86275], "rotation": [13.31272, 20.30134, 63.21901], "uv": [22, 0]},
						{"origin": [-3.69643, 14.79587, -4.73089], "size": [5, 1, 1], "pivot": [-3.53197, 14.26165, -2.86275], "rotation": [13.31272, 20.30134, 63.21901], "uv": [13, 38]},
						{"origin": [-3.69643, 11.79587, -4.73089], "size": [4, 1, 1], "pivot": [-3.53197, 14.26165, -2.86275], "rotation": [13.31272, 20.30134, 63.21901], "uv": [42, 6]},
						{"origin": [-6.69643, 13.79587, -4.73089], "size": [1, 1, 1], "pivot": [-3.53197, 14.26165, -2.86275], "rotation": [13.31272, 20.30134, 63.21901], "uv": [0, 0]},
						{"origin": [-1.5, 5.58086, -9.29182], "size": [3, 2, 1], "uv": [46, 0]},
						{"origin": [0.75, 2.35, -0.325], "size": [3, 4, 3], "pivot": [2.25, 5, 1.5], "rotation": [19.25, 0, 0], "uv": [28, 30]},
						{"origin": [1.25, 0.50419, 1.73247], "size": [2, 3, 2], "pivot": [2.25, 4.27919, 1.40747], "rotation": [-14.25, 0, 0], "uv": [20, 45]},
						{"origin": [1.25, 0.05419, -0.04253], "size": [2, 1, 3], "inflate": 0.01, "uv": [11, 41]},
						{"origin": [1.875, 0.95196, -3.23935], "size": [2, 4, 2], "pivot": [2.625, 1.83836, -3.44192], "rotation": [36, 0, -13.5], "uv": [35, 38]},
						{"origin": [1.625, 0.57046, -3.81612], "size": [2, 3, 2], "inflate": -0.1, "pivot": [2.625, 1.83836, -3.44192], "rotation": [-33.25, 0, 1], "uv": [43, 20]},
						{"origin": [1.625, 0.05419, -5.59253], "size": [2, 1, 3], "inflate": 0.01, "pivot": [2.625, 1.83836, -3.44192], "rotation": [0, 0, 1], "uv": [40, 27]},
						{"origin": [-3.875, 0.95196, -3.23935], "size": [2, 4, 2], "pivot": [-2.625, 1.83836, -3.44192], "rotation": [36, 0, 13.5], "uv": [26, 38]},
						{"origin": [-3.625, 0.57046, -3.81612], "size": [2, 3, 2], "inflate": -0.1, "pivot": [-2.625, 1.83836, -3.44192], "rotation": [-33.25, 0, -1], "uv": [41, 32]},
						{"origin": [-3.625, 0.05419, -5.59253], "size": [2, 1, 3], "inflate": 0.01, "pivot": [-2.625, 1.83836, -3.44192], "rotation": [0, 0, -1], "uv": [38, 1]},
						{"origin": [-3.75, 2.35, -0.325], "size": [3, 4, 3], "pivot": [-2.25, 5, 1.5], "rotation": [19.25, 0, 0], "uv": [15, 30]},
						{"origin": [-3.25, 0.50419, 1.73247], "size": [2, 3, 2], "pivot": [-2.25, 4.27919, 1.40747], "rotation": [-14.25, 0, 0], "uv": [42, 43]},
						{"origin": [-3.25, 0.05419, -0.04253], "size": [2, 1, 3], "inflate": 0.01, "uv": [0, 41]},
						{"origin": [-3, 4.175, 1.625], "size": [6, 6, 5], "pivot": [0, 7.5, 4.5], "rotation": [-22.5, 0, 0], "uv": [20, 18]},
						{"origin": [-2, 9.25783, 3.42757], "size": [4, 4, 3], "pivot": [0, 7.50783, 4.60257], "rotation": [-2, 0, 0], "uv": [0, 27]},
						{"origin": [-2.375, 12.90922, 4.89815], "size": [2, 3, 2], "pivot": [-0.5, 15.25922, 4.69815], "rotation": [-19.31275, -0.8451, -24.98663], "uv": [29, 45]}
					]
				}
			]
		}
	]
}