{
	"format_version": "1.12.0",
	"minecraft:geometry": [
		{
			"description": {
				"identifier": "geometry.unknown",
				"texture_width": 64,
				"texture_height": 64,
				"visible_bounds_width": 3,
				"visible_bounds_height": 2.5,
				"visible_bounds_offset": [0, 0.75, 0]
			},
			"bones": [
				{
					"name": "bone",
					"pivot": [0, 0, 0],
					"cubes": [
						{"origin": [-2, 2, -2], "size": [4, 2, 4], "uv": [21, 10]},
						{"origin": [-2.5, 4, -2.5], "size": [5, 4, 6], "uv": [0, 0]},
						{"origin": [0, 8, -2.5], "size": [0, 3, 6], "uv": [14, 19]},
						{"origin": [-2.5, 8, 3.5], "size": [5, 0, 3], "pivot": [0, 8, 3.5], "rotation": [-22.5, 0, 0], "uv": [23, 25]},
						{"origin": [-2.5, 6, 3.5], "size": [5, 0, 4], "pivot": [0, 6, 3.5], "rotation": [-22.5, 0, 0], "uv": [11, 10]},
						{"origin": [-2.5, 3, -2.5], "size": [5, 1, 5], "uv": [0, 10]},
						{"origin": [2, 0, -2], "size": [0, 4, 4], "pivot": [2, 4, 0], "rotation": [0, 0, -5], "uv": [22, 24]},
						{"origin": [-2, 0, -2], "size": [0, 4, 4], "pivot": [-2, 4, 0], "rotation": [0, 0, 5], "uv": [14, 24]},
						{"origin": [-2, 0, -2], "size": [4, 4, 0], "pivot": [0, 4, -2], "rotation": [-5, 0, 0], "uv": [14, 32]},
						{"origin": [-2, 0, 2], "size": [4, 4, 0], "pivot": [0, 4, 2], "rotation": [5, 0, 0], "uv": [30, 28]}
					]
				},
				{
					"name": "bone2",
					"parent": "bone",
					"pivot": [-2.5, 6, -0.5],
					"cubes": [
						{"origin": [2.5, 4, -0.5], "size": [8, 9, 0], "pivot": [2.5, 6, -0.5], "rotation": [0, -22.5, 0], "uv": [0, 16]},
						{"origin": [0.5, 5.5, -2.6], "size": [7, 9, 0], "pivot": [2.5, 6, -2.5], "rotation": [0, 0, 15], "uv": [0, 25]},
						{"origin": [-7.5, 5.5, -2.6], "size": [7, 9, 0], "pivot": [-2.5, 6, -2.5], "rotation": [0, 0, -15], "uv": [22, 0]},
						{"origin": [-10.5, 4, -0.5], "size": [8, 9, 0], "pivot": [-2.5, 6, -0.5], "rotation": [0, 22.5, 0], "uv": [16, 16]}
					]
				}
			]
		}
	]
}