{
	"format_version": "1.12.0",
	"minecraft:geometry": [
		{
			"description": {
				"identifier": "geometry.unknown",
				"texture_width": 64,
				"texture_height": 64,
				"visible_bounds_width": 3,
				"visible_bounds_height": 2.5,
				"visible_bounds_offset": [0, 0.75, 0]
			},
			"bones": [
				{
					"name": "bone",
					"pivot": [0, 0, 0],
					"cubes": [
						{"origin": [-6, 0.5, -6], "size": [12, 12, 12], "inflate": 0.5, "uv": [0, 0]},
						{"origin": [-6, 0.5, -6], "size": [12, 12, 12], "uv": [0, 24]}
					]
				},
				{
					"name": "bone4",
					"parent": "bone",
					"pivot": [0, 6.5, 0]
				},
				{
					"name": "bone3",
					"parent": "bone4",
					"pivot": [0, 6.5, 0],
					"rotation": [0, -157.5, 0],
					"cubes": [
						{"origin": [6, 5.5, -1], "size": [7, 2, 2], "uv": [10, 34]},
						{"origin": [6, 5, -1.5], "size": [4, 3, 3], "inflate": 0.25, "uv": [9, 33]}
					]
				},
				{
					"name": "bone2",
					"parent": "bone4",
					"pivot": [0, 6.5, 0],
					"rotation": [0, 22.5, 0],
					"cubes": [
						{"origin": [6, 5.5, -1], "size": [7, 2, 2], "uv": [10, 34]},
						{"origin": [6, 5, -1.5], "size": [4, 3, 3], "inflate": 0.25, "uv": [9, 33]}
					]
				},
				{
					"name": "bone5",
					"parent": "bone",
					"pivot": [0, 6.5, 0],
					"rotation": [0, -90, 0]
				},
				{
					"name": "bone6",
					"parent": "bone5",
					"pivot": [0, 6.5, 0],
					"rotation": [0, -112.5, 0],
					"cubes": [
						{"origin": [6, 5.5, -1], "size": [7, 2, 2], "uv": [10, 34]},
						{"origin": [6, 5, -1.5], "size": [4, 3, 3], "inflate": 0.25, "uv": [9, 33]}
					]
				},
				{
					"name": "bone7",
					"parent": "bone5",
					"pivot": [0, 6.5, 0],
					"rotation": [0, 67.5, 0],
					"cubes": [
						{"origin": [6, 5.5, -1], "size": [7, 2, 2], "uv": [10, 34]},
						{"origin": [6, 5, -1.5], "size": [4, 3, 3], "inflate": 0.25, "uv": [9, 33]}
					]
				}
			]
		}
	]
}