{
	"format_version": "1.12.0",
	"minecraft:geometry": [
		{
			"description": {
				"identifier": "geometry.unknown",
				"texture_width": 64,
				"texture_height": 64,
				"visible_bounds_width": 2,
				"visible_bounds_height": 2.5,
				"visible_bounds_offset": [0, 0.75, 0]
			},
			"bones": [
				{
					"name": "bb_main",
					"pivot": [0, 0, 0],
					"cubes": [
						{"origin": [0, 0.925, -6.7], "size": [1, 1, 3], "pivot": [0, -0.075, -5.7], "rotation": [45.55578, -7.92922, -8.00626], "uv": [0, 38]},
						{"origin": [2, 0.925, -6.7], "size": [1, 1, 3], "pivot": [3, -0.075, -5.7], "rotation": [45.55578, 7.92922, 8.00626], "uv": [9, 38]}
					]
				},
				{
					"name": "head",
					"pivot": [1, 1.7, -6.8],
					"rotation": [10.5, 0, 0],
					"cubes": [
						{"origin": [-1, 1.7, -7.8], "size": [5, 4, 4], "uv": [21, 29]},
						{"origin": [2.2, 4.95, -6.75], "size": [2, 4, 0], "pivot": [3.2, 5.45, -6.75], "rotation": [-44.80074, 4.76744, 27.28403], "uv": [42, 4]},
						{"origin": [-1.2, 4.95, -6.75], "size": [2, 4, 0], "pivot": [-0.2, 5.45, -6.75], "rotation": [-44.80074, -4.76744, -27.28403], "uv": [42, 9]},
						{"origin": [0.19631, 2.15494, -8.17262], "size": [1, 1, 2], "pivot": [0.5, 3.20433, -7.29125], "rotation": [45.04593, -0.20933, -24.74917], "uv": [36, 38]},
						{"origin": [1.30108, 2.9619, -7.35145], "size": [1, 1, 2], "pivot": [-0.5, 3.20433, -7.29125], "rotation": [45.04593, 0.20933, 24.74917], "uv": [40, 29]},
						{"origin": [2.14593, 3.53448, -7.80899], "size": [1, 1, 2], "pivot": [2.64593, 4.03448, -6.80899], "rotation": [45.00321, 0.0566, 6.49975], "uv": [40, 33]},
						{"origin": [-0.16521, 3.29644, -8.05122], "size": [1, 1, 2], "pivot": [-2.64593, 4.03448, -6.80899], "rotation": [45.00321, -0.0566, -6.49975], "uv": [42, 0]}
					]
				},
				{
					"name": "bone",
					"pivot": [4.4, 0.25, -2],
					"rotation": [0, 29.5, 0],
					"cubes": [
						{"origin": [0.75203, 1.75209, -7.00033], "size": [4, 3, 6], "pivot": [2.17342, 5, -2.40905], "rotation": [-10.859, -7.42543, -1.86081], "uv": [0, 0]}
					]
				},
				{
					"name": "bone2",
					"parent": "bone",
					"pivot": [1.55, 0.25, 0.85],
					"cubes": [
						{"origin": [-1.92749, 0.06856, -3.31694], "size": [4, 3, 6], "pivot": [1.9, 0.25, 0.75], "rotation": [-27.64424, -41.30582, 10.64885], "uv": [0, 10]}
					]
				},
				{
					"name": "bone3",
					"parent": "bone2",
					"pivot": [1.55, 0.25, 0.85],
					"cubes": [
						{"origin": [-8.02429, 0.04634, -5.00068], "size": [4, 3, 6], "inflate": -0.15, "pivot": [-4.9, 0.25, -1.8], "rotation": [-175.95367, -7.99933, -179.49196], "uv": [21, 0]},
						{"origin": [-13.06589, 0.25, -2.89521], "size": [4, 3, 6], "inflate": -0.01, "pivot": [-7.81301, 1.5, -3.92278], "rotation": [0, 149.25, 0], "uv": [21, 10]},
						{"origin": [-8.76577, 0.25, -7.07616], "size": [4, 3, 4], "pivot": [-4.76577, 1.25, -9.07616], "rotation": [0, 89.75, 0], "uv": [0, 30]},
						{"origin": [-4.14077, 0.25, -9.35116], "size": [4, 2, 6], "pivot": [0.78423, 1.25, -10.37616], "rotation": [0, 60, 0], "uv": [21, 20]},
						{"origin": [-5.25197, -0.26539, -2.05835], "size": [4, 3, 6], "pivot": [-2.225, 0.25, 0.85], "rotation": [-120.76883, -78.82296, 123.27326], "uv": [0, 20]},
						{"origin": [-2.68521, 0.25, -2.55487], "size": [2, 1, 2], "uv": [18, 38]},
						{"origin": [-0.02646, 0, -0.18568], "size": [2, 1, 2], "pivot": [1.55, 0.25, 0.85], "rotation": [0, 36, 0], "uv": [27, 38]}
					]
				},
				{
					"name": "bone4",
					"parent": "bone3",
					"pivot": [1.55, 0.25, 0.85]
				}
			]
		}
	]
}