{
	"format_version": "1.12.0",
	"minecraft:geometry": [
		{
			"description": {
				"identifier": "geometry.unknown",
				"texture_width": 128,
				"texture_height": 128,
				"visible_bounds_width": 3,
				"visible_bounds_height": 2.5,
				"visible_bounds_offset": [0, 0.75, 0]
			},
			"bones": [
				{
					"name": "garganacl_plushie",
					"pivot": [0, 3.45, 3.85],
					"cubes": [
						{"origin": [-1, 5.375, 2.85], "size": [2, 2, 2], "inflate": 0.2, "uv": [31, 67]},
						{"origin": [-1, 8.375, 2.85], "size": [2, 2, 2], "inflate": 0.2, "uv": [0, 68]},
						{"origin": [-0.775, 9.825, 2.625], "size": [1, 1, 0], "uv": [37, 28]},
						{"origin": [-0.225, 9.825, 2.625], "size": [1, 1, 0], "uv": [40, 28]},
						{"origin": [-0.5, 8.7, 2.35], "size": [1, 2, 1], "inflate": -0.2, "uv": [34, 72]},
						{"origin": [0.575, 9.025, 2.35], "size": [1, 1, 1], "inflate": -0.2, "uv": [62, 19]},
						{"origin": [-0.425, 9.075, 4.375], "size": [2, 2, 1], "inflate": -0.2, "uv": [69, 34]},
						{"origin": [0.575, 9.075, 2.775], "size": [1, 2, 2], "inflate": -0.2, "uv": [71, 0]},
						{"origin": [-1.575, 9.075, 4.375], "size": [2, 2, 1], "inflate": -0.2, "uv": [71, 5]},
						{"origin": [-1.575, 9.075, 2.775], "size": [1, 2, 2], "inflate": -0.2, "uv": [27, 72]},
						{"origin": [-1.575, 9.025, 2.35], "size": [1, 1, 1], "inflate": -0.2, "uv": [40, 67]},
						{"origin": [-1, 12.375, 2.85], "size": [2, 6, 2], "uv": [62, 0]},
						{"origin": [-1.5, 3.475, 2.35], "size": [3, 2, 3], "uv": [60, 59]},
						{"origin": [-2, 1.725, 1.675], "size": [4, 2, 4], "uv": [0, 55]},
						{"origin": [1.5, 4.875, -1.65], "size": [7, 3, 11], "uv": [0, 15]},
						{"origin": [1.5, 7.875, 0.35], "size": [5, 3, 7], "uv": [37, 0]},
						{"origin": [1.5, 10.875, 1.85], "size": [3, 3, 4], "uv": [17, 55]},
						{"origin": [-8.5, 4.875, -1.65], "size": [7, 3, 11], "uv": [0, 0]},
						{"origin": [-6.5, 7.875, 0.35], "size": [5, 3, 7], "uv": [37, 11]},
						{"origin": [-4.5, 10.875, 1.85], "size": [3, 3, 4], "uv": [32, 59]},
						{"origin": [-1.5, 10.375, 2.35], "size": [3, 2, 3], "uv": [0, 62]},
						{"origin": [-1.5, 6.45, 2.35], "size": [3, 2, 3], "uv": [37, 22]},
						{"origin": [-1.5, 7.27843, 2.35], "size": [3, 2, 3], "uv": [47, 59]},
						{"origin": [-1.5, 6.86421, 1.35], "size": [3, 2, 2], "pivot": [0, 7.86421, 2.35], "rotation": [45, 0, 0], "uv": [62, 9]},
						{"origin": [-1.5, 6.86421, 4.35], "size": [3, 2, 2], "pivot": [0, 7.86421, 5.35], "rotation": [-45, 0, 0], "uv": [62, 14]}
					]
				},
				{
					"name": "bone",
					"parent": "garganacl_plushie",
					"pivot": [4.56975, 2.125, -1.57097],
					"rotation": [0, -32.75, 0],
					"cubes": [
						{"origin": [3.06975, 0.125, -0.98097], "size": [3, 3, 7], "uv": [1, 44]},
						{"origin": [3.06975, 0.125, 2.01903], "size": [3, 3, 1], "inflate": 0.1, "uv": [69, 19]},
						{"origin": [3.06975, 0.125, -0.93097], "size": [3, 3, 1], "inflate": 0.1, "uv": [69, 24]},
						{"origin": [2.56975, -0.375, -8.98097], "size": [4, 4, 8], "uv": [0, 30]},
						{"origin": [2.56975, 3.625, -8.98097], "size": [4, 1, 2], "uv": [50, 38]}
					]
				},
				{
					"name": "bone3",
					"parent": "garganacl_plushie",
					"pivot": [9.62024, 2.34858, 4.65958],
					"rotation": [0, -10.75, 0],
					"cubes": [
						{"origin": [1.65627, 1.90586, 3.65403], "size": [6, 3, 3], "pivot": [5.62975, 3.125, 5.15403], "rotation": [0, 0, 41.5], "uv": [50, 31]},
						{"origin": [3.65627, 1.90586, 3.65403], "size": [1, 3, 3], "inflate": 0.1, "pivot": [5.62975, 3.125, 5.15403], "rotation": [0, 0, 41.5], "uv": [13, 63]},
						{"origin": [5.82975, -0.1, 3.15403], "size": [6, 4, 4], "uv": [46, 43]},
						{"origin": [10.72359, 1.53391, 3.22903], "size": [3, 2, 2], "pivot": [12.20873, 1.74721, 4.38172], "rotation": [0, 0, 7], "uv": [63, 38]},
						{"origin": [12.8167, 2.00939, 3.22903], "size": [2, 2, 2], "inflate": 0.01, "pivot": [12.20873, 1.74721, 4.38172], "rotation": [0, 0, 32.25], "uv": [9, 70]},
						{"origin": [10.20503, 2.85754, 2.1818], "size": [3, 2, 2], "pivot": [12.20873, 1.74721, 4.38172], "rotation": [85.2079, 36.45867, 27.33093], "uv": [47, 65]},
						{"origin": [11.78307, 2.98535, 2.1818], "size": [2, 2, 2], "inflate": 0.01, "pivot": [12.20873, 1.74721, 4.38172], "rotation": [86.07139, 11.27873, 29.41337], "uv": [40, 70]},
						{"origin": [10.7969, 1.51009, 5.4223], "size": [3, 2, 2], "pivot": [12.20873, 1.74721, 4.38172], "rotation": [3.83846, -11.64183, 6.60854], "uv": [67, 43]},
						{"origin": [12.89317, 2.01912, 5.4223], "size": [2, 2, 2], "inflate": 0.01, "pivot": [12.20873, 1.74721, 4.38172], "rotation": [-1.56954, -12.15056, 32.41706], "uv": [18, 70]}
					]
				},
				{
					"name": "bone4",
					"parent": "garganacl_plushie",
					"pivot": [-9.62024, 2.34858, 4.65958],
					"rotation": [0, 10.75, 0],
					"cubes": [
						{"origin": [-7.65627, 1.90586, 3.65403], "size": [6, 3, 3], "pivot": [-5.62975, 3.125, 5.15403], "rotation": [0, 0, -41.5], "uv": [46, 52]},
						{"origin": [-4.65627, 1.90586, 3.65403], "size": [1, 3, 3], "inflate": 0.1, "pivot": [-5.62975, 3.125, 5.15403], "rotation": [0, 0, -41.5], "uv": [22, 63]},
						{"origin": [-11.82975, -0.1, 3.15403], "size": [6, 4, 4], "uv": [49, 22]},
						{"origin": [-13.72359, 1.53391, 3.22903], "size": [3, 2, 2], "pivot": [-12.20873, 1.74721, 4.38172], "rotation": [0, 0, -7], "uv": [67, 48]},
						{"origin": [-14.8167, 2.00939, 3.22903], "size": [2, 2, 2], "inflate": 0.01, "pivot": [-12.20873, 1.74721, 4.38172], "rotation": [0, 0, -32.25], "uv": [49, 70]},
						{"origin": [-13.20503, 2.85754, 2.1818], "size": [3, 2, 2], "pivot": [-12.20873, 1.74721, 4.38172], "rotation": [85.2079, -36.45867, -27.33093], "uv": [65, 53]},
						{"origin": [-13.78307, 2.98535, 2.1818], "size": [2, 2, 2], "inflate": 0.01, "pivot": [-12.20873, 1.74721, 4.38172], "rotation": [86.07139, -11.27873, -29.41337], "uv": [58, 70]},
						{"origin": [-13.7969, 1.51009, 5.4223], "size": [3, 2, 2], "pivot": [-12.20873, 1.74721, 4.38172], "rotation": [3.83846, 11.64183, -6.60854], "uv": [58, 65]},
						{"origin": [-14.89317, 2.01912, 5.4223], "size": [2, 2, 2], "inflate": 0.01, "pivot": [-12.20873, 1.74721, 4.38172], "rotation": [-1.56954, 12.15056, -32.41706], "uv": [67, 70]}
					]
				},
				{
					"name": "bone2",
					"parent": "garganacl_plushie",
					"pivot": [-4.56975, 2.125, -1.57097],
					"rotation": [0, 32.75, 0],
					"cubes": [
						{"origin": [-6.06975, 0.125, -0.98097], "size": [3, 3, 7], "uv": [24, 44]},
						{"origin": [-6.06975, 0.125, 2.01903], "size": [3, 3, 1], "inflate": 0.1, "uv": [69, 29]},
						{"origin": [-6.06975, 0.125, -0.93097], "size": [3, 3, 1], "inflate": 0.1, "uv": [69, 65]},
						{"origin": [-6.56975, -0.375, -8.98097], "size": [4, 4, 8], "uv": [25, 30]},
						{"origin": [-6.56975, 3.625, -8.98097], "size": [4, 1, 2], "uv": [32, 55]}
					]
				}
			]
		}
	]
}