{
	"format_version": "1.12.0",
	"minecraft:geometry": [
		{
			"description": {
				"identifier": "geometry.gengar_plushie",
				"texture_width": 64,
				"texture_height": 64,
				"visible_bounds_width": 3,
				"visible_bounds_height": 2.5,
				"visible_bounds_offset": [0, 0.75, 0]
			},
			"bones": [
				{
					"name": "bb_main",
					"pivot": [0, 0, 0],
					"cubes": [
						{"origin": [-4, 0, -3], "size": [8, 10, 8], "pivot": [0, 0, 0], "rotation": [-7.5, 0, 0], "uv": [0, 0]},
						{"origin": [-4, 0, -5], "size": [3, 3, 4], "pivot": [0, 0, 0], "rotation": [-0.11435, 9.91358, -1.31845], "uv": [8, 28]},
						{"origin": [1, 0, -5], "size": [3, 3, 4], "pivot": [0, 0, 0], "rotation": [-0.11435, -9.91358, 1.31845], "uv": [30, 14]},
						{"origin": [-8, 4.79028, -0.19973], "size": [4, 3, 3], "pivot": [-4, 6, 2], "rotation": [-24.08254, -30.50812, 31.70754], "uv": [24, 0]},
						{"origin": [4, 4.79028, -0.19973], "size": [4, 3, 3], "pivot": [4, 6, 2], "rotation": [-24.08254, 30.50812, -31.70754], "uv": [28, 25]},
						{"origin": [0, 2, -3], "size": [0, 10, 11], "pivot": [0, 0, 0], "rotation": [-7.5, 0, 0], "uv": [0, 7]},
						{"origin": [3.40141, 8.33149, 0.59892], "size": [0, 5, 4], "pivot": [3, 9, 2], "rotation": [-114.633, -58.31907, 141.10726], "uv": [30, 27]},
						{"origin": [-3.40141, 8.33149, 0.59892], "size": [0, 5, 4], "pivot": [-3, 9, 2], "rotation": [-114.633, 58.31907, -141.10726], "uv": [30, 27]},
						{"origin": [2, 1.39014, 3.69541], "size": [0, 10, 4], "pivot": [2, 5, 5], "rotation": [-8.26511, 24.77164, -3.48303], "uv": [22, 14]},
						{"origin": [-2, 1.39014, 3.69541], "size": [0, 10, 4], "pivot": [-2, 5, 5], "rotation": [-8.26511, -24.77164, 3.48303], "uv": [22, 14]},
						{"origin": [-2, -0.5221, 4.03422], "size": [4, 4, 3], "uv": [37, 51]},
						{"origin": [-1, -0.5221, 7.03422], "size": [2, 2, 1], "uv": [17, 59]},
						{"origin": [-3.4, 4.5, -3.01], "size": [2, 1, 0], "pivot": [0, 0, 0], "rotation": [-7.5, 0, 0], "uv": [13, 13]},
						{"origin": [1.4, 4.5, -3.01], "size": [2, 1, 0], "pivot": [0, 0, 0], "rotation": [-7.5, 0, 0], "uv": [13, 13], "mirror": true}
					]
				}
			]
		}
	]
}