{
	"format_version": "1.12.0",
	"minecraft:geometry": [
		{
			"description": {
				"identifier": "geometry.unknown",
				"texture_width": 128,
				"texture_height": 128,
				"visible_bounds_width": 4,
				"visible_bounds_height": 2.5,
				"visible_bounds_offset": [0, 0.75, 0]
			},
			"bones": [
				{
					"name": "bone",
					"pivot": [0, 0, 0],
					"cubes": [
						{"origin": [-3.5, 0, -3], "size": [7, 6, 8], "uv": [0, 0]},
						{"origin": [-3, 1.35495, -6.62398], "size": [6, 6, 6], "pivot": [0, 3.85495, -3.62398], "rotation": [-41, 0, 0], "uv": [0, 15]},
						{"origin": [-3, 0.00495, 2.12398], "size": [6, 6, 6], "pivot": [0, 3.85495, 3.62398], "rotation": [41, 0, 0], "uv": [25, 15]},
						{"origin": [-2.5, 4.66216, -8.3273], "size": [5, 5, 6], "pivot": [-0.5, 7.16216, -5.3273], "rotation": [-84.5, 0, 0], "uv": [0, 28]},
						{"origin": [2.425, 4.68716, -5.5773], "size": [3, 2, 2], "pivot": [5.25, 5.33716, -4.5773], "rotation": [0.18641, -2.24227, -4.75365], "uv": [78, 19]},
						{"origin": [5.425, 5.18716, -5.0773], "size": [2, 1, 1], "inflate": 0.1, "pivot": [5.25, 5.33716, -4.5773], "rotation": [0.18641, -2.24227, -4.75365], "uv": [0, 84]},
						{"origin": [1.425, 7.63716, 6.8227], "size": [3, 2, 2], "pivot": [4.175, 6.58716, 6.7477], "rotation": [0, -8.5, -8.5], "uv": [50, 78]},
						{"origin": [4.425, 8.13716, 7.3227], "size": [2, 1, 1], "inflate": 0.1, "pivot": [4.175, 6.58716, 6.7477], "rotation": [0, -8.5, -8.5], "uv": [7, 84]},
						{"origin": [1.425, 12.36216, 9.0477], "size": [3, 2, 2], "pivot": [4.175, 6.58716, 6.7477], "rotation": [0, -8.5, -8.5], "uv": [61, 78]},
						{"origin": [4.075, 12.86216, 9.5477], "size": [2, 1, 1], "inflate": 0.1, "pivot": [4.175, 6.58716, 6.7477], "rotation": [0, -8.5, -8.5], "uv": [14, 84]},
						{"origin": [3.2131, 2.22371, -1.46989], "size": [3, 2, 2], "pivot": [5.9756, 3.22371, -0.46989], "rotation": [2.00305, 5.36389, -8.06032], "uv": [78, 24]},
						{"origin": [5.7381, 2.72371, -0.96989], "size": [3, 1, 1], "inflate": 0.1, "pivot": [5.9756, 3.22371, -0.46989], "rotation": [2.00305, 5.36389, -8.06032], "uv": [80, 5]},
						{"origin": [2.44327, 2.50986, 2.41154], "size": [3, 2, 2], "pivot": [5.20577, 3.50986, 3.41154], "rotation": [3.29736, -3.79532, -8.04254], "uv": [39, 78]},
						{"origin": [4.96827, 3.00986, 2.91154], "size": [3, 1, 1], "inflate": 0.1, "pivot": [5.20577, 3.50986, 3.41154], "rotation": [3.29736, -3.79532, -8.04254], "uv": [80, 8]},
						{"origin": [-5.425, 4.68716, -5.5773], "size": [3, 2, 2], "pivot": [-5.25, 5.33716, -4.5773], "rotation": [0.18641, 2.24227, 4.75365], "uv": [80, 0]},
						{"origin": [-7.425, 5.18716, -5.0773], "size": [2, 1, 1], "inflate": 0.1, "pivot": [-5.25, 5.33716, -4.5773], "rotation": [0.18641, 2.24227, 4.75365], "uv": [85, 29]},
						{"origin": [-6.2131, 2.22371, -1.46989], "size": [3, 2, 2], "pivot": [-5.9756, 3.22371, -0.46989], "rotation": [2.00305, -5.36389, 8.06032], "uv": [22, 79]},
						{"origin": [-8.7381, 2.72371, -0.96989], "size": [3, 1, 1], "inflate": 0.1, "pivot": [-5.9756, 3.22371, -0.46989], "rotation": [2.00305, -5.36389, 8.06032], "uv": [80, 58]},
						{"origin": [-5.44327, 2.50986, 2.41154], "size": [3, 2, 2], "pivot": [-5.20577, 3.50986, 3.41154], "rotation": [3.29736, 3.79532, 8.04254], "uv": [11, 79]},
						{"origin": [-7.96827, 3.00986, 2.91154], "size": [3, 1, 1], "inflate": 0.1, "pivot": [-5.20577, 3.50986, 3.41154], "rotation": [3.29736, 3.79532, 8.04254], "uv": [80, 11]},
						{"origin": [-4.425, 7.63716, 6.8227], "size": [3, 2, 2], "pivot": [-4.175, 6.58716, 6.7477], "rotation": [0, 8.5, 8.5], "uv": [0, 79]},
						{"origin": [-6.425, 8.13716, 7.3227], "size": [2, 1, 1], "inflate": 0.1, "pivot": [-4.175, 6.58716, 6.7477], "rotation": [0, 8.5, 8.5], "uv": [82, 84]},
						{"origin": [-4.425, 12.36216, 9.0477], "size": [3, 2, 2], "pivot": [-4.175, 6.58716, 6.7477], "rotation": [0, 8.5, 8.5], "uv": [72, 78]},
						{"origin": [-6.075, 12.86216, 9.5477], "size": [2, 1, 1], "inflate": 0.1, "pivot": [-4.175, 6.58716, 6.7477], "rotation": [0, 8.5, 8.5], "uv": [21, 84]},
						{"origin": [-2.5, 2.71216, 2.5023], "size": [5, 5, 6], "pivot": [-0.5, 7.16216, 5.3273], "rotation": [84.5, 0, 0], "uv": [23, 28]},
						{"origin": [-2, 9.02793, 5.08318], "size": [4, 4, 5], "pivot": [0, 11.80293, 7.73318], "rotation": [58.25, 0, 0], "uv": [38, 40]},
						{"origin": [-1.5, 10.45293, 9.33318], "size": [3, 3, 4], "pivot": [0, 11.80293, 7.73318], "rotation": [33, 0, 0], "uv": [50, 16]},
						{"origin": [-1, 14.44031, 11.61971], "size": [2, 2, 4], "pivot": [0, 16.34031, 14.44471], "rotation": [8, 0, 0], "uv": [28, 58]},
						{"origin": [-2, 10.63661, -7.82508], "size": [4, 4, 5], "pivot": [0, 12.63661, -5.82508], "rotation": [-93.75, 0, 0], "uv": [0, 40]},
						{"origin": [-3, 11.07335, -5.94262], "size": [6, 4, 2], "pivot": [0, 13.42335, -4.94262], "rotation": [-70.25, 0, 0], "uv": [50, 9]},
						{"origin": [0.75, 10.07335, -5.44262], "size": [2, 1, 1], "pivot": [0, 13.42335, -4.94262], "rotation": [-70.25, 0, 0], "uv": [68, 83]},
						{"origin": [-2.75, 10.07335, -5.44262], "size": [2, 1, 1], "pivot": [0, 13.42335, -4.94262], "rotation": [-70.25, 0, 0], "uv": [83, 72]},
						{"origin": [1, 9.47335, -2.51762], "size": [2, 1, 1], "pivot": [0, 13.42335, -4.94262], "rotation": [-87.75, 0, 0], "uv": [83, 75]},
						{"origin": [-3, 9.47335, -2.51762], "size": [2, 1, 1], "pivot": [0, 13.42335, -4.94262], "rotation": [-87.75, 0, 0], "uv": [75, 83]},
						{"origin": [-3.5, 10.34835, -3.01762], "size": [7, 5, 2], "inflate": -0.1, "pivot": [0, 13.42335, -4.94262], "rotation": [-87.75, 0, 0], "uv": [46, 28]},
						{"origin": [1, 8.87405, -4.80128], "size": [2, 1, 1], "pivot": [0, 10.42405, -6.77628], "rotation": [-96.25, 0, 0], "uv": [83, 81]},
						{"origin": [-3, 8.87405, -4.80128], "size": [2, 1, 1], "pivot": [0, 10.42405, -6.77628], "rotation": [-96.25, 0, 0], "uv": [83, 78]},
						{"origin": [-3.5, 9.87405, -5.30128], "size": [7, 5, 2], "inflate": 0.1, "pivot": [0, 10.42405, -6.77628], "rotation": [-96.25, 0, 0], "uv": [0, 50]},
						{"origin": [-2, 12.5345, -9.24995], "size": [4, 4, 5], "inflate": -0.1, "pivot": [0, 14.5345, -6.74995], "rotation": [-39.25, 0, 0], "uv": [19, 40]},
						{"origin": [-2, 14.7095, -11.29995], "size": [5, 3, 5], "pivot": [0, 16.2095, -9.29995], "rotation": [0, -45, 0], "uv": [31, 0]},
						{"origin": [-1.39654, 16.3595, -11.76719], "size": [0, 1, 2], "pivot": [-1.39654, 16.8595, -10.76719], "rotation": [8.75, -45, 0], "uv": [59, 24]},
						{"origin": [-2.05, 16.5595, -10.02495], "size": [0, 1, 1], "pivot": [0, 16.2095, -9.29995], "rotation": [0, -45, 0], "uv": [5, 87]},
						{"origin": [2.05, 16.5595, -10.02495], "size": [0, 1, 1], "pivot": [0, 16.2095, -9.29995], "rotation": [0, 45, 0], "uv": [8, 87]},
						{"origin": [1.39654, 16.3595, -11.76719], "size": [0, 1, 2], "pivot": [1.39654, 16.8595, -10.76719], "rotation": [8.25, 45, 0], "uv": [33, 79]},
						{"origin": [-2.08232, 17.0095, -11.37495], "size": [1, 1, 5], "pivot": [0.01768, 16.4845, -9.29995], "rotation": [0, -45, 0], "uv": [15, 58]},
						{"origin": [-0.5, 16.10273, -11.96256], "size": [1, 1, 1], "pivot": [0, 16.60273, -11.46256], "rotation": [10.19902, -44.54373, -7.19265], "uv": [61, 86]},
						{"origin": [-0.5, 17.26525, -10.93818], "size": [1, 1, 1], "pivot": [0, 17.76525, -10.63818], "rotation": [-51.33588, 37.98349, 26.21672], "uv": [66, 86]},
						{"origin": [-1.08232, 17.0095, -11.37495], "size": [4, 1, 1], "pivot": [0.01768, 16.4845, -9.29995], "rotation": [0, -45, 0], "uv": [46, 36]},
						{"origin": [1.47413, 17.87725, -9.36939], "size": [2, 1, 1], "pivot": [2.47413, 18.55225, -9.06939], "rotation": [-18.75, -45, 0], "uv": [80, 69]},
						{"origin": [2.47413, 18.87725, -9.36939], "size": [1, 1, 1], "pivot": [2.47413, 18.55225, -9.06939], "rotation": [-18.75, -45, 0], "uv": [71, 86]},
						{"origin": [-3.47413, 17.87725, -9.36939], "size": [2, 1, 1], "pivot": [-2.47413, 18.55225, -9.06939], "rotation": [-18.75, 45, 0], "uv": [61, 83]},
						{"origin": [-3.47413, 18.87725, -9.36939], "size": [1, 1, 1], "pivot": [-2.47413, 18.55225, -9.06939], "rotation": [-18.75, 45, 0], "uv": [76, 86]},
						{"origin": [-3.86449, 14.9595, -13.0119], "size": [1, 1, 2], "pivot": [-2.43439, 15.9061, -8.72519], "rotation": [11.24131, -44.44508, -7.92314], "uv": [65, 30]},
						{"origin": [-3.82223, 14.4595, -10.01447], "size": [2, 2, 3], "pivot": [-2.45939, 15.9061, -8.60019], "rotation": [13.29368, -52.75301, -10.65185], "uv": [31, 9]},
						{"origin": [-4.51963, 14.41717, -8.54554], "size": [3, 2, 2], "pivot": [-2.45939, 15.9061, -8.60019], "rotation": [19.99159, -13.86102, -1.98735], "uv": [77, 49]},
						{"origin": [-4.06069, 15.02078, -6.86449], "size": [2, 1, 2], "inflate": 0.2, "pivot": [-2.45939, 15.9061, -8.60019], "rotation": [20.84505, -21.12564, -4.82034], "uv": [50, 24]},
						{"origin": [-2.91682, 15.02078, -4.77601], "size": [1, 1, 1], "pivot": [-2.45939, 15.9061, -8.60019], "rotation": [23.49628, -33.63904, -10.54673], "uv": [85, 32]},
						{"origin": [-2.89869, 14.4595, -11.76928], "size": [1, 2, 2], "inflate": -0.1, "pivot": [-2.45939, 15.9061, -8.60019], "rotation": [8.49292, -19.54993, -2.86059], "uv": [42, 9]},
						{"origin": [2.86449, 14.9595, -13.0119], "size": [1, 1, 2], "pivot": [2.43439, 15.9061, -8.72519], "rotation": [11.24131, 44.44508, 7.92314], "uv": [80, 61]},
						{"origin": [1.89869, 14.4595, -11.76928], "size": [1, 2, 2], "inflate": -0.1, "pivot": [2.45939, 15.9061, -8.60019], "rotation": [8.49292, 19.54993, 2.86059], "uv": [57, 44]},
						{"origin": [1.82223, 14.4595, -10.01447], "size": [2, 2, 3], "pivot": [2.45939, 15.9061, -8.60019], "rotation": [13.29368, 52.75301, 10.65185], "uv": [72, 37]},
						{"origin": [1.51963, 14.41717, -8.54554], "size": [3, 2, 2], "pivot": [2.45939, 15.9061, -8.60019], "rotation": [19.99159, 13.86102, 1.98735], "uv": [78, 14]},
						{"origin": [2.06069, 15.02078, -6.86449], "size": [2, 1, 2], "inflate": 0.2, "pivot": [2.45939, 15.9061, -8.60019], "rotation": [20.84505, 21.12564, 4.82034], "uv": [77, 54]},
						{"origin": [1.91682, 15.02078, -4.77601], "size": [1, 1, 1], "pivot": [2.45939, 15.9061, -8.60019], "rotation": [23.49628, 33.63904, 10.54673], "uv": [0, 87]},
						{"origin": [-0.5, 14.9595, -12.77495], "size": [1, 1, 1], "inflate": 0.001, "pivot": [-2.45939, 15.9061, -8.72519], "rotation": [8, 0, 0], "uv": [28, 84]},
						{"origin": [-0.5, 14.21269, -13.14409], "size": [1, 1, 1], "inflate": -0.1, "pivot": [0, 14.68769, -12.74409], "rotation": [45, 0, 0], "uv": [86, 54]}
					]
				},
				{
					"name": "bone4",
					"parent": "bone",
					"pivot": [7.88118, 9.41747, 2.99456],
					"rotation": [-5.25, 0, 0],
					"cubes": [
						{"origin": [6.25591, 7.76374, -7.43778], "size": [2, 2, 5], "inflate": -0.01, "pivot": [7.93035, 9.45001, 2.58939], "rotation": [3.74246, 41.37858, 5.97621], "uv": [19, 50]},
						{"origin": [6.55903, 9.87972, -2.78538], "size": [2, 2, 3], "pivot": [7.93035, 9.45001, 2.58939], "rotation": [26.04018, 44.86268, 5.61962], "uv": [39, 72]},
						{"origin": [8.35042, 7.90041, -1.41758], "size": [2, 2, 4], "inflate": 0.01, "pivot": [9.94659, 9.61141, 4.8997], "rotation": [0.24246, 41.37858, 13.22621], "uv": [41, 58]},
						{"origin": [8.54508, 9.13223, 1.98793], "size": [2, 2, 4], "inflate": 0.02, "pivot": [9.94659, 9.61141, 4.8997], "rotation": [25.36427, 46.10646, 12.72729], "uv": [54, 58]},
						{"origin": [8.57301, 9.47936, 4.70447], "size": [2, 2, 4], "inflate": 0.03, "pivot": [9.94659, 9.61141, 4.8997], "rotation": [-12.78624, 54.67651, 9.94395], "uv": [64, 44]},
						{"origin": [9.07301, 9.97936, 8.20447], "size": [1, 1, 2], "pivot": [9.94659, 9.61141, 4.8997], "rotation": [-12.78624, 54.67651, 9.94395], "uv": [80, 65]}
					]
				},
				{
					"name": "bone7",
					"parent": "bone",
					"pivot": [-7.88118, 9.41747, 2.99456],
					"rotation": [-5.25, 0, 0],
					"cubes": [
						{"origin": [-8.25591, 7.76374, -7.43778], "size": [2, 2, 5], "inflate": -0.01, "pivot": [-7.93035, 9.45001, 2.58939], "rotation": [3.74246, -41.37858, -5.97621], "uv": [0, 58]},
						{"origin": [-8.55903, 9.87972, -2.78538], "size": [2, 2, 3], "pivot": [-7.93035, 9.45001, 2.58939], "rotation": [26.04018, -44.86268, -5.61962], "uv": [77, 43]},
						{"origin": [-10.35042, 7.90041, -1.41758], "size": [2, 2, 4], "inflate": 0.01, "pivot": [-9.94659, 9.61141, 4.8997], "rotation": [0.24246, -41.37858, -13.22621], "uv": [13, 72]},
						{"origin": [-10.54508, 9.13223, 1.98793], "size": [2, 2, 4], "inflate": 0.02, "pivot": [-9.94659, 9.61141, 4.8997], "rotation": [25.36427, -46.10646, -12.72729], "uv": [26, 72]},
						{"origin": [-10.57301, 9.47936, 4.70447], "size": [2, 2, 4], "inflate": 0.03, "pivot": [-9.94659, 9.61141, 4.8997], "rotation": [-12.78624, -54.67651, -9.94395], "uv": [72, 30]},
						{"origin": [-10.07301, 9.97936, 8.20447], "size": [1, 1, 2], "pivot": [-9.94659, 9.61141, 4.8997], "rotation": [-12.78624, -54.67651, -9.94395], "uv": [54, 83]}
					]
				},
				{
					"name": "bone2",
					"parent": "bone",
					"pivot": [7.30765, 18.53138, 0.83586],
					"cubes": [
						{"origin": [5.6654, 16.63848, -9.17431], "size": [2, 2, 5], "inflate": -0.01, "pivot": [7.30765, 18.53138, 0.83586], "rotation": [15.06699, 46.96095, -7.71069], "uv": [49, 50]},
						{"origin": [5.96571, 18.76278, -4.6008], "size": [2, 2, 3], "pivot": [7.30765, 18.53138, 0.83586], "rotation": [38.12292, 50.42545, -7.02629], "uv": [61, 72]},
						{"origin": [5.59203, 17.83716, -2.25748], "size": [2, 2, 4], "inflate": 0.01, "pivot": [7.14211, 18.90944, 0.93543], "rotation": [20.69013, 44.21833, -3.86849], "uv": [41, 65]},
						{"origin": [5.53311, 17.66679, 1.11329], "size": [2, 2, 4], "inflate": 0.02, "pivot": [7.14211, 18.90944, 0.93543], "rotation": [47.61733, 48.75357, -1.85677], "uv": [28, 65]},
						{"origin": [5.11495, 19.97577, 3.62264], "size": [2, 2, 4], "inflate": 0.03, "pivot": [7.14211, 18.90944, 0.93543], "rotation": [14.22047, 57.2851, 1.39255], "uv": [65, 23]},
						{"origin": [5.61495, 20.47577, 7.12264], "size": [1, 1, 2], "pivot": [7.14211, 18.90944, 0.93543], "rotation": [14.22047, 57.2851, 1.39255], "uv": [83, 37]}
					]
				},
				{
					"name": "bone5",
					"parent": "bone",
					"pivot": [-7.30765, 18.53138, 0.83586],
					"cubes": [
						{"origin": [-7.6654, 16.63848, -9.17431], "size": [2, 2, 5], "inflate": -0.01, "pivot": [-7.30765, 18.53138, 0.83586], "rotation": [15.06699, -46.96095, 7.71069], "uv": [52, 0]},
						{"origin": [-7.96571, 18.76278, -4.6008], "size": [2, 2, 3], "pivot": [-7.30765, 18.53138, 0.83586], "rotation": [38.12292, -50.42545, 7.02629], "uv": [72, 72]},
						{"origin": [-7.59203, 17.83716, -2.25748], "size": [2, 2, 4], "inflate": 0.01, "pivot": [-7.14211, 18.90944, 0.93543], "rotation": [20.69013, -44.21833, 3.86849], "uv": [54, 65]},
						{"origin": [-7.53311, 17.66679, 1.11329], "size": [2, 2, 4], "inflate": 0.02, "pivot": [-7.14211, 18.90944, 0.93543], "rotation": [47.61733, -48.75357, 1.85677], "uv": [0, 66]},
						{"origin": [-7.11495, 19.97577, 3.62264], "size": [2, 2, 4], "inflate": 0.03, "pivot": [-7.14211, 18.90944, 0.93543], "rotation": [14.22047, -57.2851, -1.39255], "uv": [67, 0]},
						{"origin": [-6.61495, 20.47577, 7.12264], "size": [1, 1, 2], "pivot": [-7.14211, 18.90944, 0.93543], "rotation": [14.22047, -57.2851, -1.39255], "uv": [40, 83]}
					]
				},
				{
					"name": "bone3",
					"parent": "bone",
					"pivot": [9.98373, 14.33547, 1.32557],
					"rotation": [0, 5.5, 0],
					"cubes": [
						{"origin": [2.9443, 11.16161, -5.45067], "size": [2, 2, 5], "inflate": -0.01, "pivot": [1.9943, 12.63661, -2.60067], "rotation": [4.10695, 47.12267, -5.01913], "uv": [34, 50]},
						{"origin": [9.33344, 15.69037, -5.91268], "size": [2, 2, 3], "pivot": [10.63139, 14.8427, 1.89413], "rotation": [26.37473, 50.60829, -5.38248], "uv": [50, 72]},
						{"origin": [8.38656, 13.21536, -3.36885], "size": [2, 2, 4], "inflate": 0.01, "pivot": [9.98373, 14.33547, 1.32557], "rotation": [0.60695, 47.12267, -5.01913], "uv": [65, 16]},
						{"origin": [8.45124, 13.69467, 0.12831], "size": [2, 2, 4], "inflate": 0.02, "pivot": [9.98373, 14.33547, 1.32557], "rotation": [25.68492, 51.85263, -5.53049], "uv": [15, 65]},
						{"origin": [8.25524, 15.08043, 2.57523], "size": [2, 2, 4], "inflate": 0.03, "pivot": [9.98373, 14.33547, 1.32557], "rotation": [-12.94986, 60.42585, -8.69429], "uv": [64, 51]},
						{"origin": [8.75524, 15.58043, 6.07523], "size": [1, 1, 2], "pivot": [9.98373, 14.33547, 1.32557], "rotation": [-12.94986, 60.42585, -8.69429], "uv": [33, 83]}
					]
				},
				{
					"name": "bone6",
					"parent": "bone",
					"pivot": [-9.98373, 14.33547, 1.32557],
					"rotation": [0, -5.5, 0],
					"cubes": [
						{"origin": [-4.9443, 11.16161, -5.45067], "size": [2, 2, 5], "inflate": -0.01, "pivot": [-1.9943, 12.63661, -2.60067], "rotation": [4.10695, -47.12267, 5.01913], "uv": [57, 36]},
						{"origin": [-11.33344, 15.69037, -5.91268], "size": [2, 2, 3], "pivot": [-10.63139, 14.8427, 1.89413], "rotation": [26.37473, -50.60829, 5.38248], "uv": [0, 73]},
						{"origin": [-10.38656, 13.21536, -3.36885], "size": [2, 2, 4], "inflate": 0.01, "pivot": [-9.98373, 14.33547, 1.32557], "rotation": [0.60695, -47.12267, 5.01913], "uv": [67, 7]},
						{"origin": [-10.45124, 13.69467, 0.12831], "size": [2, 2, 4], "inflate": 0.02, "pivot": [-9.98373, 14.33547, 1.32557], "rotation": [25.68492, -51.85263, 5.53049], "uv": [67, 58]},
						{"origin": [-10.25524, 15.08043, 2.57523], "size": [2, 2, 4], "inflate": 0.03, "pivot": [-9.98373, 14.33547, 1.32557], "rotation": [-12.94986, -60.42585, 8.69429], "uv": [67, 65]},
						{"origin": [-9.75524, 15.58043, 6.07523], "size": [1, 1, 2], "pivot": [-9.98373, 14.33547, 1.32557], "rotation": [-12.94986, -60.42585, 8.69429], "uv": [47, 83]}
					]
				}
			]
		}
	]
}