{
	"format_version": "1.12.0",
	"minecraft:geometry": [
		{
			"description": {
				"identifier": "geometry.unknown",
				"texture_width": 64,
				"texture_height": 64,
				"visible_bounds_width": 3,
				"visible_bounds_height": 2.5,
				"visible_bounds_offset": [0, 0.75, 0]
			},
			"bones": [
				{
					"name": "glaceon_plushie",
					"pivot": [0.90824, 0, 1.33804],
					"rotation": [0, 19.25, 0],
					"cubes": [
						{"origin": [-2.625, 1, -4.35], "size": [4, 4, 9], "uv": [0, 0]},
						{"origin": [-1.125, 5.025, -0.6], "size": [2, 0, 2], "pivot": [-1.125, 5, 0.15], "rotation": [0, -45, 0], "uv": [-2, 49]},
						{"origin": [-3.625, 5.025, -3.1], "size": [2, 0, 2], "pivot": [-1.125, 5, 0.15], "rotation": [0, -45, 0], "uv": [-2, 49]},
						{"origin": [0.875, 1.5, 1.3], "size": [2, 4, 3], "pivot": [2.375, 3.175, 2.95], "rotation": [-51.27608, -10.21043, -8.08964], "uv": [26, 27]},
						{"origin": [0.625, 0.875, 3.175], "size": [2, 5, 2], "pivot": [2.375, 3.175, 2.95], "rotation": [-99.52608, -10.21043, -8.08964], "uv": [0, 31]},
						{"origin": [1.14351, -0.87231, 2.40615], "size": [2, 4, 1], "pivot": [1.99351, 0.62769, 2.80615], "rotation": [-84.62624, -10.97547, -0.7549], "uv": [7, 43]},
						{"origin": [-4.125, 1.5, 1.3], "size": [2, 4, 3], "pivot": [-3.625, 3.175, 2.95], "rotation": [-51.27608, 10.21043, 8.08964], "uv": [15, 27]},
						{"origin": [-3.875, 0.875, 3.175], "size": [2, 5, 2], "pivot": [-3.625, 3.175, 2.95], "rotation": [-99.52608, 10.21043, 8.08964], "uv": [0, 0]},
						{"origin": [-4.31851, -0.87231, 2.40615], "size": [2, 4, 1], "pivot": [-3.24351, 0.62769, 2.80615], "rotation": [-84.62624, 10.97547, 0.7549], "uv": [0, 42]},
						{"origin": [2.98034, 0, -4.64051], "size": [2, 2, 2], "pivot": [1.60036, 4.31989, -5.77592], "rotation": [0, -19.5, 0], "uv": [40, 10]},
						{"origin": [2.95701, -0.17462, -6.80314], "size": [2, 2, 2], "pivot": [1.60036, 4.31989, -5.77592], "rotation": [15.96252, -8.94236, 3.19114], "uv": [17, 38]},
						{"origin": [3.83217, -0.27795, -4.57751], "size": [2, 2, 3], "pivot": [1.60036, 4.31989, -5.77592], "rotation": [10, -39.75, 0], "uv": [34, 24]},
						{"origin": [-3.17626, 0, -5.86677], "size": [2, 2, 2], "pivot": [-1.86837, 1.03098, -4.74311], "rotation": [0, -20.25, 0], "uv": [40, 0]},
						{"origin": [-3.28532, 0.17033, -7.64079], "size": [2, 2, 2], "pivot": [-1.86837, 1.03098, -4.74311], "rotation": [10.91083, -25.40878, -1.05777], "uv": [16, 14]},
						{"origin": [-3.38847, -0.08182, -4.36928], "size": [2, 2, 3], "pivot": [-1.86837, 1.03098, -4.74311], "rotation": [10, 2.5, 0], "uv": [29, 0]},
						{"origin": [4.24206, 2.72553, 2.17305], "size": [2, 1, 3], "inflate": 0.01, "pivot": [4.77332, 3.88907, 6.59835], "rotation": [73.87366, -20.95741, 98.09768], "uv": [6, 38]},
						{"origin": [5.27008, 1.00158, 1.58569], "size": [2, 1, 3], "inflate": 0.01, "pivot": [4.3366, 4.01776, 6.28305], "rotation": [19.24864, -30.54698, 125.10274], "uv": [32, 36]},
						{"origin": [3.31304, 3.35283, 5.28276], "size": [4, 1, 4], "inflate": 0.02, "pivot": [6.32951, 3.73907, 6.20214], "rotation": [84.74874, -35.45214, 128.78571], "uv": [23, 10]},
						{"origin": [6.4458, 3.35283, 2.67585], "size": [2, 1, 6], "inflate": 0.01, "pivot": [6.32951, 3.73907, 6.20214], "rotation": [100.6871, -34.36078, 101.29324], "uv": [15, 19]},
						{"origin": [4.00729, 3.35283, 2.35824], "size": [2, 1, 6], "pivot": [6.32951, 3.73907, 6.20214], "rotation": [119.90688, -20.64309, 61.28677], "uv": [18, 0]}
					]
				},
				{
					"name": "head",
					"parent": "glaceon_plushie",
					"pivot": [0.35, 4.79316, -6.61728],
					"rotation": [14.5, -17, 0],
					"cubes": [
						{"origin": [-1.27193, 1.37428, -8.13887], "size": [5, 5, 5], "pivot": [0.3533, 4.07566, -5.73312], "rotation": [-1.1383, -21.74609, 5.92102], "uv": [0, 14]},
						{"origin": [3.14818, 3.90687, -6.03936], "size": [7, 2, 1], "pivot": [0.3533, 4.07566, -5.73312], "rotation": [3.0065, -28.33784, -5.22042], "uv": [26, 20]},
						{"origin": [10.14818, 4.90687, -6.03936], "size": [1, 1, 1], "pivot": [0.3533, 4.07566, -5.73312], "rotation": [3.0065, -28.33784, -5.22042], "uv": [18, 0]},
						{"origin": [4.14818, 5.90687, -6.03936], "size": [5, 1, 1], "pivot": [0.3533, 4.07566, -5.73312], "rotation": [3.0065, -28.33784, -5.22042], "uv": [22, 35]},
						{"origin": [4.14818, 2.90687, -6.03936], "size": [4, 1, 1], "pivot": [0.3533, 4.07566, -5.73312], "rotation": [3.0065, -28.33784, -5.22042], "uv": [42, 5]},
						{"origin": [-8.73057, 5.21068, -5.83685], "size": [1, 1, 1], "pivot": [0.3533, 4.07566, -5.73312], "rotation": [-4.88828, -14.4777, 16.03771], "uv": [0, 14]},
						{"origin": [-5.73057, 3.21068, -5.83685], "size": [4, 1, 1], "pivot": [0.3533, 4.07566, -5.73312], "rotation": [-4.88828, -14.4777, 16.03771], "uv": [35, 41]},
						{"origin": [-7.73057, 4.21068, -5.83685], "size": [7, 2, 1], "pivot": [0.3533, 4.07566, -5.73312], "rotation": [-4.88828, -14.4777, 16.03771], "uv": [26, 16]},
						{"origin": [-6.73057, 6.21068, -5.83685], "size": [5, 1, 1], "pivot": [0.3533, 4.07566, -5.73312], "rotation": [-4.88828, -14.4777, 16.03771], "uv": [9, 35]},
						{"origin": [-1.27193, 2.60007, -9.14771], "size": [5, 3, 2], "inflate": 0.01, "pivot": [0.3533, 4.07566, -5.73312], "rotation": [-42.1383, -21.74609, 5.92102], "uv": [0, 25]},
						{"origin": [-0.27193, 1.37428, -9.13887], "size": [3, 2, 1], "pivot": [0.3533, 4.07566, -5.73312], "rotation": [-1.1383, -21.74609, 5.92102], "uv": [14, 43]},
						{"origin": [2.94567, 7.99435, -4.31052], "size": [4, 0, 1], "pivot": [0.3533, 4.07566, -5.73312], "rotation": [19.98099, 0.36154, 58.94118], "uv": [42, 23]},
						{"origin": [4.1904, 8.04435, -11.27928], "size": [3, 0, 3], "pivot": [0.3533, 4.07566, -5.73312], "rotation": [43.07492, -59.97825, 19.81873], "uv": [34, 32]},
						{"origin": [3.64433, 7.99435, -6.46902], "size": [4, 0, 1], "pivot": [0.3533, 4.07566, -5.73312], "rotation": [27.05662, -41.30507, 40.17852], "uv": [42, 19]},
						{"origin": [4.39433, 7.96935, -7.21902], "size": [1, 0, 1], "pivot": [0.3533, 4.07566, -5.73312], "rotation": [27.05662, -41.30507, 40.17852], "uv": [18, 3]},
						{"origin": [1.72962, 7.48196, -5.96634], "size": [3, 0, 2], "pivot": [0.3533, 4.07566, -5.73312], "rotation": [24.79192, -18.78997, 41.38048], "uv": [24, 41]},
						{"origin": [-3.25093, 6.97293, -7.27922], "size": [1, 0, 1], "pivot": [0.3533, 4.07566, -5.73312], "rotation": [49.88322, 2.95387, -19.13006], "uv": [0, 17]},
						{"origin": [-5.13333, 7.02293, -10.78506], "size": [3, 0, 3], "pivot": [0.3533, 4.07566, -5.73312], "rotation": [53.03416, 17.08936, -1.30158], "uv": [32, 6]},
						{"origin": [-5.50093, 6.99793, -6.52922], "size": [4, 0, 1], "pivot": [0.3533, 4.07566, -5.73312], "rotation": [49.88322, 2.95387, -19.13006], "uv": [42, 15]},
						{"origin": [-5.26568, 6.99793, -5.36907], "size": [4, 0, 1], "pivot": [0.3533, 4.07566, -5.73312], "rotation": [57.2385, -24.74488, -55.67255], "uv": [37, 30]},
						{"origin": [-2.56116, 6.70466, -6.53169], "size": [3, 0, 2], "pivot": [0.3533, 4.07566, -5.73312], "rotation": [49.50978, -17.28062, -29.19064], "uv": [40, 36]}
					]
				}
			]
		}
	]
}