{
	"format_version": "1.12.0",
	"minecraft:geometry": [
		{
			"description": {
				"identifier": "geometry.unknown",
				"texture_width": 64,
				"texture_height": 64,
				"visible_bounds_width": 3,
				"visible_bounds_height": 2.5,
				"visible_bounds_offset": [0, 0.75, 0]
			},
			"bones": [
				{
					"name": "bone6",
					"pivot": [0, 0, 0],
					"cubes": [
						{"origin": [-3, 1.5, -3], "size": [6, 6, 6], "uv": [0, 0]},
						{"origin": [-2.5, 2.5, -3.5], "size": [5, 2, 1], "uv": [8, 24]},
						{"origin": [-2, 3, -3.55], "size": [4, 1, 0], "uv": [24, 9]},
						{"origin": [-0.5, 1.75, -3.525], "size": [2, 2, 0], "uv": [0, 29]},
						{"origin": [-1.5, 8.5, -4], "size": [3, 3, 3], "pivot": [0, 8.5, 0], "rotation": [22.5, 0, 0], "uv": [12, 18]},
						{"origin": [-1.5, 8.5, -4], "size": [3, 3, 3], "pivot": [0, 8.5, 0], "rotation": [22.5, -72, 0], "uv": [18, 0]},
						{"origin": [-1.5, 8.5, -4], "size": [3, 3, 3], "pivot": [0, 8.5, 0], "rotation": [-157.5, -36, 180], "uv": [0, 18]},
						{"origin": [-1.5, 8.5, -4], "size": [3, 3, 3], "pivot": [0, 8.5, 0], "rotation": [-157.5, 36, 180], "uv": [12, 12]},
						{"origin": [-1.5, 8.5, -4], "size": [3, 3, 3], "pivot": [0, 8.5, 0], "rotation": [22.5, 72, 0], "uv": [0, 12]},
						{"origin": [2, 1.5, -0.5], "size": [1, 3, 1], "pivot": [3, 4.5, 0], "rotation": [0, 0, -45], "uv": [0, 24]},
						{"origin": [-3, 1.5, -0.5], "size": [1, 3, 1], "pivot": [-3, 4.5, 0], "rotation": [0, 0, 45], "uv": [0, 0]}
					]
				},
				{
					"name": "bone19",
					"parent": "bone6",
					"pivot": [0, 7.5, 0],
					"rotation": [0, 45, 0]
				},
				{
					"name": "Leaf",
					"parent": "bone19",
					"pivot": [0, 7.5, 0]
				},
				{
					"name": "bone3",
					"parent": "Leaf",
					"pivot": [0, 7.5, -3],
					"rotation": [2.5, 0, 0],
					"cubes": [
						{"origin": [-2, 7.5, -6], "size": [4, 0, 3], "uv": [21, 6]}
					]
				},
				{
					"name": "bone4",
					"parent": "bone3",
					"pivot": [0, 7.5, -6],
					"rotation": [-22.5, 0, 0],
					"cubes": [
						{"origin": [-2, 7.5, -9], "size": [4, 0, 3], "uv": [18, 18]}
					]
				},
				{
					"name": "bone5",
					"parent": "bone4",
					"pivot": [0, 7.5, -9],
					"rotation": [-22.5, 0, 0],
					"cubes": [
						{"origin": [-2, 7.5, -12], "size": [4, 0, 3], "uv": [18, 12]}
					]
				},
				{
					"name": "Leaf2",
					"parent": "bone19",
					"pivot": [0, 7.5, 0],
					"rotation": [-10, -72, 0]
				},
				{
					"name": "bone7",
					"parent": "Leaf2",
					"pivot": [0, 7.5, -3],
					"cubes": [
						{"origin": [-2, 7.5, -6], "size": [4, 0, 3], "uv": [21, 6]}
					]
				},
				{
					"name": "bone8",
					"parent": "bone7",
					"pivot": [0, 7.5, -6],
					"rotation": [25, 0, 0],
					"cubes": [
						{"origin": [-2, 7.5, -9], "size": [4, 0, 3], "uv": [18, 18]}
					]
				},
				{
					"name": "bone9",
					"parent": "bone8",
					"pivot": [0, 7.5, -9],
					"rotation": [-15, 0, 0],
					"cubes": [
						{"origin": [-2, 7.5, -12], "size": [4, 0, 3], "uv": [18, 12]}
					]
				},
				{
					"name": "Leaf3",
					"parent": "bone19",
					"pivot": [0, 7.5, 0],
					"rotation": [0, -144, 0]
				},
				{
					"name": "bone10",
					"parent": "Leaf3",
					"pivot": [0, 7.5, -3],
					"rotation": [-22.5, 0, 0],
					"cubes": [
						{"origin": [-2, 7.5, -6], "size": [4, 0, 3], "uv": [21, 6]}
					]
				},
				{
					"name": "bone11",
					"parent": "bone10",
					"pivot": [0, 7.5, -6],
					"rotation": [22, 0, 0],
					"cubes": [
						{"origin": [-2, 7.5, -9], "size": [4, 0, 3], "uv": [18, 18]}
					]
				},
				{
					"name": "bone12",
					"parent": "bone11",
					"pivot": [0, 7.5, -9],
					"rotation": [18, 0, 0],
					"cubes": [
						{"origin": [-2, 7.5, -12], "size": [4, 0, 3], "uv": [18, 12]}
					]
				},
				{
					"name": "Leaf4",
					"parent": "bone19",
					"pivot": [0, 7.5, 0],
					"rotation": [0, 144, 0]
				},
				{
					"name": "bone13",
					"parent": "Leaf4",
					"pivot": [0, 7.5, -3],
					"rotation": [-12.5, 0, 0],
					"cubes": [
						{"origin": [-2, 7.5, -6], "size": [4, 0, 3], "uv": [21, 6]}
					]
				},
				{
					"name": "bone14",
					"parent": "bone13",
					"pivot": [0, 7.5, -6],
					"rotation": [10, 0, 0],
					"cubes": [
						{"origin": [-2, 7.5, -9], "size": [4, 0, 3], "uv": [18, 18]}
					]
				},
				{
					"name": "bone15",
					"parent": "bone14",
					"pivot": [0, 7.5, -9],
					"rotation": [32.5, 0, 0],
					"cubes": [
						{"origin": [-2, 7.5, -12], "size": [4, 0, 3], "uv": [18, 12]}
					]
				},
				{
					"name": "Leaf5",
					"parent": "bone19",
					"pivot": [0, 7.5, 0],
					"rotation": [0, 72, 0]
				},
				{
					"name": "bone16",
					"parent": "Leaf5",
					"pivot": [0, 7.5, -3],
					"rotation": [-7.5, 0, 0],
					"cubes": [
						{"origin": [-2, 7.5, -6], "size": [4, 0, 3], "uv": [21, 6]}
					]
				},
				{
					"name": "bone17",
					"parent": "bone16",
					"pivot": [0, 7.5, -6],
					"rotation": [12.5, 0, 0],
					"cubes": [
						{"origin": [-2, 7.5, -9], "size": [4, 0, 3], "uv": [18, 18]}
					]
				},
				{
					"name": "bone18",
					"parent": "bone17",
					"pivot": [0, 7.5, -9],
					"rotation": [-12.5, 0, 0],
					"cubes": [
						{"origin": [-2, 7.5, -12], "size": [4, 0, 3], "uv": [18, 12]}
					]
				},
				{
					"name": "bone",
					"parent": "bone6",
					"pivot": [-2, 2, 0],
					"cubes": [
						{"origin": [-2.5, 1, -0.5], "size": [1, 1, 1], "uv": [9, 12]},
						{"origin": [-3, 0, -3], "size": [2, 1, 4], "uv": [0, 24]}
					]
				},
				{
					"name": "bone2",
					"parent": "bone6",
					"pivot": [2, 2, 0],
					"cubes": [
						{"origin": [1.5, 1, -0.5], "size": [1, 1, 1], "uv": [0, 4]},
						{"origin": [1, 0, -3], "size": [2, 1, 4], "uv": [20, 21]}
					]
				}
			]
		}
	]
}