{
	"format_version": "1.12.0",
	"minecraft:geometry": [
		{
			"description": {
				"identifier": "geometry.unknown",
				"texture_width": 32,
				"texture_height": 32,
				"visible_bounds_width": 2,
				"visible_bounds_height": 1.5,
				"visible_bounds_offset": [0, 0.25, 0]
			},
			"bones": [
				{
					"name": "bone",
					"pivot": [0, 0, 0],
					"cubes": [
						{"origin": [-4, 0, -4], "size": [8, 8, 8], "uv": [0, 0]},
						{"origin": [2, 0, -1], "size": [2, 5, 2], "pivot": [4, 5, 0], "rotation": [0, 0, -45], "uv": [22, 22]},
						{"origin": [-4, 0, -1], "size": [2, 5, 2], "pivot": [-4, 5, 0], "rotation": [0, 0, 45], "uv": [0, 0]},
						{"origin": [-5, 0, -7], "size": [2, 2, 4], "pivot": [-4, 1, -4], "rotation": [0, 45, 0], "uv": [0, 22]},
						{"origin": [3, 0, -7], "size": [2, 2, 4], "pivot": [4, 1, -4], "rotation": [0, -45, 0], "uv": [14, 16]},
						{"origin": [-2, 2.5, -6], "size": [4, 1, 3], "pivot": [0, 0, 0], "rotation": [10, 0, 0], "uv": [8, 22]},
						{"origin": [-2, 3, -7], "size": [4, 3, 3], "uv": [0, 16]}
					]
				}
			]
		}
	]
}