{
	"format_version": "1.12.0",
	"minecraft:geometry": [
		{
			"description": {
				"identifier": "geometry.unknown",
				"texture_width": 64,
				"texture_height": 64,
				"visible_bounds_width": 3,
				"visible_bounds_height": 2.5,
				"visible_bounds_offset": [0, 0.75, 0]
			},
			"bones": [
				{
					"name": "bone21",
					"pivot": [0, 0, 0],
					"cubes": [
						{"origin": [1, 0, -3], "size": [3, 1, 4], "uv": [24, 18]},
						{"origin": [1.5, 1, -1.5], "size": [2, 1, 2], "uv": [0, 3]},
						{"origin": [-4, 2, -5], "size": [8, 8, 8], "uv": [0, 0]},
						{"origin": [-4, 10, -5.1], "size": [2, 3, 0], "pivot": [0, 11, 0], "rotation": [0, 0, -22.5], "uv": [0, 30]},
						{"origin": [3.5, 8.5, -5.1], "size": [2, 3, 0], "pivot": [0, 9, 0], "rotation": [0, 0, 22.5], "uv": [0, 55]},
						{"origin": [-4.5, 9.5, -5.2], "size": [2, 3, 0], "pivot": [1, 10, -0.1], "rotation": [0, 0, -22.5], "uv": [0, 33]},
						{"origin": [2.5, 8.75, -5.2], "size": [2, 3, 0], "pivot": [1, 10, -0.1], "rotation": [0, 0, 22.5], "uv": [0, 58]},
						{"origin": [-5.5, 8.5, -5.1], "size": [2, 3, 0], "pivot": [0, 9, 0], "rotation": [0, 0, -22.5], "uv": [0, 37]},
						{"origin": [2, 10, -5.1], "size": [2, 3, 0], "pivot": [0, 11, 0], "rotation": [0, 0, 22.5], "uv": [0, 61]},
						{"origin": [-4, 0, -3], "size": [3, 1, 4], "uv": [24, 0]},
						{"origin": [-3.5, 1, -1.5], "size": [2, 1, 2], "uv": [0, 0]}
					]
				},
				{
					"name": "bone16",
					"parent": "bone21",
					"pivot": [4.5, 8, -2],
					"rotation": [-42.73421, -58.60029, 47.26579],
					"cubes": [
						{"origin": [4.5, 6, -4], "size": [3, 2, 4], "uv": [0, 16]},
						{"origin": [3.5, 7, -4], "size": [1, 1, 1], "uv": [0, 16]}
					]
				},
				{
					"name": "bone17",
					"parent": "bone16",
					"pivot": [5, 8, -4],
					"cubes": [
						{"origin": [4, 7, -5], "size": [2, 1, 1], "uv": [10, 22]}
					]
				},
				{
					"name": "bone18",
					"parent": "bone17",
					"pivot": [5, 8, -5],
					"cubes": [
						{"origin": [4, 7, -6], "size": [2, 1, 1], "uv": [10, 18]}
					]
				},
				{
					"name": "bone19",
					"parent": "bone16",
					"pivot": [7, 8, -4],
					"cubes": [
						{"origin": [6, 7, -5], "size": [2, 1, 1], "uv": [10, 16]}
					]
				},
				{
					"name": "bone20",
					"parent": "bone19",
					"pivot": [7, 8, -5],
					"cubes": [
						{"origin": [6, 7, -6], "size": [2, 1, 1], "uv": [0, 6]}
					]
				},
				{
					"name": "bone11",
					"parent": "bone21",
					"pivot": [-4.5, 8, -2],
					"rotation": [-59.63881, 40.78947, -69.05898],
					"cubes": [
						{"origin": [-7.5, 6, -4], "size": [3, 2, 4], "uv": [14, 16]},
						{"origin": [-4.5, 7, -4], "size": [1, 1, 1], "uv": [0, 18]}
					]
				},
				{
					"name": "bone12",
					"parent": "bone11",
					"pivot": [-5.5, 6, -9],
					"cubes": [
						{"origin": [-8, 7, -5], "size": [2, 1, 1], "uv": [24, 23]}
					]
				},
				{
					"name": "bone13",
					"parent": "bone12",
					"pivot": [-5.5, 6, -10],
					"cubes": [
						{"origin": [-8, 7, -6], "size": [2, 1, 1], "uv": [24, 16]}
					]
				},
				{
					"name": "bone14",
					"parent": "bone11",
					"pivot": [-3.5, 6, -9],
					"cubes": [
						{"origin": [-6, 7, -5], "size": [2, 1, 1], "uv": [10, 24]}
					]
				},
				{
					"name": "bone15",
					"parent": "bone14",
					"pivot": [-3.5, 6, -10],
					"cubes": [
						{"origin": [-6, 7, -6], "size": [2, 1, 1], "uv": [24, 5]}
					]
				},
				{
					"name": "bone6",
					"parent": "bone21",
					"pivot": [-6, 6, -5],
					"rotation": [67.5, 0, -45],
					"cubes": [
						{"origin": [-7.5, 4, -9], "size": [3, 2, 4], "uv": [0, 22]},
						{"origin": [-4.5, 5, -9], "size": [1, 1, 1], "uv": [0, 22]}
					]
				},
				{
					"name": "bone7",
					"parent": "bone6",
					"pivot": [-7, 6, -9],
					"cubes": [
						{"origin": [-8, 5, -10], "size": [2, 1, 1], "uv": [12, 28]}
					]
				},
				{
					"name": "bone8",
					"parent": "bone7",
					"pivot": [-7, 6, -10],
					"cubes": [
						{"origin": [-8, 5, -11], "size": [2, 1, 1], "uv": [6, 28]}
					]
				},
				{
					"name": "bone9",
					"parent": "bone6",
					"pivot": [-5, 6, -9],
					"cubes": [
						{"origin": [-6, 5, -10], "size": [2, 1, 1], "uv": [0, 28]}
					]
				},
				{
					"name": "bone10",
					"parent": "bone9",
					"pivot": [-5, 6, -10],
					"cubes": [
						{"origin": [-6, 5, -11], "size": [2, 1, 1], "uv": [27, 27]}
					]
				},
				{
					"name": "bone3",
					"parent": "bone21",
					"pivot": [6, 6, -5],
					"rotation": [67.5, 0, 45],
					"cubes": [
						{"origin": [4.5, 4, -9], "size": [3, 2, 4], "uv": [14, 22]},
						{"origin": [3.5, 5, -9], "size": [1, 1, 1], "uv": [0, 24]}
					]
				},
				{
					"name": "bone",
					"parent": "bone3",
					"pivot": [5, 6, -9],
					"cubes": [
						{"origin": [4, 5, -10], "size": [2, 1, 1], "uv": [23, 29]}
					]
				},
				{
					"name": "bone4",
					"parent": "bone",
					"pivot": [5, 6, -10],
					"cubes": [
						{"origin": [4, 5, -11], "size": [2, 1, 1], "uv": [29, 6]}
					]
				},
				{
					"name": "bone2",
					"parent": "bone3",
					"pivot": [7, 6, -9],
					"cubes": [
						{"origin": [6, 5, -10], "size": [2, 1, 1], "uv": [28, 25]}
					]
				},
				{
					"name": "bone5",
					"parent": "bone2",
					"pivot": [7, 6, -10],
					"cubes": [
						{"origin": [6, 5, -11], "size": [2, 1, 1], "uv": [18, 28]}
					]
				}
			]
		}
	]
}