{
	"format_version": "1.12.0",
	"minecraft:geometry": [
		{
			"description": {
				"identifier": "geometry.unknown",
				"texture_width": 64,
				"texture_height": 64,
				"visible_bounds_width": 3,
				"visible_bounds_height": 2.5,
				"visible_bounds_offset": [0, 0.75, 0]
			},
			"bones": [
				{
					"name": "DonphanGreatTusk",
					"pivot": [0, 0, 0],
					"cubes": [
						{"origin": [-3, 0, -4], "size": [6, 5, 8], "inflate": 0.001, "uv": [0, 0]},
						{"origin": [0, 4.75, -4], "size": [0, 3, 8], "uv": [0, 5]},
						{"origin": [1, 5, -4], "size": [0, 2, 8], "pivot": [0, 5, 0], "rotation": [0, 0, 22.5], "uv": [0, 10]},
						{"origin": [-1, 5, -4], "size": [0, 2, 8], "pivot": [0, 5, 0], "rotation": [0, 0, -22.5], "uv": [0, 8]},
						{"origin": [3, 4, -4], "size": [4, 1, 3], "pivot": [3, 5, -4], "rotation": [0, 0, 22.5], "uv": [0, 20]},
						{"origin": [-7, 4, -4], "size": [4, 1, 3], "pivot": [-3, 5, -4], "rotation": [0, 0, -22.5], "uv": [13, 17]},
						{"origin": [2, 0, -6], "size": [3, 0, 3], "inflate": 0.001, "uv": [29, 3]},
						{"origin": [2, 0, 3], "size": [3, 0, 3], "inflate": 0.001, "uv": [29, 0]},
						{"origin": [-5, 0, 3], "size": [3, 0, 3], "inflate": 0.001, "uv": [28, 17]},
						{"origin": [-5, 0, -6], "size": [3, 0, 3], "inflate": 0.001, "uv": [20, 27]}
					]
				},
				{
					"name": "bone9",
					"parent": "DonphanGreatTusk",
					"pivot": [3, 1.25, -4],
					"rotation": [-22.5, -22.5, 0],
					"cubes": [
						{"origin": [2, 1.25, -7], "size": [2, 2, 3], "inflate": 0.001, "uv": [28, 8]}
					]
				},
				{
					"name": "bone10",
					"parent": "bone9",
					"pivot": [3, 1.25, -7],
					"rotation": [-45, 0, 0],
					"cubes": [
						{"origin": [2, 1.25, -10], "size": [2, 2, 3], "inflate": 0.002, "uv": [0, 28]}
					]
				},
				{
					"name": "bone11",
					"parent": "bone10",
					"pivot": [3, 1.25, -10],
					"rotation": [-45, 0, 0],
					"cubes": [
						{"origin": [2, 1.25, -13], "size": [2, 2, 3], "inflate": 0.001, "uv": [26, 27]}
					]
				},
				{
					"name": "bone12",
					"parent": "bone11",
					"pivot": [3, 1.75, -13],
					"rotation": [-45, 0, 0],
					"cubes": [
						{"origin": [2.5, 1.75, -16], "size": [1, 1, 3], "inflate": 0.001, "uv": [0, 4]}
					]
				},
				{
					"name": "bone13",
					"parent": "DonphanGreatTusk",
					"pivot": [-3, 1.25, -4],
					"rotation": [-22.5, 22.5, 0],
					"cubes": [
						{"origin": [-4, 1.25, -7], "size": [2, 2, 3], "inflate": 0.001, "uv": [16, 27]}
					]
				},
				{
					"name": "bone14",
					"parent": "bone13",
					"pivot": [-3, 1.25, -7],
					"rotation": [-45, 0, 0],
					"cubes": [
						{"origin": [-4, 1.25, -10], "size": [2, 2, 3], "inflate": 0.002, "uv": [9, 25]}
					]
				},
				{
					"name": "bone15",
					"parent": "bone14",
					"pivot": [-3, 1.25, -10],
					"rotation": [-45, 0, 0],
					"cubes": [
						{"origin": [-4, 1.25, -13], "size": [2, 2, 3], "inflate": 0.001, "uv": [24, 18]}
					]
				},
				{
					"name": "bone16",
					"parent": "bone15",
					"pivot": [-3, 1.75, -13],
					"rotation": [-45, 0, 0],
					"cubes": [
						{"origin": [-3.5, 1.75, -16], "size": [1, 1, 3], "inflate": 0.001, "uv": [0, 0]}
					]
				},
				{
					"name": "bone5",
					"parent": "DonphanGreatTusk",
					"pivot": [0, 5, 4],
					"rotation": [-22.5, 0, 0],
					"cubes": [
						{"origin": [-3, 3, 4], "size": [6, 2, 2], "uv": [16, 13]},
						{"origin": [0, 5, 4], "size": [0, 2, 2], "uv": [11, 19]},
						{"origin": [1, 5, 4], "size": [0, 1, 2], "uv": [7, 28]},
						{"origin": [-1, 5, 4], "size": [0, 1, 2], "uv": [24, 15]}
					]
				},
				{
					"name": "bone6",
					"parent": "bone5",
					"pivot": [0, 5, 6],
					"rotation": [-22.5, 0, 0],
					"cubes": [
						{"origin": [-2, 3, 6], "size": [4, 2, 2], "uv": [20, 0]},
						{"origin": [0, 5, 6], "size": [0, 1, 2], "uv": [10, 22]}
					]
				},
				{
					"name": "bone7",
					"parent": "bone6",
					"pivot": [0, 4.85, 7],
					"rotation": [22.5, 0, 0],
					"cubes": [
						{"origin": [-1, 2.75, 7], "size": [2, 2, 2], "uv": [32, 13]}
					]
				},
				{
					"name": "bone8",
					"parent": "bone7",
					"pivot": [0, 4.6, 8.25],
					"rotation": [22.5, 0, 0],
					"cubes": [
						{"origin": [-1, 2.6, 8.25], "size": [2, 2, 2], "inflate": 0.001, "uv": [10, 30]}
					]
				},
				{
					"name": "bone",
					"parent": "DonphanGreatTusk",
					"pivot": [0, 5, -4],
					"rotation": [14.5, 0, 0],
					"cubes": [
						{"origin": [-2, 3, -6], "size": [4, 2, 2], "uv": [24, 23]},
						{"origin": [0, 5, -6], "size": [0, 2, 2], "uv": [16, 23]},
						{"origin": [1, 5, -6], "size": [0, 1, 2], "uv": [18, 30]},
						{"origin": [-1, 5, -6], "size": [0, 1, 2], "uv": [30, 12]}
					]
				},
				{
					"name": "bone2",
					"parent": "bone",
					"pivot": [0, 5, -6],
					"rotation": [22.5, 0, 0],
					"cubes": [
						{"origin": [-2, 3, -8], "size": [4, 2, 2], "inflate": 0.002, "uv": [0, 24]},
						{"origin": [0, 5, -8], "size": [0, 2, 2], "inflate": 0.002, "uv": [20, 23]},
						{"origin": [1, 5, -8], "size": [0, 1, 2], "inflate": 0.002, "uv": [26, 30]},
						{"origin": [-1, 5, -8], "size": [0, 1, 2], "inflate": 0.002, "uv": [22, 30]}
					]
				},
				{
					"name": "bone3",
					"parent": "bone2",
					"pivot": [0, 5, -8],
					"rotation": [45, 0, 0],
					"cubes": [
						{"origin": [-2, 3, -10], "size": [4, 2, 2], "inflate": 0.001, "uv": [14, 21]},
						{"origin": [0, 5, -10], "size": [0, 1, 2], "inflate": 0.001, "uv": [30, 11]}
					]
				},
				{
					"name": "bone4",
					"parent": "bone3",
					"pivot": [0, 5, -10],
					"rotation": [45, 0, 0],
					"cubes": [
						{"origin": [-2, 3, -12], "size": [4, 2, 2], "pivot": [0, 5, -10], "rotation": [12, 0, 0], "uv": [20, 4]}
					]
				}
			]
		}
	]
}