{
	"format_version": "1.12.0",
	"minecraft:geometry": [
		{
			"description": {
				"identifier": "geometry.unknown",
				"texture_width": 128,
				"texture_height": 128,
				"visible_bounds_width": 4,
				"visible_bounds_height": 2.5,
				"visible_bounds_offset": [0, 0.75, 0]
			},
			"bones": [
				{
					"name": "Greninja",
					"pivot": [0, 0, 0]
				},
				{
					"name": "Body",
					"parent": "Greninja",
					"pivot": [-1.5, 9.5, -4],
					"rotation": [-90, 0, 0]
				},
				{
					"name": "Torso",
					"parent": "Body",
					"pivot": [0, 20.5, -2.5],
					"rotation": [157.5, 0, 0],
					"cubes": [
						{"origin": [-1.5, 20.5, -4], "size": [3, 2, 3], "inflate": 0.001, "uv": [45, 51]}
					]
				},
				{
					"name": "Waist",
					"parent": "Torso",
					"pivot": [0, 22.5, -4],
					"cubes": [
						{"origin": [-2.5, 22.5, -5.75], "size": [5, 3, 4], "inflate": 0.001, "uv": [42, 31]}
					]
				},
				{
					"name": "Chest",
					"parent": "Waist",
					"pivot": [0, 25.5, -4],
					"cubes": [
						{"origin": [-3.5, 25.5, -6.5], "size": [7, 4, 5], "inflate": 0.001, "uv": [0, 27]},
						{"origin": [-3, 29.5, -6], "size": [6, 2, 4], "inflate": 0.001, "uv": [38, 21]}
					]
				},
				{
					"name": "Neck",
					"parent": "Chest",
					"pivot": [0, 29.5, -4.25],
					"rotation": [-45, 0, 0],
					"cubes": [
						{"origin": [-5, 29.5, -9], "size": [10, 3, 10], "inflate": 0.001, "uv": [0, 0]}
					]
				},
				{
					"name": "Head",
					"parent": "Neck",
					"pivot": [-0.5, 31.5, -4.5],
					"cubes": [
						{"origin": [-3.5, 31.5, -5], "size": [7, 4, 4], "inflate": 0.01, "uv": [24, 27]},
						{"origin": [2, 35.5, -2.5], "size": [0, 4, 10], "inflate": 0.01, "pivot": [-2, 11.5, -5.5], "rotation": [0, 30, 0], "uv": [0, 9]},
						{"origin": [-4, 35.575, -1.5], "size": [6, 0, 3], "inflate": 0.01, "pivot": [-2, 11.5, -5.5], "rotation": [0, 30, 0], "uv": [39, 27]},
						{"origin": [-2, 35.6, -1.5], "size": [6, 0, 3], "inflate": 0.01, "pivot": [2, 11.5, -5.5], "rotation": [0, -30, 0], "uv": [19, 13]},
						{"origin": [-2, 35.5, -2.5], "size": [0, 4, 10], "inflate": 0.01, "pivot": [2, 11.5, -5.5], "rotation": [0, -30, 0], "uv": [0, 5]},
						{"origin": [0, 35.5, -8.5], "size": [0, 2, 11], "inflate": 0.001, "uv": [0, 2]},
						{"origin": [-2.5, 31.5, -7.5], "size": [5, 4, 5], "inflate": 0.001, "pivot": [0, 35.5, -5], "rotation": [0, 45, 0], "uv": [30, 0]}
					]
				},
				{
					"name": "bone12",
					"parent": "Head",
					"pivot": [0, 35.5, -5],
					"cubes": [
						{"origin": [0.575, 32.9, -6], "size": [2, 3, 3], "inflate": 0.001, "pivot": [0, 35.5, -5], "rotation": [10, 45, 0], "uv": [37, 53]},
						{"origin": [2.6, 33.4, -5.5], "size": [0, 2, 1], "inflate": 0.001, "pivot": [0, 35.5, -5], "rotation": [10, 45, 0], "uv": [7, 0]},
						{"origin": [2.625, 34.9, -6], "size": [0, 1, 3], "inflate": 0.001, "pivot": [0, 35.5, -5], "rotation": [10, 45, 0], "uv": [26, 13]}
					]
				},
				{
					"name": "bone13",
					"parent": "Head",
					"pivot": [0, 35.5, -5],
					"cubes": [
						{"origin": [-2.575, 32.9, -6], "size": [2, 3, 3], "inflate": 0.001, "pivot": [0, 35.5, -5], "rotation": [10, -45, 0], "uv": [0, 0]},
						{"origin": [-2.6, 33.4, -5.5], "size": [0, 2, 1], "inflate": 0.001, "pivot": [0, 35.5, -5], "rotation": [10, -45, 0], "uv": [0, 0]},
						{"origin": [-2.625, 34.9, -6], "size": [0, 1, 3], "inflate": 0.001, "pivot": [0, 35.5, -5], "rotation": [10, -45, 0], "uv": [20, 13]}
					]
				},
				{
					"name": "Tongue",
					"parent": "Neck",
					"pivot": [0, 32.5, 0],
					"rotation": [-45, -22.5, 0],
					"cubes": [
						{"origin": [-1.5, 31.5, 0], "size": [3, 2, 5], "inflate": 0.001, "uv": [32, 45]}
					]
				},
				{
					"name": "bone6",
					"parent": "Tongue",
					"pivot": [0, 32.5, 5],
					"rotation": [0, -45, 0],
					"cubes": [
						{"origin": [-1.5, 31.5, 4.5], "size": [3, 2, 5], "inflate": 0.01, "uv": [45, 4]}
					]
				},
				{
					"name": "bone7",
					"parent": "bone6",
					"pivot": [0, 32.5, 9.5],
					"rotation": [15, -45, 0],
					"cubes": [
						{"origin": [-2, 31.5, 9], "size": [4, 2, 5], "inflate": 0.001, "uv": [34, 38]}
					]
				},
				{
					"name": "bone8",
					"parent": "bone7",
					"pivot": [0, 32.5, 14],
					"rotation": [0, -25, 0],
					"cubes": [
						{"origin": [-2, 31.5, 13.5], "size": [4, 2, 5], "inflate": 0.01, "uv": [0, 36]}
					]
				},
				{
					"name": "bone9",
					"parent": "bone8",
					"pivot": [0, 32.5, 18],
					"rotation": [0, -30, 0],
					"cubes": [
						{"origin": [-2.5, 31, 17.5], "size": [5, 3, 5], "inflate": 0.001, "uv": [19, 35]}
					]
				},
				{
					"name": "bone10",
					"parent": "bone9",
					"pivot": [0, 32.5, 22.5],
					"rotation": [0, -30, 0],
					"cubes": [
						{"origin": [-2.5, 31, 22], "size": [5, 3, 5], "inflate": 0.01, "uv": [32, 13]}
					]
				},
				{
					"name": "bone11",
					"parent": "bone10",
					"pivot": [-0.5, 33, 27],
					"rotation": [-10, -15, 0],
					"cubes": [
						{"origin": [-3, 30.5, 26.5], "size": [6, 4, 6], "inflate": 0.01, "uv": [14, 17]}
					]
				},
				{
					"name": "Arm",
					"parent": "Chest",
					"pivot": [3.5, 28, -4],
					"rotation": [-45.07227, -19.02835, 15.19727],
					"cubes": [
						{"origin": [3.5, 27, -5], "size": [5, 2, 2], "inflate": 0.001, "uv": [14, 51]}
					]
				},
				{
					"name": "Shoulder",
					"parent": "Arm",
					"pivot": [8.45486, 28.08833, -4],
					"rotation": [0, 22.5, 0],
					"cubes": [
						{"origin": [8.5, 27, -5.5], "size": [4, 2, 3], "inflate": 0.001, "uv": [0, 51]},
						{"origin": [6.45486, 29.21333, -5], "size": [3, 1, 2], "inflate": 0.001, "pivot": [3.20486, 10.83833, -5.5], "rotation": [0, 0, 7], "uv": [52, 28]}
					]
				},
				{
					"name": "Hand",
					"parent": "Shoulder",
					"pivot": [12.5, 28, -3.75],
					"rotation": [-7.5, 0, 0],
					"cubes": [
						{"origin": [12.5, 27.5, -5], "size": [2, 1, 2], "inflate": 0.002, "uv": [56, 31]}
					]
				},
				{
					"name": "Finger",
					"parent": "Hand",
					"pivot": [14.5, 28.5, -4],
					"rotation": [0, 0, -15],
					"cubes": [
						{"origin": [17.5, 27.5, -5], "size": [2, 1, 2], "inflate": 0.001, "uv": [56, 25]},
						{"origin": [14.5, 27.5, -4.5], "size": [3, 1, 1], "inflate": 0.001, "uv": [27, 59]}
					]
				},
				{
					"name": "Finger2",
					"parent": "Hand",
					"pivot": [14.5, 28.5, -4.5],
					"rotation": [9.85108, -44.13603, -14.00194],
					"cubes": [
						{"origin": [17.85455, 27.5, -4.64403], "size": [2, 1, 2], "inflate": 0.001, "uv": [56, 11]},
						{"origin": [14.85455, 27.5, -4.14403], "size": [3, 1, 1], "inflate": 0.001, "uv": [59, 2]},
						{"origin": [16.40916, 27.998, 1.33542], "size": [3, 0, 2], "inflate": 0.001, "pivot": [-0.09084, 8.998, 2.08542], "rotation": [0, 22.5, 0], "uv": [11, 39]},
						{"origin": [24.73744, 27.998, 10.47287], "size": [3, 0, 2], "inflate": 0.001, "pivot": [7.73744, 8.498, 10.97287], "rotation": [0, 67.5, 0], "uv": [32, 35]}
					]
				},
				{
					"name": "Finger3",
					"parent": "Hand",
					"pivot": [14.5, 28.5, -3.5],
					"rotation": [-9.85108, 44.13603, -14.00194],
					"cubes": [
						{"origin": [17.85455, 27.5, -5.35597], "size": [2, 1, 2], "inflate": 0.001, "uv": [54, 51]},
						{"origin": [14.85455, 27.5, -4.85597], "size": [3, 1, 1], "inflate": 0.001, "uv": [26, 57]}
					]
				},
				{
					"name": "Arm2",
					"parent": "Chest",
					"pivot": [-3.5, 28, -6.3],
					"rotation": [-20.54907, -39.04643, -11.37115],
					"cubes": [
						{"origin": [-8.5, 27, -7.3], "size": [5, 2, 2], "inflate": 0.001, "uv": [45, 0]}
					]
				},
				{
					"name": "Shoulder2",
					"parent": "Arm2",
					"pivot": [-8.45486, 28.08833, -6.3],
					"rotation": [0, -45, 0],
					"cubes": [
						{"origin": [-12.5, 27, -7.8], "size": [4, 2, 3], "inflate": 0.001, "uv": [48, 46]},
						{"origin": [-9.45486, 29.21333, -7.3], "size": [3, 1, 2], "inflate": 0.001, "pivot": [-3.20486, 10.83833, -7.8], "rotation": [0, 0, -7], "uv": [13, 36]}
					]
				},
				{
					"name": "Hand2",
					"parent": "Shoulder2",
					"pivot": [-12.5, 28, -6.3],
					"rotation": [11.76292, -9.37411, 38.03221],
					"cubes": [
						{"origin": [-14.5, 27.5, -7.3], "size": [2, 1, 2], "inflate": 0.002, "uv": [54, 22]}
					]
				},
				{
					"name": "Finger4",
					"parent": "Hand2",
					"pivot": [-14.5, 28.5, -6.3],
					"rotation": [0, 0, 15],
					"cubes": [
						{"origin": [-19.5, 27.5, -7.3], "size": [2, 1, 2], "inflate": 0.001, "uv": [43, 46]},
						{"origin": [-17.5, 27.5, -6.8], "size": [3, 1, 1], "inflate": 0.001, "uv": [57, 0]}
					]
				},
				{
					"name": "Finger5",
					"parent": "Hand2",
					"pivot": [-14.5, 28.5, -6.8],
					"rotation": [9.85108, 44.13603, 14.00194],
					"cubes": [
						{"origin": [-19.85455, 27.5, -6.94403], "size": [2, 1, 2], "inflate": 0.001, "uv": [28, 43]},
						{"origin": [-17.85455, 27.5, -6.44403], "size": [3, 1, 1], "inflate": 0.001, "uv": [56, 14]},
						{"origin": [-19.40916, 27.998, -0.96458], "size": [3, 0, 2], "inflate": 0.001, "pivot": [0.09084, 8.998, -0.21458], "rotation": [0, -22.5, 0], "uv": [30, 21]},
						{"origin": [-27.73744, 27.998, 8.17287], "size": [3, 0, 2], "inflate": 0.001, "pivot": [-7.73744, 8.498, 8.67287], "rotation": [0, -67.5, 0], "uv": [0, 25]}
					]
				},
				{
					"name": "Finger6",
					"parent": "Hand2",
					"pivot": [-14.5, 28.5, -5.8],
					"rotation": [-9.85108, -44.13603, 14.00194],
					"cubes": [
						{"origin": [-19.85455, 27.5, -7.65597], "size": [2, 1, 2], "inflate": 0.001, "uv": [12, 43]},
						{"origin": [-17.85455, 27.5, -7.15597], "size": [3, 1, 1], "inflate": 0.001, "uv": [47, 38]}
					]
				},
				{
					"name": "Tail",
					"parent": "Torso",
					"pivot": [0, 21.39052, -2.53354],
					"cubes": [
						{"origin": [0, 20.64052, -4.28354], "size": [0, 2, 7], "inflate": 0.001, "pivot": [0, 8.64052, -1.78354], "rotation": [5, 0, 0], "uv": [0, 16]}
					]
				},
				{
					"name": "LegLeft",
					"parent": "Body",
					"pivot": [-0.07193, 20.5, -0.61104],
					"rotation": [67.45045, -61.50167, 0.62485],
					"cubes": [
						{"origin": [-3, 13.5, -2.5], "size": [4, 4, 4], "inflate": 0.001, "uv": [0, 43]},
						{"origin": [-2.5, 17.5, -2], "size": [3, 2, 3], "inflate": 0.001, "uv": [25, 52]},
						{"origin": [-1.5, 17.5, -1.5], "size": [2, 3, 2], "inflate": 0.001, "uv": [0, 56]},
						{"origin": [-1.75, 14, -2.525], "size": [2, 3, 0], "inflate": 0.001, "uv": [0, 27]},
						{"origin": [-3, 15.5, -2.5], "size": [0, 4, 4], "inflate": 0.001, "pivot": [-3, 17.5, 0], "rotation": [0, 0, 10], "uv": [0, 2]}
					]
				},
				{
					"name": "bone4",
					"parent": "LegLeft",
					"pivot": [-3, 17.5, 0]
				},
				{
					"name": "bone5",
					"parent": "LegLeft",
					"pivot": [-1, 14.3, -0.25],
					"rotation": [32.71387, 35.75968, 0.36612],
					"cubes": [
						{"origin": [-2, 10.3, -1.5], "size": [2, 4, 2], "inflate": 0.001, "uv": [12, 55]}
					]
				},
				{
					"name": "Foot",
					"parent": "bone5",
					"pivot": [-1.25, 10.3, -0.5],
					"rotation": [21.03016, 22.12622, -30.07832],
					"cubes": [
						{"origin": [-2.25, 9.05, -2.5], "size": [2, 1, 5], "inflate": 0.001, "uv": [47, 11]},
						{"origin": [-1.17807, 9.05, -4.61104], "size": [1, 1, 2], "pivot": [-0.17807, 9.05, 0.38896], "rotation": [0, 22.5, 0], "uv": [6, 59]},
						{"origin": [-2.32193, 9.05, -4.61104], "size": [1, 1, 2], "pivot": [-2.32193, 9.05, 0.38896], "rotation": [0, -22.5, 0], "uv": [34, 52]},
						{"origin": [-2.82193, 9.05, -6.61104], "size": [2, 1, 2], "pivot": [-2.32193, 9.05, 0.38896], "rotation": [0, -22.5, 0], "uv": [56, 41]},
						{"origin": [-1.67807, 9.05, -6.61104], "size": [2, 1, 2], "pivot": [-0.17807, 9.05, 0.38896], "rotation": [0, 22.5, 0], "uv": [56, 38]},
						{"origin": [-2.25, 9.3, -4.5], "size": [2, 0, 3], "inflate": 0.001, "uv": [27, 0]}
					]
				},
				{
					"name": "LegRight",
					"parent": "Body",
					"pivot": [0.57193, 21.5, -2.61104],
					"rotation": [25.50587, 8.08264, -28.12107],
					"cubes": [
						{"origin": [-0.5, 14.5, -4.5], "size": [4, 4, 4], "inflate": 0.001, "uv": [16, 43]},
						{"origin": [0, 18.5, -4], "size": [3, 2, 3], "inflate": 0.001, "uv": [54, 17]},
						{"origin": [0, 18.5, -3.5], "size": [2, 3, 2], "inflate": 0.001, "uv": [56, 4]},
						{"origin": [0.25, 15, -4.525], "size": [2, 3, 0], "inflate": 0.001, "uv": [0, 36]}
					]
				},
				{
					"name": "bone3",
					"parent": "LegRight",
					"pivot": [3.5, 18.5, -2],
					"cubes": [
						{"origin": [3.5, 16.5, -4.5], "size": [0, 4, 4], "inflate": 0.001, "pivot": [3.5, 18.5, -2], "rotation": [0, 0, -10], "uv": [19, 23]}
					]
				},
				{
					"name": "bone2",
					"parent": "LegRight",
					"pivot": [1.5, 14.5, -2.5],
					"rotation": [69.21711, -2.4851, 2.68336],
					"cubes": [
						{"origin": [0.5, 10.5, -3.5], "size": [2, 4, 2], "inflate": 0.001, "uv": [55, 54]}
					]
				},
				{
					"name": "Foot2",
					"parent": "bone2",
					"pivot": [1.5, 10.5, -2.5],
					"cubes": [
						{"origin": [0.5, 9.5, -4.5], "size": [2, 1, 5], "inflate": 0.001, "uv": [47, 40]},
						{"origin": [0.42807, 9.5, -6.61104], "size": [1, 1, 2], "pivot": [0.42807, 9.5, -1.61104], "rotation": [0, -22.5, 0], "uv": [33, 59]},
						{"origin": [1.57193, 9.5, -6.61104], "size": [1, 1, 2], "pivot": [2.57193, 9.5, -1.61104], "rotation": [0, 22.5, 0], "uv": [39, 59]},
						{"origin": [1.07193, 9.5, -8.61104], "size": [2, 1, 2], "pivot": [2.57193, 9.5, -1.61104], "rotation": [0, 22.5, 0], "uv": [47, 56]},
						{"origin": [-0.07193, 9.5, -8.61104], "size": [2, 1, 2], "pivot": [0.42807, 9.5, -1.61104], "rotation": [0, -22.5, 0], "uv": [20, 57]},
						{"origin": [0.5, 9.75, -6.5], "size": [2, 0, 3], "inflate": 0.001, "uv": [35, 21]}
					]
				}
			]
		}
	]
}