{
	"format_version": "1.12.0",
	"minecraft:geometry": [
		{
			"description": {
				"identifier": "geometry.groudon plush",
				"texture_width": 64,
				"texture_height": 64,
				"visible_bounds_width": 3,
				"visible_bounds_height": 2.5,
				"visible_bounds_offset": [0, 0.75, 0]
			},
			"bones": [
				{
					"name": "bone2",
					"pivot": [0, 0, 0],
					"cubes": [
						{"origin": [-2, 5.37768, -9.02638], "size": [4, 1, 2], "pivot": [0, 7, -8], "rotation": [-152.5, 0, 0], "uv": [34, 6]},
						{"origin": [-2.5, 5.91757, -7.70947], "size": [5, 4, 4], "pivot": [0, 9, -6], "rotation": [-170, 0, 0], "uv": [0, 19]},
						{"origin": [2.51, 9.5, -8.79597], "size": [0, 1, 1], "pivot": [0, 10, -8], "rotation": [-152.5, 0, 0], "uv": [3, 40]},
						{"origin": [-2.51, 9.5, -8.79597], "size": [0, 1, 1], "pivot": [0, 10, -8], "rotation": [-152.5, 0, 0], "uv": [3, 40], "mirror": true},
						{"origin": [-3, 1, -2], "size": [6, 5, 5], "pivot": [0, 4, 0], "rotation": [-37.5, 0, 0], "uv": [0, 0]},
						{"origin": [-2.999, 2, 0], "size": [6, 4, 5], "pivot": [0, 4, 0], "rotation": [102.5, 0, 0], "uv": [0, 10]},
						{"origin": [-4.999, 6.88946, -2.12162], "size": [2, 3, 3], "pivot": [-3, 8, -1], "rotation": [122.5, 0, 0], "uv": [25, 34]},
						{"origin": [-6.001, 6, 3], "size": [5, 2, 3], "pivot": [0, 4, 0], "rotation": [-138.58913, -42.43934, -127.88192], "uv": [33, 31], "mirror": true},
						{"origin": [4.96557, 5.00149, -5.05219], "size": [2, 0, 1], "pivot": [7, 5, -5], "rotation": [-152.16166, -65.62145, -108.49149], "uv": [59, 2], "mirror": true},
						{"origin": [4.96557, 5.00149, -6.05219], "size": [2, 0, 1], "pivot": [7, 5, -5], "rotation": [-144.4249, -47.11763, -119.61093], "uv": [59, 2], "mirror": true},
						{"origin": [4.9, 3.72134, -4.6931], "size": [2, 0, 1], "pivot": [7, 4, -4], "rotation": [-172.93832, -46.03617, -83.66105], "uv": [59, 2], "mirror": true},
						{"origin": [-6.96557, 5.00149, -5.05219], "size": [2, 0, 1], "pivot": [-7, 5, -5], "rotation": [-149.3221, 67.80327, 111.58223], "uv": [59, 2]},
						{"origin": [-6.96557, 5.00149, -6.05219], "size": [2, 0, 1], "pivot": [-7, 5, -5], "rotation": [-144.4249, 47.11763, 119.61093], "uv": [59, 2]},
						{"origin": [-6.9, 3.72134, -4.6931], "size": [2, 0, 1], "pivot": [-7, 4, -4], "rotation": [-170.41233, 43.20713, 86.56135], "uv": [59, 2]},
						{"origin": [1.001, 6, 3], "size": [5, 2, 3], "pivot": [0, 4, 0], "rotation": [-138.58913, 42.43934, 127.88192], "uv": [33, 31]},
						{"origin": [2.999, 6.88946, -2.12162], "size": [2, 3, 3], "pivot": [3, 8, -1], "rotation": [122.5, 0, 0], "uv": [25, 34]},
						{"origin": [-3, 4, -1.10486], "size": [6, 4, 4], "pivot": [0, 7, -1], "rotation": [145, 0, 0], "uv": [18, 6]},
						{"origin": [-2.999, 2, -0.10486], "size": [6, 4, 3], "pivot": [0, 7, -1], "rotation": [180, 0, 0], "uv": [18, 23]}
					]
				},
				{
					"name": "bone",
					"parent": "bone2",
					"pivot": [-2, 0, -4],
					"cubes": [
						{"origin": [-4.53912, 0, -3.68297], "size": [3, 4, 3], "pivot": [-4, 3, -2], "rotation": [0, 22.5, 0], "uv": [0, 36]},
						{"origin": [-4.5, 0, -4.37641], "size": [0, 2, 2], "pivot": [-5, 0, -3], "rotation": [0, 52.5, 0], "uv": [12, 25]},
						{"origin": [-3, 0, -5.68297], "size": [0, 2, 2], "pivot": [-4, 3, -2], "rotation": [0, 22.5, 0], "uv": [14, 19]},
						{"origin": [-2.5, 0, -5.60058], "size": [0, 2, 2], "pivot": [-2, 0, -4], "rotation": [0, 5, 0], "uv": [21, 0]},
						{"origin": [-2.999, 0, 1.19577], "size": [6, 4, 4], "pivot": [0, 2, 2], "rotation": [2.5, 0, 0], "uv": [18, 15]},
						{"origin": [-4.999, 2, 1.19577], "size": [2, 2, 0], "pivot": [0, 2, 2], "rotation": [2.5, 0, 0], "uv": [38, 0]},
						{"origin": [-3.999, 10, -3.80423], "size": [1, 2, 0], "pivot": [0, 2, 2], "rotation": [2.5, 0, 0], "uv": [39, 0]},
						{"origin": [-3.999, 9, -5.80423], "size": [2, 2, 0], "pivot": [0, 2, 2], "rotation": [2.5, 0, 0], "uv": [38, 2]},
						{"origin": [-3.999, 10, -4.80423], "size": [2, 2, 0], "pivot": [0, 2, 2], "rotation": [2.5, 0, 0], "uv": [38, 0]},
						{"origin": [1.999, 10, -4.80423], "size": [2, 2, 0], "pivot": [0, 2, 2], "rotation": [2.5, 0, 0], "uv": [21, 0]},
						{"origin": [2.999, 10, -3.80423], "size": [1, 2, 0], "pivot": [0, 2, 2], "rotation": [2.5, 0, 0], "uv": [39, 0]},
						{"origin": [1.999, 9, -5.80423], "size": [2, 2, 0], "pivot": [0, 2, 2], "rotation": [2.5, 0, 0], "uv": [22, 34]},
						{"origin": [-4.999, 1, 3.19577], "size": [2, 2, 0], "pivot": [0, 2, 2], "rotation": [2.5, 0, 0], "uv": [38, 0]},
						{"origin": [-4.999, 1, 5.19577], "size": [2, 2, 0], "pivot": [0, 2, 2], "rotation": [2.5, 0, 0], "uv": [42, 2]},
						{"origin": [2.999, 1, 5.19577], "size": [2, 2, 0], "pivot": [0, 2, 2], "rotation": [2.5, 0, 0], "uv": [38, 12]},
						{"origin": [2.999, 1, 3.19577], "size": [2, 2, 0], "pivot": [0, 2, 2], "rotation": [2.5, 0, 0], "uv": [38, 0]},
						{"origin": [2.999, 2, 1.19577], "size": [2, 2, 0], "pivot": [0, 2, 2], "rotation": [2.5, 0, 0], "uv": [38, 0]},
						{"origin": [2.999, 5, 0.19577], "size": [2, 2, 0], "pivot": [0, 2, 2], "rotation": [2.5, 0, 0], "uv": [38, 0]},
						{"origin": [-4.999, 5, 0.19577], "size": [2, 2, 0], "pivot": [0, 2, 2], "rotation": [2.5, 0, 0], "uv": [38, 0]},
						{"origin": [-3, 0.50004, 4.19863], "size": [6, 2, 4], "pivot": [0, 2, 5], "rotation": [40, 0, 0], "uv": [22, 0]},
						{"origin": [2, 2.66236, 8.2577], "size": [0, 3, 4], "pivot": [0, 3, 8], "rotation": [57.5, 0, 0], "uv": [38, 5]},
						{"origin": [-0.5, 2.66236, 8.2577], "size": [0, 3, 4], "pivot": [0, 3, 8], "rotation": [57.5, 0, 0], "uv": [38, 5]},
						{"origin": [-2, 2.66236, 8.2577], "size": [0, 3, 4], "pivot": [0, 3, 8], "rotation": [57.5, 0, 0], "uv": [38, 5]},
						{"origin": [0.5, 2.66236, 8.2577], "size": [0, 3, 4], "pivot": [0, 3, 8], "rotation": [57.5, 0, 0], "uv": [38, 5]},
						{"origin": [4.5, 0, -4.37641], "size": [0, 2, 2], "pivot": [5, 0, -3], "rotation": [0, -52.5, 0], "uv": [0, 0]},
						{"origin": [3, 0, -5.68297], "size": [0, 2, 2], "pivot": [4, 3, -2], "rotation": [0, -22.5, 0], "uv": [17, 0]},
						{"origin": [2.5, 0, -5.60058], "size": [0, 2, 2], "pivot": [2, 0, -4], "rotation": [0, -5, 0], "uv": [14, 17]},
						{"origin": [1.53912, 0, -3.68297], "size": [3, 4, 3], "pivot": [4, 3, -2], "rotation": [0, -22.5, 0], "uv": [0, 36]},
						{"origin": [2.64527, 10.2, -5.5], "size": [0, 1, 1], "pivot": [2, 11, -6], "rotation": [-169.0797, 6.9561, -11.43693], "uv": [4, 40]},
						{"origin": [2.64527, 10.2, -6.5], "size": [0, 1, 1], "pivot": [2, 11, -6], "rotation": [-169.0797, 6.9561, -11.43693], "uv": [4, 40]},
						{"origin": [2.64527, 10.2, -7.5], "size": [0, 1, 1], "pivot": [2, 11, -6], "rotation": [-169.0797, 6.9561, -11.43693], "uv": [4, 40]},
						{"origin": [2.64527, 10.2, -4.5], "size": [0, 1, 1], "pivot": [2, 11, -6], "rotation": [-169.0797, 6.9561, -11.43693], "uv": [4, 40]},
						{"origin": [-2.64527, 10.2, -6.5], "size": [0, 1, 1], "pivot": [-2, 11, -6], "rotation": [-169.0797, -6.9561, 11.43693], "uv": [4, 40], "mirror": true},
						{"origin": [-2.64527, 10.2, -7.5], "size": [0, 1, 1], "pivot": [-2, 11, -6], "rotation": [-169.0797, -6.9561, 11.43693], "uv": [4, 40], "mirror": true},
						{"origin": [-2.64527, 10.2, -4.5], "size": [0, 1, 1], "pivot": [-2, 11, -6], "rotation": [-169.0797, -6.9561, 11.43693], "uv": [4, 40], "mirror": true},
						{"origin": [-2.64527, 10.2, -5.5], "size": [0, 1, 1], "pivot": [-2, 11, -6], "rotation": [-169.0797, -6.9561, 11.43693], "uv": [4, 40], "mirror": true},
						{"origin": [-2, 3.37768, -9.02638], "size": [4, 2, 3], "pivot": [0, 7, -8], "rotation": [-165, 0, 0], "uv": [34, 14]},
						{"origin": [-1.5, 6.27546, -12], "size": [0, 4, 6], "pivot": [0, 10, -8], "rotation": [-163.82646, -21.69365, -6.1191], "uv": [0, 25]},
						{"origin": [1.5, 6.27546, -12], "size": [0, 4, 6], "pivot": [0, 10, -8], "rotation": [-163.82646, 21.69365, 6.1191], "uv": [0, 25]},
						{"origin": [-0.5, 6.27546, -12], "size": [0, 4, 6], "pivot": [0, 10, -8], "rotation": [-164.87647, -7.24305, -1.95155], "uv": [0, 25]},
						{"origin": [0.5, 6.27546, -12], "size": [0, 4, 6], "pivot": [0, 10, -8], "rotation": [-164.87647, 7.24305, 1.95155], "uv": [0, 25]},
						{"origin": [2.51, 8.91757, -6.70947], "size": [0, 4, 2], "pivot": [0, 9, -6], "rotation": [180, 0, 0], "uv": [0, 8]},
						{"origin": [-2.51, 8.91757, -6.70947], "size": [0, 4, 2], "pivot": [0, 9, -6], "rotation": [180, 0, 0], "uv": [0, 8]}
					]
				}
			]
		}
	]
}