{
	"format_version": "1.12.0",
	"minecraft:geometry": [
		{
			"description": {
				"identifier": "geometry.unknown",
				"texture_width": 32,
				"texture_height": 32,
				"visible_bounds_width": 3,
				"visible_bounds_height": 2.5,
				"visible_bounds_offset": [0, 0.75, 0]
			},
			"bones": [
				{
					"name": "bone9",
					"pivot": [0, 0, 0],
					"cubes": [
						{"origin": [-3, 0, -3], "size": [6, 5, 6], "uv": [0, 0]}
					]
				},
				{
					"name": "bone6",
					"parent": "bone9",
					"pivot": [0, 5, 0],
					"rotation": [-22.5, 0, 0],
					"cubes": [
						{"origin": [-2.5, 5, 0], "size": [5, 4, 0], "uv": [0, 11]}
					]
				},
				{
					"name": "bone7",
					"parent": "bone6",
					"pivot": [0, 9, 0],
					"rotation": [-45, 0, 0],
					"cubes": [
						{"origin": [-2.5, 9, 0], "size": [5, 4, 0], "uv": [0, 15]}
					]
				},
				{
					"name": "bone8",
					"parent": "bone7",
					"pivot": [0, 13, 0],
					"rotation": [-45, 0, 0],
					"cubes": [
						{"origin": [-2.5, 13, 0], "size": [5, 4, 0], "uv": [10, 11]}
					]
				},
				{
					"name": "bone4",
					"parent": "bone9",
					"pivot": [0, 3.5, 0],
					"rotation": [0, 0, -22.5],
					"cubes": [
						{"origin": [-2.5, 4, -3.075], "size": [2, 1, 0], "uv": [4, 19]},
						{"origin": [-2.5, 3.5, -3.07], "size": [2, 1, 0], "uv": [0, 19]}
					]
				},
				{
					"name": "bone5",
					"parent": "bone9",
					"pivot": [0, 3.5, 0],
					"rotation": [0, 0, 22.5],
					"cubes": [
						{"origin": [0.5, 4, -3.075], "size": [2, 1, 0], "uv": [10, 18]},
						{"origin": [0.5, 3.5, -3.07], "size": [2, 1, 0], "uv": [16, 15]}
					]
				},
				{
					"name": "bone3",
					"parent": "bone9",
					"pivot": [0, 1.75, -3],
					"rotation": [20, 0, 0],
					"cubes": [
						{"origin": [-1, 1.75, -4], "size": [2, 1, 1], "pivot": [0, 1.75, -3], "rotation": [-20, 0, 0], "uv": [0, 0]},
						{"origin": [-1, 0.75, -4], "size": [2, 1, 1], "uv": [0, 2]}
					]
				},
				{
					"name": "bone",
					"parent": "bone9",
					"pivot": [2.5, 2, -2.5],
					"rotation": [22.5, -45, 0],
					"cubes": [
						{"origin": [1.5, 1, -3.5], "size": [2, 1, 2], "inflate": 0.001, "uv": [16, 16]},
						{"origin": [1.5, 1, -4.5], "size": [1, 1, 1], "pivot": [2.5, 1, -3.5], "rotation": [0, 22.5, 0], "uv": [18, 4]},
						{"origin": [2.5, 1, -4.5], "size": [1, 1, 1], "pivot": [2.5, 1, -3.5], "rotation": [0, -22.5, 0], "uv": [18, 2]}
					]
				},
				{
					"name": "bone2",
					"parent": "bone9",
					"pivot": [-2.5, 2, -2.5],
					"rotation": [22.5, 45, 0],
					"cubes": [
						{"origin": [-3.5, 1, -3.5], "size": [2, 1, 2], "inflate": 0.001, "uv": [10, 15]},
						{"origin": [-3.5, 1, -4.5], "size": [1, 1, 1], "pivot": [-2.5, 1, -3.5], "rotation": [0, 22.5, 0], "uv": [18, 0]},
						{"origin": [-2.5, 1, -4.5], "size": [1, 1, 1], "pivot": [-2.5, 1, -3.5], "rotation": [0, -22.5, 0], "uv": [0, 4]}
					]
				}
			]
		}
	]
}