{
	"format_version": "1.12.0",
	"minecraft:geometry": [
		{
			"description": {
				"identifier": "geometry.unknown",
				"texture_width": 128,
				"texture_height": 128,
				"visible_bounds_width": 5,
				"visible_bounds_height": 3.5,
				"visible_bounds_offset": [0, 1.25, 0]
			},
			"bones": [
				{
					"name": "GyradosStatue",
					"pivot": [0, 0, 0],
					"rotation": [0, 180, 0]
				},
				{
					"name": "bone14",
					"parent": "GyradosStatue",
					"pivot": [-16, 19, 0]
				},
				{
					"name": "bone20",
					"parent": "bone14",
					"pivot": [-16.05549, 19.24305, -0.03418],
					"rotation": [0, 0, 5],
					"cubes": [
						{"origin": [-22, 14, -3], "size": [6, 8, 6], "uv": [52, 55]},
						{"origin": [-24, 16, -2], "size": [2, 2, 4], "uv": [0, 22]},
						{"origin": [-17, 18, 3], "size": [0, 3, 3], "pivot": [-17, 19, 3], "rotation": [4.11405, 22.13991, 10.80524], "uv": [30, 46]},
						{"origin": [-18.75, 18.25, -5.5], "size": [0, 2, 3], "pivot": [-18.75, 19.25, -3], "rotation": [-4.11405, -22.13991, 10.80524], "uv": [0, 60]},
						{"origin": [-18.75, 18.25, 2.5], "size": [0, 2, 3], "pivot": [-18.75, 19.25, 3], "rotation": [4.11405, 22.13991, 10.80524], "uv": [8, 25]},
						{"origin": [-17.75, 14, 2], "size": [0, 6, 7], "pivot": [-17, 19, 3], "rotation": [4.11405, 22.13991, 10.80524], "uv": [0, 0]},
						{"origin": [-17.75, 14, -9], "size": [0, 6, 7], "pivot": [-17, 19, -3], "rotation": [-4.11405, -22.13991, 10.80524], "uv": [0, 9]},
						{"origin": [-17, 18, -6], "size": [0, 3, 3], "pivot": [-17, 19, -3], "rotation": [-4.11405, -22.13991, 10.80524], "uv": [30, 49]},
						{"origin": [-21, 15, 3], "size": [0, 3, 3], "pivot": [-22, 16, 3], "rotation": [9.00717, 20.70481, 24.14867], "uv": [8, 19]},
						{"origin": [-21, 15, -6], "size": [0, 3, 3], "pivot": [-22, 16, -3], "rotation": [-9.00717, -20.70481, 24.14867], "uv": [6, 29]},
						{"origin": [-25.94923, 8.84836, -2.025], "size": [1, 5, 4], "pivot": [-21.94923, 1.59836, 0], "rotation": [0, 0, 17.5], "uv": [0, 32]},
						{"origin": [-24, 12, 1.975], "size": [2, 4, 0], "uv": [0, 22]},
						{"origin": [-24, 12, -1.975], "size": [2, 4, 0], "uv": [0, 32]},
						{"origin": [-23.974, 15.5, 0.79289], "size": [0, 1, 1], "pivot": [-23.999, 16, 1.29289], "rotation": [45, 0, 0], "uv": [10, 35]},
						{"origin": [-23.974, 15.5, -1.79289], "size": [0, 1, 1], "pivot": [-23.999, 16, -1.29289], "rotation": [45, 0, 0], "uv": [12, 26]},
						{"origin": [-23.28049, 9.49305, 2.03418], "size": [0, 1, 1], "pivot": [-24.05549, 10.24305, 2.03418], "rotation": [-135, 22.5, -40], "uv": [12, 25]},
						{"origin": [-23.28049, 9.49305, -3.03418], "size": [0, 1, 1], "pivot": [-24.05549, 10.24305, -2.03418], "rotation": [135, -22.5, -40], "uv": [10, 36]}
					]
				},
				{
					"name": "bone15",
					"parent": "bone20",
					"pivot": [4.5, 5.5, -29],
					"rotation": [0, 90, 0]
				},
				{
					"name": "whisker_left",
					"parent": "bone15",
					"pivot": [4.5, 5.5, -28.75],
					"rotation": [-15, -15, 45],
					"cubes": [
						{"origin": [-26.91264, -11.43355, -44.16332], "size": [3, 1, 0], "inflate": 0.01, "uv": [6, 35]}
					]
				},
				{
					"name": "whisker_left2",
					"parent": "whisker_left",
					"pivot": [7.5, 5.5, -28.75],
					"rotation": [0, 0, 30],
					"cubes": [
						{"origin": [-11.73371, -24.99152, -44.17332], "size": [2, 1, 0], "uv": [8, 42]}
					]
				},
				{
					"name": "whisker_left3",
					"parent": "whisker_left2",
					"pivot": [10.5, 5.5, -28.75],
					"rotation": [0, 0, 20],
					"cubes": [
						{"origin": [1.58323, -30.1433, -44.16332], "size": [3, 1, 0], "inflate": 0.01, "uv": [8, 25]}
					]
				},
				{
					"name": "whisker_left4",
					"parent": "whisker_left3",
					"pivot": [14.5, 4.5, -28.75],
					"rotation": [0, 0, -15],
					"cubes": [
						{"origin": [-4.03814, -26.40846, -44.17332], "size": [3, 3, 0], "uv": [59, 72]}
					]
				},
				{
					"name": "bone16",
					"parent": "bone20",
					"pivot": [4.5, 5.5, 29],
					"rotation": [0, -90, 0]
				},
				{
					"name": "whisker_left5",
					"parent": "bone16",
					"pivot": [4.5, 5.5, 28.75],
					"rotation": [15, 15, 45],
					"cubes": [
						{"origin": [-26.91264, -11.43355, 44.16332], "size": [3, 1, 0], "inflate": 0.01, "uv": [8, 13]}
					]
				},
				{
					"name": "whisker_left6",
					"parent": "whisker_left5",
					"pivot": [7.5, 5.5, 28.75],
					"rotation": [0, 0, 30],
					"cubes": [
						{"origin": [-11.73371, -24.99152, 44.17332], "size": [2, 1, 0], "uv": [8, 41]}
					]
				},
				{
					"name": "whisker_left7",
					"parent": "whisker_left6",
					"pivot": [10.5, 5.5, 28.75],
					"rotation": [0, 0, 20],
					"cubes": [
						{"origin": [1.58323, -30.1433, 44.16332], "size": [3, 1, 0], "inflate": 0.01, "uv": [8, 6]}
					]
				},
				{
					"name": "whisker_left8",
					"parent": "whisker_left7",
					"pivot": [14.5, 4.5, 28.75],
					"rotation": [0, 0, -15],
					"cubes": [
						{"origin": [-4.03814, -26.40846, 44.17332], "size": [3, 3, 0], "uv": [23, 64]}
					]
				},
				{
					"name": "bone17",
					"parent": "bone20",
					"pivot": [-20.16901, 4.68288, -1],
					"cubes": [
						{"origin": [-24.16901, 17.68288, -1], "size": [2, 5, 2], "pivot": [-20.16901, 4.68288, -1], "rotation": [0, 0, 4], "uv": [79, 79]},
						{"origin": [-23.16901, 22.68288, -1], "size": [0, 5, 2], "pivot": [-20.16901, 4.68288, -1], "rotation": [0, 0, 4], "uv": [68, 30]},
						{"origin": [-21.9072, 22.84917, -1], "size": [0, 5, 2], "pivot": [-21.91901, 22.83288, 0], "rotation": [0, 90, 4], "uv": [68, 30]}
					]
				},
				{
					"name": "bone18",
					"parent": "bone20",
					"pivot": [-21.91901, 18.18288, 0],
					"rotation": [44.56145, -7.05302, 7.10708],
					"cubes": [
						{"origin": [-24.11901, 18.18288, -1], "size": [2, 5, 2], "pivot": [-19.91901, 5.18288, -1], "rotation": [0, 0, 4], "uv": [46, 78]},
						{"origin": [-22.91901, 23.18288, -1], "size": [0, 5, 2], "pivot": [-19.91901, 5.18288, -1], "rotation": [0, 0, 4], "uv": [65, 47]}
					]
				},
				{
					"name": "bone19",
					"parent": "bone20",
					"pivot": [-21.91901, 18.18288, 0],
					"rotation": [-44.56145, 7.05302, 7.10708],
					"cubes": [
						{"origin": [-22.91901, 23.18288, -1], "size": [0, 5, 2], "pivot": [-19.91901, 5.18288, 1], "rotation": [0, 0, 4], "uv": [0, 56]},
						{"origin": [-24.11901, 18.18288, -1], "size": [2, 5, 2], "pivot": [-19.91901, 5.18288, 1], "rotation": [0, 0, 4], "uv": [38, 78]}
					]
				},
				{
					"name": "bone2",
					"parent": "bone20",
					"pivot": [-16, 19, 0],
					"rotation": [0, 0, 5],
					"cubes": [
						{"origin": [-16, 14, -3.5], "size": [7, 5, 7], "inflate": 0.01, "uv": [30, 49]},
						{"origin": [-15, 16.5, -6.25], "size": [7, 0, 3], "pivot": [-13, 16, -0.5], "rotation": [5.9095, 1.04004, -9.94632], "uv": [48, 52]},
						{"origin": [-15, 16.5, 3.25], "size": [7, 0, 3], "pivot": [-13, 16, -0.5], "rotation": [-5.9095, -1.04004, -9.94632], "uv": [48, 49]},
						{"origin": [-14, 17, 0], "size": [7, 6, 0], "pivot": [-10, 19, 0], "rotation": [0, 0, 22.5], "uv": [0, 0]},
						{"origin": [-11, 19, 0.05], "size": [5, 7, 0], "pivot": [-10, 19, 0], "rotation": [0, 0, 12.5], "uv": [0, 49]}
					]
				},
				{
					"name": "bone3",
					"parent": "bone2",
					"pivot": [-9, 19, 0],
					"rotation": [0, 0, 67.5],
					"cubes": [
						{"origin": [-9, 14, -3.5], "size": [4, 5, 7], "uv": [22, 61]}
					]
				},
				{
					"name": "bone4",
					"parent": "bone3",
					"pivot": [-5, 14, 0],
					"rotation": [0, 0, -5.5],
					"cubes": [
						{"origin": [-5, 14, -3.5], "size": [4, 5, 7], "inflate": 0.001, "uv": [22, 61]}
					]
				},
				{
					"name": "bone5",
					"parent": "bone4",
					"pivot": [-1, 14, 0],
					"rotation": [-2.32975, 2.70978, -32.29151],
					"cubes": [
						{"origin": [-1, 14, -3.5], "size": [4, 5, 7], "uv": [22, 61]}
					]
				},
				{
					"name": "bone6",
					"parent": "bone5",
					"pivot": [3, 14, 0],
					"rotation": [0, 0, -22.5],
					"cubes": [
						{"origin": [3, 14, -3.5], "size": [4, 5, 7], "inflate": 0.001, "uv": [22, 61]}
					]
				},
				{
					"name": "bone7",
					"parent": "bone6",
					"pivot": [7, 14, 0],
					"rotation": [0, 0, -35],
					"cubes": [
						{"origin": [7, 14, -3.5], "size": [4, 5, 7], "uv": [22, 61]}
					]
				},
				{
					"name": "bone8",
					"parent": "bone7",
					"pivot": [11, 14, 0],
					"rotation": [0, 0, -7.5],
					"cubes": [
						{"origin": [11, 14, -3.5], "size": [4, 5, 7], "inflate": 0.001, "uv": [22, 61]}
					]
				},
				{
					"name": "bone9",
					"parent": "bone8",
					"pivot": [15, 19, 0],
					"rotation": [0, 0, 10],
					"cubes": [
						{"origin": [15, 14, -3], "size": [4, 5, 6], "uv": [0, 71]},
						{"origin": [14, 19, 0], "size": [6, 5, 0], "uv": [37, 61]}
					]
				},
				{
					"name": "bone10",
					"parent": "bone9",
					"pivot": [19, 18.5, -0.5],
					"rotation": [0, 0, 15],
					"cubes": [
						{"origin": [19, 14.5, -2.5], "size": [4, 4, 5], "uv": [20, 73]}
					]
				},
				{
					"name": "bone11",
					"parent": "bone10",
					"pivot": [23, 18, 0],
					"rotation": [0, 0, 10],
					"cubes": [
						{"origin": [23, 15, -2], "size": [4, 3, 4], "uv": [74, 0]},
						{"origin": [22, 18, 0], "size": [6, 5, 0], "uv": [15, 59]}
					]
				},
				{
					"name": "bone12",
					"parent": "bone11",
					"pivot": [27, 17.5, 0.5],
					"rotation": [-0.51298, -0.08657, -20.44489],
					"cubes": [
						{"origin": [26, 15.5, -1.5], "size": [5, 2, 3], "uv": [76, 61]}
					]
				},
				{
					"name": "bone13",
					"parent": "bone12",
					"pivot": [31, 17, 1],
					"rotation": [0, 0, -17],
					"cubes": [
						{"origin": [30, 16, -1], "size": [5, 1, 2], "uv": [52, 69]},
						{"origin": [32, 16.5, -5], "size": [10, 0, 10], "uv": [0, 49]}
					]
				},
				{
					"name": "bone",
					"parent": "GyradosStatue",
					"pivot": [0, 0, 0],
					"cubes": [
						{"origin": [-15, 0, -7], "size": [30, 2, 14], "uv": [0, 16]},
						{"origin": [-15, 7, -7], "size": [30, 2, 14], "uv": [0, 0]},
						{"origin": [-14, 2, -6], "size": [28, 5, 12], "uv": [0, 32]}
					]
				},
				{
					"name": "wave",
					"parent": "bone",
					"pivot": [-14, 9, 0],
					"rotation": [0, 0, 14.5],
					"cubes": [
						{"origin": [-14, 9, -2], "size": [0, 1, 4], "uv": [0, 53]}
					]
				},
				{
					"name": "bone22",
					"parent": "wave",
					"pivot": [-14, 10, 0],
					"rotation": [0, 0, -45],
					"cubes": [
						{"origin": [-14, 10, -2], "size": [0, 1, 4], "uv": [0, 52]}
					]
				},
				{
					"name": "bone23",
					"parent": "bone22",
					"pivot": [-14, 11, 0],
					"rotation": [0, 0, -90],
					"cubes": [
						{"origin": [-14, 11, -2], "size": [0, 1, 4], "uv": [0, 39]}
					]
				},
				{
					"name": "wave2",
					"parent": "bone",
					"pivot": [-12.7, 8.8, -2.25],
					"rotation": [0, 0, 14.5],
					"cubes": [
						{"origin": [-12.7, 8.8, -4.25], "size": [0, 1, 4], "uv": [0, 53]}
					]
				},
				{
					"name": "bone21",
					"parent": "wave2",
					"pivot": [-12.7, 9.8, -2.25],
					"rotation": [0, 0, -45],
					"cubes": [
						{"origin": [-12.7, 9.8, -4.25], "size": [0, 1, 4], "uv": [0, 52]}
					]
				},
				{
					"name": "bone24",
					"parent": "bone21",
					"pivot": [-12.7, 10.8, -2.25],
					"rotation": [0, 0, -90],
					"cubes": [
						{"origin": [-12.7, 10.8, -4.25], "size": [0, 1, 4], "uv": [0, 39]}
					]
				},
				{
					"name": "wave3",
					"parent": "bone",
					"pivot": [-12.7, 8.8, 2.25],
					"rotation": [0, 0, 14.5],
					"cubes": [
						{"origin": [-12.7, 8.8, 0.25], "size": [0, 1, 4], "uv": [0, 53]}
					]
				},
				{
					"name": "bone25",
					"parent": "wave3",
					"pivot": [-12.7, 9.8, 2.25],
					"rotation": [0, 0, -45],
					"cubes": [
						{"origin": [-12.7, 9.8, 0.25], "size": [0, 1, 4], "uv": [0, 52]}
					]
				},
				{
					"name": "bone26",
					"parent": "bone25",
					"pivot": [-12.7, 10.8, 2.25],
					"rotation": [0, 0, -90],
					"cubes": [
						{"origin": [-12.7, 10.8, 0.25], "size": [0, 1, 4], "uv": [0, 39]}
					]
				},
				{
					"name": "bone27",
					"parent": "bone",
					"pivot": [0, 9, -5],
					"cubes": [
						{"origin": [-13, 9, -5], "size": [4, 2, 0], "pivot": [0, 9, -5], "rotation": [10, 0, 0], "uv": [69, 53]},
						{"origin": [-8, 9, -5], "size": [8, 5, 0], "pivot": [0, 9, -5], "rotation": [10, 0, 0], "uv": [74, 16]},
						{"origin": [1, 9, -5], "size": [8, 5, 0], "pivot": [0, 9, -5], "rotation": [10, 0, 0], "uv": [74, 16]},
						{"origin": [10, 9, -5], "size": [4, 2, 0], "pivot": [0, 9, -5], "rotation": [10, 0, 0], "uv": [69, 53]}
					]
				},
				{
					"name": "bone28",
					"parent": "bone",
					"pivot": [0, 9, 5],
					"cubes": [
						{"origin": [-13, 9, 5], "size": [4, 2, 0], "pivot": [0, 9, 5], "rotation": [-10, 0, 0], "uv": [69, 49]},
						{"origin": [-8, 9, 5], "size": [8, 5, 0], "pivot": [0, 9, 5], "rotation": [-10, 0, 0], "uv": [74, 16]},
						{"origin": [1, 9, 5], "size": [8, 5, 0], "pivot": [0, 9, 5], "rotation": [-10, 0, 0], "uv": [74, 16]},
						{"origin": [10, 9, 5], "size": [4, 2, 0], "pivot": [0, 9, 5], "rotation": [-10, 0, 0], "uv": [69, 49]}
					]
				}
			]
		}
	]
}