{
	"format_version": "1.12.0",
	"minecraft:geometry": [
		{
			"description": {
				"identifier": "geometry.unknown",
				"texture_width": 64,
				"texture_height": 64,
				"visible_bounds_width": 3,
				"visible_bounds_height": 2.5,
				"visible_bounds_offset": [0, 0.75, 0]
			},
			"bones": [
				{
					"name": "bone9",
					"pivot": [0, 0, 0],
					"cubes": [
						{"origin": [-3, 0, -3], "size": [6, 8, 6], "uv": [0, 8]},
						{"origin": [-5, 0, 3], "size": [10, 0, 8], "pivot": [0, 0, 3], "rotation": [22.5, 0, 0], "uv": [0, 0]},
						{"origin": [-4, 2.25, -4], "size": [2, 3, 1], "pivot": [0, 2.25, 0], "rotation": [20.94102, 8.42106, -20.94102], "uv": [32, 32]},
						{"origin": [2, 2.25, -4], "size": [2, 3, 1], "pivot": [0, 2.25, 0], "rotation": [20.94102, -8.42106, 20.94102], "uv": [26, 32]},
						{"origin": [-1, 7, -1], "size": [2, 5, 2], "pivot": [0, 0, 0], "rotation": [10, 0, 0], "uv": [0, 0]},
						{"origin": [-2, 10, -1.7], "size": [4, 4, 5], "pivot": [0, 0, 0], "rotation": [20, 0, 0], "uv": [19, 17]},
						{"origin": [-1, 13.63216, -4.21385], "size": [2, 4, 1], "inflate": 0.001, "pivot": [0, 13.75, -3.5], "rotation": [-9, 0, 0], "uv": [20, 32]},
						{"origin": [-1, 13.13216, -4.61385], "size": [2, 4, 1], "pivot": [0, 13.25, -4.5], "rotation": [6, 0, 0], "uv": [0, 7]},
						{"origin": [-1, 13.13216, -5.21385], "size": [2, 4, 1], "inflate": 0.001, "pivot": [0, 13.25, -4.5], "rotation": [18.5, 0, 0], "uv": [0, 22]},
						{"origin": [-1, 13.63216, -3.61385], "size": [2, 4, 1], "pivot": [0, 13.75, -3.5], "rotation": [-21.5, 0, 0], "uv": [14, 32]},
						{"origin": [-1.5, 10.8, -5.7], "size": [3, 2, 4], "pivot": [0, 0, 0], "rotation": [20, 0, 0], "uv": [0, 28]},
						{"origin": [-1, 10.3, -5.2], "size": [2, 1, 4], "pivot": [0, 0, 0], "rotation": [20, 0, 0], "uv": [32, 2]}
					]
				},
				{
					"name": "bone",
					"parent": "bone9",
					"pivot": [3, 8, 0],
					"rotation": [0, 0, 67.5],
					"cubes": [
						{"origin": [3, 8, -3], "size": [4, 0, 6], "uv": [22, 0]}
					]
				},
				{
					"name": "bone2",
					"parent": "bone",
					"pivot": [7, 8, 0],
					"rotation": [0, 0, -22.5],
					"cubes": [
						{"origin": [7, 8, -3], "size": [4, 0, 6], "uv": [16, 26]}
					]
				},
				{
					"name": "bone3",
					"parent": "bone2",
					"pivot": [11, 8, 0],
					"rotation": [0, 0, -22.5],
					"cubes": [
						{"origin": [11, 8, -3], "size": [4, 0, 6], "uv": [26, 14]}
					]
				},
				{
					"name": "bone4",
					"parent": "bone3",
					"pivot": [15, 8, 0],
					"rotation": [0, 0, -22.5],
					"cubes": [
						{"origin": [15, 8, -3], "size": [4, 0, 6], "uv": [8, 26]}
					]
				},
				{
					"name": "bone5",
					"parent": "bone9",
					"pivot": [-3, 8, 0],
					"rotation": [0, 0, -67.5],
					"cubes": [
						{"origin": [-7, 8, -3], "size": [4, 0, 6], "uv": [24, 26]}
					]
				},
				{
					"name": "bone6",
					"parent": "bone5",
					"pivot": [-7, 8, 0],
					"rotation": [0, 0, 22.5],
					"cubes": [
						{"origin": [-11, 8, -3], "size": [4, 0, 6], "uv": [0, 22]}
					]
				},
				{
					"name": "bone7",
					"parent": "bone6",
					"pivot": [-11, 8, 0],
					"rotation": [0, 0, 22.5],
					"cubes": [
						{"origin": [-15, 8, -3], "size": [4, 0, 6], "uv": [20, 8]}
					]
				},
				{
					"name": "bone8",
					"parent": "bone7",
					"pivot": [-15, 8, 0],
					"rotation": [0, 0, 22.5],
					"cubes": [
						{"origin": [-19, 8, -3], "size": [4, 0, 6], "uv": [12, 8]}
					]
				}
			]
		}
	]
}