{
	"format_version": "1.12.0",
	"minecraft:geometry": [
		{
			"description": {
				"identifier": "geometry.unknown",
				"texture_width": 32,
				"texture_height": 32,
				"visible_bounds_width": 3,
				"visible_bounds_height": 2.5,
				"visible_bounds_offset": [0, 0.75, 0]
			},
			"bones": [
				{
					"name": "bone11",
					"pivot": [0, 0, 0],
					"cubes": [
						{"origin": [-3, 0, -3], "size": [6, 4, 6], "uv": [0, 0]},
						{"origin": [-3.5, 0, -4], "size": [1, 1, 2], "pivot": [-3, 0, -3], "rotation": [0, 45, 0], "uv": [16, 11]},
						{"origin": [2, 0, 2], "size": [2, 1, 2], "pivot": [3, 0, 3], "rotation": [0, 45, 0], "uv": [14, 14]},
						{"origin": [-4, 0, 2], "size": [2, 1, 2], "pivot": [-3, 0, 3], "rotation": [0, -45, 0], "uv": [0, 16]},
						{"origin": [2.5, 0, -4], "size": [1, 1, 2], "pivot": [3, 0, -3], "rotation": [0, -45, 0], "uv": [0, 0]},
						{"origin": [-4, 3, 0], "size": [3, 4, 0], "pivot": [-3, 4, 0], "rotation": [0, 22.5, -22.5], "uv": [14, 17]},
						{"origin": [1, 3, 0], "size": [3, 4, 0], "pivot": [3, 4, 0], "rotation": [0, -22.5, 22.5], "uv": [8, 16]}
					]
				},
				{
					"name": "bone",
					"parent": "bone11",
					"pivot": [0, 4, 0],
					"rotation": [0, 0, 22.5],
					"cubes": [
						{"origin": [0, 4, -1.5], "size": [0, 3, 3], "uv": [10, 10]}
					]
				},
				{
					"name": "bone2",
					"parent": "bone",
					"pivot": [0, 7, 0],
					"rotation": [0, 0, 22.5],
					"cubes": [
						{"origin": [0, 7, -2.5], "size": [0, 3, 5], "uv": [0, 8]}
					]
				},
				{
					"name": "bone3",
					"parent": "bone2",
					"pivot": [0, 10, 0],
					"rotation": [0, 0, 22.5],
					"cubes": [
						{"origin": [0, 10, -2.5], "size": [0, 3, 5], "uv": [0, 5]}
					]
				},
				{
					"name": "bone4",
					"parent": "bone3",
					"pivot": [0, 13, 0],
					"rotation": [0, 0, 22.5],
					"cubes": [
						{"origin": [0, 13, -2], "size": [0, 3, 4], "uv": [10, 6]}
					]
				},
				{
					"name": "bone5",
					"parent": "bone4",
					"pivot": [0, 16, 0],
					"rotation": [0, 0, 22.5],
					"cubes": [
						{"origin": [0, 16, -1.5], "size": [0, 3, 3], "uv": [0, 0]}
					]
				},
				{
					"name": "bone6",
					"parent": "bone11",
					"pivot": [0, 4, 0],
					"rotation": [0, 0, -22.5],
					"cubes": [
						{"origin": [0, 4, -1.5], "size": [0, 3, 3], "uv": [10, 10]}
					]
				},
				{
					"name": "bone7",
					"parent": "bone6",
					"pivot": [0, 7, 0],
					"rotation": [0, 0, -22.5],
					"cubes": [
						{"origin": [0, 7, -2.5], "size": [0, 3, 5], "uv": [0, 8]}
					]
				},
				{
					"name": "bone8",
					"parent": "bone7",
					"pivot": [0, 10, 0],
					"rotation": [0, 0, -22.5],
					"cubes": [
						{"origin": [0, 10, -2.5], "size": [0, 3, 5], "uv": [0, 5]}
					]
				},
				{
					"name": "bone9",
					"parent": "bone8",
					"pivot": [0, 13, 0],
					"rotation": [0, 0, -22.5],
					"cubes": [
						{"origin": [0, 13, -2], "size": [0, 3, 4], "uv": [10, 6]}
					]
				},
				{
					"name": "bone10",
					"parent": "bone9",
					"pivot": [0, 16, 0],
					"rotation": [0, 0, -22.5],
					"cubes": [
						{"origin": [0, 16, -1.5], "size": [0, 3, 3], "uv": [0, 0]}
					]
				}
			]
		}
	]
}