{
	"format_version": "1.12.0",
	"minecraft:geometry": [
		{
			"description": {
				"identifier": "geometry.unknown",
				"texture_width": 64,
				"texture_height": 64,
				"visible_bounds_width": 3,
				"visible_bounds_height": 2.5,
				"visible_bounds_offset": [0, 0.75, 0]
			},
			"bones": [
				{
					"name": "bone29",
					"pivot": [0, 0, 0]
				},
				{
					"name": "bone9",
					"parent": "bone29",
					"pivot": [0, 0, 0],
					"rotation": [-22.5, 0, 0],
					"cubes": [
						{"origin": [-3, 0, -2], "size": [6, 5, 4], "uv": [28, 7]}
					]
				},
				{
					"name": "bone28",
					"parent": "bone9",
					"pivot": [0, 5, 0],
					"rotation": [22.5, 0, 0],
					"cubes": [
						{"origin": [-3, 5, -2], "size": [6, 5, 4], "inflate": 0.03, "uv": [20, 25]},
						{"origin": [-4, 8, -5], "size": [8, 3, 8], "inflate": 0.004, "pivot": [0, 12, 0], "rotation": [22.5, 0, 0], "uv": [0, 0]}
					]
				},
				{
					"name": "Arm",
					"parent": "bone28",
					"pivot": [3, 10, -2],
					"rotation": [0, -90, 45],
					"cubes": [
						{"origin": [3, 7, -7], "size": [4, 3, 5], "inflate": 0.02, "uv": [13, 34]}
					]
				},
				{
					"name": "bone18",
					"parent": "Arm",
					"pivot": [5, 8.25, -6.75],
					"rotation": [45, 0, 0],
					"cubes": [
						{"origin": [3, 6.75, -11.75], "size": [4, 3, 6], "uv": [0, 22]}
					]
				},
				{
					"name": "bone10",
					"parent": "bone18",
					"pivot": [4.5, 9.75, -11.25],
					"cubes": [
						{"origin": [3, 9.75, -11.75], "size": [1, 1, 1], "uv": [35, 18]}
					]
				},
				{
					"name": "bone11",
					"parent": "bone10",
					"pivot": [3.5, 10.75, -11.25],
					"cubes": [
						{"origin": [3, 10.75, -11.75], "size": [1, 2, 1], "pivot": [3.5, 10.75, -11.25], "rotation": [22.5, 0, 0], "uv": [30, 34]}
					]
				},
				{
					"name": "bone12",
					"parent": "bone18",
					"pivot": [4.5, 9.75, -11.25],
					"cubes": [
						{"origin": [4, 9.75, -11.75], "size": [1, 1, 1], "uv": [13, 34]}
					]
				},
				{
					"name": "bone13",
					"parent": "bone12",
					"pivot": [4.5, 10.75, -11.25],
					"cubes": [
						{"origin": [4, 10.75, -11.75], "size": [1, 2, 1], "pivot": [4.5, 10.75, -11.25], "rotation": [22.5, 0, 0], "uv": [26, 34]}
					]
				},
				{
					"name": "bone14",
					"parent": "bone18",
					"pivot": [5.5, 9.75, -11.25],
					"cubes": [
						{"origin": [5, 9.75, -11.75], "size": [1, 1, 1], "uv": [0, 34]}
					]
				},
				{
					"name": "bone15",
					"parent": "bone14",
					"pivot": [5.5, 10.75, -11.25],
					"cubes": [
						{"origin": [5, 10.75, -11.75], "size": [1, 2, 1], "pivot": [5.5, 10.75, -11.25], "rotation": [22.5, 0, 0], "uv": [34, 0]}
					]
				},
				{
					"name": "bone16",
					"parent": "bone18",
					"pivot": [6.5, 9.75, -11.25],
					"cubes": [
						{"origin": [6, 9.75, -11.75], "size": [1, 1, 1], "uv": [14, 26]}
					]
				},
				{
					"name": "bone17",
					"parent": "bone16",
					"pivot": [6.5, 10.75, -11.25],
					"cubes": [
						{"origin": [6, 10.75, -11.75], "size": [1, 2, 1], "pivot": [6.5, 10.75, -11.25], "rotation": [22.5, 0, 0], "uv": [32, 19]}
					]
				},
				{
					"name": "Arm2",
					"parent": "bone28",
					"pivot": [-3, 10, -2],
					"rotation": [0, 90, -45],
					"cubes": [
						{"origin": [-7, 7, -7], "size": [4, 3, 5], "inflate": 0.02, "uv": [0, 31]}
					]
				},
				{
					"name": "bone19",
					"parent": "Arm2",
					"pivot": [-5, 8.25, -6.75],
					"rotation": [45, 0, 0],
					"cubes": [
						{"origin": [-7, 6.75, -11.75], "size": [4, 3, 6], "uv": [18, 16]}
					]
				},
				{
					"name": "bone20",
					"parent": "bone19",
					"pivot": [-5.5, 9.75, -11.25],
					"cubes": [
						{"origin": [-7, 9.75, -11.75], "size": [1, 1, 1], "uv": [24, 11]}
					]
				},
				{
					"name": "bone21",
					"parent": "bone20",
					"pivot": [-6.5, 10.75, -11.25],
					"cubes": [
						{"origin": [-7, 10.75, -11.75], "size": [1, 2, 1], "pivot": [-6.5, 10.75, -11.25], "rotation": [22.5, 0, 0], "uv": [32, 16]}
					]
				},
				{
					"name": "bone22",
					"parent": "bone19",
					"pivot": [-5.5, 9.75, -11.25],
					"cubes": [
						{"origin": [-6, 9.75, -11.75], "size": [1, 1, 1], "uv": [18, 15]}
					]
				},
				{
					"name": "bone23",
					"parent": "bone22",
					"pivot": [-5.5, 10.75, -11.25],
					"cubes": [
						{"origin": [-6, 10.75, -11.75], "size": [1, 2, 1], "pivot": [-5.5, 10.75, -11.25], "rotation": [22.5, 0, 0], "uv": [13, 31]}
					]
				},
				{
					"name": "bone24",
					"parent": "bone19",
					"pivot": [-4.5, 9.75, -11.25],
					"cubes": [
						{"origin": [-5, 9.75, -11.75], "size": [1, 1, 1], "uv": [0, 15]}
					]
				},
				{
					"name": "bone25",
					"parent": "bone24",
					"pivot": [-4.5, 10.75, -11.25],
					"cubes": [
						{"origin": [-5, 10.75, -11.75], "size": [1, 2, 1], "pivot": [-4.5, 10.75, -11.25], "rotation": [22.5, 0, 0], "uv": [0, 31]}
					]
				},
				{
					"name": "bone26",
					"parent": "bone19",
					"pivot": [-3.5, 9.75, -11.25],
					"cubes": [
						{"origin": [-4, 9.75, -11.75], "size": [1, 1, 1], "uv": [4, 5]}
					]
				},
				{
					"name": "bone27",
					"parent": "bone26",
					"pivot": [-3.5, 10.75, -11.25],
					"cubes": [
						{"origin": [-4, 10.75, -11.75], "size": [1, 2, 1], "pivot": [-3.5, 10.75, -11.25], "rotation": [22.5, 0, 0], "uv": [24, 0]}
					]
				},
				{
					"name": "head",
					"parent": "bone28",
					"pivot": [0, 10, 0],
					"rotation": [10, 0, 0],
					"cubes": [
						{"origin": [1, 14, -1], "size": [3, 4, 0], "inflate": 0.004, "uv": [0, 11]},
						{"origin": [-3, 10, -4], "size": [6, 5, 6], "inflate": 0.004, "uv": [0, 11]},
						{"origin": [-1, 10, -6], "size": [2, 3, 2], "inflate": 0.004, "uv": [0, 0]},
						{"origin": [-4, 14, -1], "size": [3, 4, 0], "inflate": 0.004, "uv": [18, 11]}
					]
				},
				{
					"name": "bone8",
					"parent": "bone29",
					"pivot": [2, 0, -1.5],
					"rotation": [0, -22.5, 0]
				},
				{
					"name": "bone4",
					"parent": "bone8",
					"pivot": [2, 0, -1.5],
					"rotation": [-45, 0, 0],
					"cubes": [
						{"origin": [0.5, 0, -5.5], "size": [3, 3, 4], "inflate": 0.01, "uv": [24, 0]}
					]
				},
				{
					"name": "bone5",
					"parent": "bone4",
					"pivot": [2, 2.8, -5.5],
					"rotation": [112.5, 0, 0],
					"cubes": [
						{"origin": [0.5, 2.8, -10.225], "size": [3, 3, 5], "uv": [31, 34]}
					]
				},
				{
					"name": "bone6",
					"parent": "bone5",
					"pivot": [2, 2.8, -8.5],
					"rotation": [22.5, 0, 0],
					"cubes": [
						{"origin": [0.5, 2.8, -10.5], "size": [3, 4, 2], "inflate": 0.001, "uv": [0, 39]},
						{"origin": [3, 6.3, -10.5], "size": [1, 1, 2], "pivot": [3.5, 6.8, -10.5], "rotation": [0, 0, 45], "uv": [22, 13]},
						{"origin": [1.5, 6.8, -10.5], "size": [1, 1, 2], "uv": [0, 22]},
						{"origin": [0, 6.3, -10.5], "size": [1, 1, 2], "pivot": [0.5, 6.8, -10.5], "rotation": [0, 0, -45], "uv": [0, 5]}
					]
				},
				{
					"name": "bone7",
					"parent": "bone29",
					"pivot": [-2, 0, -1.5],
					"rotation": [0, 22.5, 0]
				},
				{
					"name": "bone3",
					"parent": "bone7",
					"pivot": [-2, 0, -1.5],
					"rotation": [-45, 0, 0],
					"cubes": [
						{"origin": [-3.5, 0, -5.5], "size": [3, 3, 4], "inflate": 0.01, "uv": [38, 0]}
					]
				},
				{
					"name": "bone2",
					"parent": "bone3",
					"pivot": [-2, 2.8, -5.5],
					"rotation": [112.5, 0, 0],
					"cubes": [
						{"origin": [-3.5, 2.8, -10.225], "size": [3, 3, 5], "uv": [36, 20]}
					]
				},
				{
					"name": "bone",
					"parent": "bone2",
					"pivot": [-2, 2.8, -8.5],
					"rotation": [22.5, 0, 0],
					"cubes": [
						{"origin": [-3.5, 2.8, -10.5], "size": [3, 4, 2], "inflate": 0.001, "uv": [40, 28]},
						{"origin": [-1, 6.3, -10.5], "size": [1, 1, 2], "pivot": [-0.5, 6.8, -10.5], "rotation": [0, 0, 45], "uv": [0, 25]},
						{"origin": [-2.5, 6.8, -10.5], "size": [1, 1, 2], "uv": [18, 25]},
						{"origin": [-4, 6.3, -10.5], "size": [1, 1, 2], "pivot": [-3.5, 6.8, -10.5], "rotation": [0, 0, -45], "uv": [14, 23]}
					]
				}
			]
		}
	]
}