{
	"format_version": "1.12.0",
	"minecraft:geometry": [
		{
			"description": {
				"identifier": "geometry.unknown",
				"texture_width": 64,
				"texture_height": 64,
				"visible_bounds_width": 3,
				"visible_bounds_height": 2.5,
				"visible_bounds_offset": [0, 0.75, 0]
			},
			"bones": [
				{
					"name": "bone6",
					"pivot": [0, 0, 0],
					"cubes": [
						{"origin": [-4, 0, -4], "size": [8, 8, 8], "uv": [0, 0]},
						{"origin": [-3, -0.23013, 5.03803], "size": [6, 5, 5], "pivot": [6, -3.05855, 3.86646], "rotation": [20, 0, 0], "uv": [32, 0]},
						{"origin": [0, 3.5, 4], "size": [0, 9, 6], "pivot": [0, -0.5, 1], "rotation": [12, 0, 0], "uv": [0, 27]},
						{"origin": [0, 3.5, 4], "size": [0, 9, 5], "pivot": [0, -0.5, 1], "rotation": [12.95655, 21.98235, 4.92216], "uv": [0, 50]},
						{"origin": [0, 3.5, 4], "size": [0, 9, 5], "pivot": [0, -0.5, 1], "rotation": [12.95655, -21.98235, -4.92216], "uv": [0, 50]},
						{"origin": [-3, 8, -3], "size": [6, 5, 6], "uv": [19, 17]},
						{"origin": [-2.5, 13, -4], "size": [5, 3, 7], "pivot": [0, 13, 3], "rotation": [10, 0, 0], "uv": [17, 28]},
						{"origin": [-2.5, 15.75, -4.5], "size": [5, 3, 7], "uv": [0, 23]},
						{"origin": [-4.5, 18.825, -5.5], "size": [9, 0, 7], "pivot": [0, 19, -4.5], "rotation": [40, 0, 0], "uv": [0, 16]},
						{"origin": [-0.3, 15.3, -4.525], "size": [1, 1, 0], "pivot": [0, 16, -5], "rotation": [0, 0, 45], "uv": [0, 20]},
						{"origin": [1.4, 15.6, -4.025], "size": [1, 1, 0], "pivot": [0, 16, -5], "rotation": [0, 0, 45], "uv": [0, 19]},
						{"origin": [-0.6, 13.6, -4.025], "size": [1, 1, 0], "pivot": [0, 16, -5], "rotation": [0, 0, 45], "uv": [4, 18]},
						{"origin": [1.5, 17.5, -7.475], "size": [1, 1, 0], "pivot": [0, 16, -5], "rotation": [-90, -45, 90], "uv": [4, 19]},
						{"origin": [1.5, 17.5, -2.525], "size": [1, 1, 0], "pivot": [0, 16, -5], "rotation": [-90, -45, 90], "uv": [2, 19]}
					]
				},
				{
					"name": "bone5",
					"parent": "bone6",
					"pivot": [-1, 0.25, 8.75],
					"rotation": [40, 0, 0],
					"cubes": [
						{"origin": [0, 1.75384, 13.61824], "size": [0, 4, 4], "pivot": [0, 3.75384, 13.61824], "rotation": [0, 0, -45], "uv": [24, 0]},
						{"origin": [0, 1.75384, 13.61824], "size": [0, 4, 4], "pivot": [0, 3.75384, 13.61824], "rotation": [0, 0, 45], "uv": [24, 0]},
						{"origin": [0, 1.75384, 13.61824], "size": [0, 4, 4], "uv": [24, 0]},
						{"origin": [-2, 1.75384, 9.61824], "size": [4, 4, 4], "uv": [8, 38]}
					]
				},
				{
					"name": "bone",
					"parent": "bone6",
					"pivot": [0, 0, 0],
					"cubes": [
						{"origin": [3, 0, -5], "size": [4, 4, 4], "uv": [44, 41]},
						{"origin": [3.5, 0, -6], "size": [3, 3, 1], "uv": [37, 19]},
						{"origin": [2.5, 2, -6.025], "size": [5, 2, 0], "uv": [24, 2]}
					]
				},
				{
					"name": "bone3",
					"parent": "bone6",
					"pivot": [-1.5, 0, 0],
					"rotation": [0, -22.5, 0],
					"cubes": [
						{"origin": [1.5, 10, -7], "size": [0, 1, 1], "uv": [2, 17]},
						{"origin": [1.5, 9, -6], "size": [3, 3, 6], "uv": [37, 10]},
						{"origin": [1.5, 12, -7], "size": [3, 0, 1], "uv": [0, 17]}
					]
				},
				{
					"name": "bone4",
					"parent": "bone6",
					"pivot": [1.5, 0, 0],
					"rotation": [0, 22.5, 0],
					"cubes": [
						{"origin": [-1.5, 10, -7], "size": [0, 1, 1], "uv": [0, 17]},
						{"origin": [-4.5, 9, -6], "size": [3, 3, 6], "uv": [35, 32]},
						{"origin": [-4.5, 12, -7], "size": [3, 0, 1], "uv": [0, 16]}
					]
				},
				{
					"name": "bone2",
					"parent": "bone6",
					"pivot": [0, 0, 0],
					"cubes": [
						{"origin": [-7, 0, -5], "size": [4, 4, 4], "uv": [39, 24]},
						{"origin": [-6.5, 0, -6], "size": [3, 3, 1], "uv": [0, 0]},
						{"origin": [-7.5, 2, -6.025], "size": [5, 2, 0], "uv": [24, 0]}
					]
				}
			]
		}
	]
}