{
	"format_version": "1.12.0",
	"minecraft:geometry": [
		{
			"description": {
				"identifier": "geometry.unknown",
				"texture_width": 128,
				"texture_height": 128,
				"visible_bounds_width": 4,
				"visible_bounds_height": 3.5,
				"visible_bounds_offset": [0, 1.25, 0]
			},
			"bones": [
				{
					"name": "bone3",
					"pivot": [0, 0, 0],
					"cubes": [
						{"origin": [-8, 2, -4], "size": [8, 8, 8], "pivot": [0, 10, 0], "rotation": [0, 0, 10], "uv": [32, 19]},
						{"origin": [0, 2, -4], "size": [8, 8, 8], "pivot": [0, 10, 0], "rotation": [0, 0, -10], "uv": [0, 27]},
						{"origin": [-8, 10, -5], "size": [16, 5, 10], "inflate": 0.001, "uv": [0, 0]},
						{"origin": [-4, 8, -5.075], "size": [8, 4, 0], "inflate": 0.001, "uv": [32, 15]},
						{"origin": [-6, 15, -4], "size": [12, 4, 8], "inflate": 0.001, "uv": [0, 15]},
						{"origin": [-3.5, 19, -3], "size": [7, 5, 6], "inflate": 0.001, "uv": [0, 43]},
						{"origin": [3.5, 20.5, -1], "size": [1, 2, 2], "inflate": 0.001, "uv": [0, 19]},
						{"origin": [-4.5, 20.5, -1], "size": [1, 2, 2], "inflate": 0.001, "uv": [0, 15]},
						{"origin": [-3.25, 21.25, -4], "size": [5, 5, 8], "inflate": 0.001, "pivot": [0, 23, 0], "rotation": [0, 0, 45], "uv": [24, 35]}
					]
				},
				{
					"name": "bone5",
					"parent": "bone3",
					"pivot": [6, 23, 0],
					"cubes": [
						{"origin": [5, 2, -1], "size": [2, 2, 2], "uv": [0, 0]},
						{"origin": [4, 0, -4], "size": [4, 2, 6], "uv": [42, 0]}
					]
				},
				{
					"name": "bone4",
					"parent": "bone3",
					"pivot": [-6, 23, 0],
					"cubes": [
						{"origin": [-7, 2, -1], "size": [2, 2, 2], "uv": [0, 4]},
						{"origin": [-8, 0, -4], "size": [4, 2, 6], "uv": [42, 35]}
					]
				},
				{
					"name": "bone",
					"parent": "bone3",
					"pivot": [12, 15, -2],
					"rotation": [0, -10, 22.5],
					"cubes": [
						{"origin": [9, 15, -3], "size": [6, 5, 3], "inflate": 0.001, "uv": [26, 48]},
						{"origin": [8, 20, -3], "size": [4, 5, 3], "inflate": 0.001, "pivot": [12, 20, -2], "rotation": [5, 0, -45], "uv": [55, 53]},
						{"origin": [10, 20, -3], "size": [4, 5, 3], "inflate": 0.001, "uv": [56, 16]},
						{"origin": [12, 20, -3], "size": [4, 5, 3], "inflate": 0.001, "pivot": [12, 20, -2], "rotation": [5, 0, 45], "uv": [14, 54]}
					]
				},
				{
					"name": "bone2",
					"parent": "bone3",
					"pivot": [-12, 15, -2],
					"rotation": [0, 10, -22.5],
					"cubes": [
						{"origin": [-15, 15, -3], "size": [6, 5, 3], "inflate": 0.001, "uv": [47, 45]},
						{"origin": [-16, 20, -3], "size": [4, 5, 3], "inflate": 0.001, "pivot": [-12, 20, -2], "rotation": [5, 0, -45], "uv": [0, 54]},
						{"origin": [-14, 20, -3], "size": [4, 5, 3], "inflate": 0.001, "uv": [41, 53]},
						{"origin": [-12, 20, -3], "size": [4, 5, 3], "inflate": 0.001, "pivot": [-12, 20, -2], "rotation": [5, 0, 45], "uv": [52, 8]}
					]
				}
			]
		}
	]
}