{
	"format_version": "1.12.0",
	"minecraft:geometry": [
		{
			"description": {
				"identifier": "geometry.unknown",
				"texture_width": 64,
				"texture_height": 64,
				"visible_bounds_width": 3,
				"visible_bounds_height": 2.5,
				"visible_bounds_offset": [0, 0.75, 0]
			},
			"bones": [
				{
					"name": "bone11",
					"pivot": [0, 0, 0],
					"cubes": [
						{"origin": [-3.5, 1, -3.5], "size": [7, 7, 7], "uv": [0, 16]},
						{"origin": [3.5, 2, -1.5], "size": [2, 6, 3], "pivot": [3.5, 8, 0], "rotation": [0, 0, -15], "uv": [13, 33]},
						{"origin": [-5.5, 2, -1.5], "size": [2, 6, 3], "pivot": [-3.5, 8, 0], "rotation": [0, 0, 90], "uv": [32, 6]},
						{"origin": [0.5, 0, -6.5], "size": [3, 1, 5], "pivot": [-1, 0, -2], "rotation": [0, -22.5, 0], "uv": [0, 30]},
						{"origin": [-3.5, -2.47487, -8.88909], "size": [3, 0, 3], "pivot": [1, 0, -2], "rotation": [-45, 22.5, 0], "uv": [8, 30]},
						{"origin": [-3.5, 0, -6.5], "size": [3, 1, 5], "pivot": [1, 0, -2], "rotation": [0, 22.5, 0], "uv": [24, 0]},
						{"origin": [0.5, -2.47487, -8.88909], "size": [3, 0, 3], "pivot": [-1, 0, -2], "rotation": [-45, -22.5, 0], "uv": [27, 36]},
						{"origin": [-3, 8, -3], "size": [6, 6, 6], "uv": [22, 24]},
						{"origin": [-6, 12, -3.025], "size": [12, 6, 0], "uv": [21, 16]},
						{"origin": [-1.5, 9.5, -4], "size": [3, 1, 1], "uv": [0, 0]},
						{"origin": [-1, 9, -3.5], "size": [2, 1, 1], "uv": [0, 2]}
					]
				},
				{
					"name": "bone10",
					"parent": "bone11",
					"pivot": [-13.5, 4, 3.5],
					"cubes": [
						{"origin": [-14.5, 0, -4.5], "size": [8, 8, 8], "uv": [0, 0]},
						{"origin": [-12.5, 2, -6.5], "size": [4, 4, 2], "uv": [0, 36]}
					]
				},
				{
					"name": "bone",
					"parent": "bone10",
					"pivot": [-13.5, 4, 3.5],
					"cubes": [
						{"origin": [-13.5, 3, 3.5], "size": [2, 2, 3], "uv": [40, 22]}
					]
				},
				{
					"name": "bone2",
					"parent": "bone",
					"pivot": [-13.5, 4, 6.5],
					"rotation": [0, 22.5, 0],
					"cubes": [
						{"origin": [-13.5, 3, 6.5], "size": [2, 2, 3], "uv": [40, 22]}
					]
				},
				{
					"name": "bone3",
					"parent": "bone2",
					"pivot": [-13.5, 4, 9.5],
					"rotation": [0, 22.5, 0],
					"cubes": [
						{"origin": [-13.5, 3, 9.5], "size": [2, 2, 3], "uv": [40, 22]}
					]
				},
				{
					"name": "bone4",
					"parent": "bone3",
					"pivot": [-13.5, 4, 12.5],
					"rotation": [0, 22.5, 0],
					"cubes": [
						{"origin": [-13.5, 3, 12.5], "size": [2, 2, 3], "uv": [40, 22]}
					]
				},
				{
					"name": "bone5",
					"parent": "bone4",
					"pivot": [-13.5, 4, 15.5],
					"rotation": [0, 22.5, 0],
					"cubes": [
						{"origin": [-13.5, 3, 15.5], "size": [2, 2, 3], "uv": [40, 22]}
					]
				},
				{
					"name": "bone6",
					"parent": "bone5",
					"pivot": [-13.5, 4, 18.5],
					"rotation": [0, 22.5, 0],
					"cubes": [
						{"origin": [-13.5, 3, 18.5], "size": [2, 2, 3], "uv": [40, 22]}
					]
				},
				{
					"name": "bone7",
					"parent": "bone6",
					"pivot": [-13.5, 4, 21.5],
					"rotation": [0, 22.5, 0],
					"cubes": [
						{"origin": [-13.5, 3, 21.5], "size": [2, 2, 3], "uv": [40, 22]}
					]
				},
				{
					"name": "bone8",
					"parent": "bone7",
					"pivot": [-13.5, 4, 24.5],
					"rotation": [0, 22.5, 0],
					"cubes": [
						{"origin": [-13.5, 3, 24.5], "size": [2, 2, 3], "uv": [40, 22]}
					]
				},
				{
					"name": "bone9",
					"parent": "bone8",
					"pivot": [-13.5, 4, 27.5],
					"rotation": [0, 22.5, 0],
					"cubes": [
						{"origin": [-13.5, 3, 27.5], "size": [2, 2, 3], "uv": [40, 22]}
					]
				}
			]
		}
	]
}