{
	"format_version": "1.12.0",
	"minecraft:geometry": [
		{
			"description": {
				"identifier": "geometry.unknown",
				"texture_width": 64,
				"texture_height": 64,
				"visible_bounds_width": 3,
				"visible_bounds_height": 2.5,
				"visible_bounds_offset": [0, 0.75, 0]
			},
			"bones": [
				{
					"name": "ivysaur_plushie",
					"pivot": [0.0204, 0, 1.39246],
					"rotation": [0, 23, 0],
					"cubes": [
						{"origin": [-3, 1.225, -3], "size": [6, 5, 8], "pivot": [0.5, 3.5, 1], "rotation": [-17.75, 0, 0], "uv": [0, 0]},
						{"origin": [-4.53363, 4.05898, 1.20846], "size": [3, 1, 4], "pivot": [0, 6.38108, 3.22318], "rotation": [12.83923, 53.51234, 25.30014], "uv": [0, 36]},
						{"origin": [-7.68982, 5.93552, 1.70846], "size": [3, 1, 3], "pivot": [0, 6.38108, 3.22318], "rotation": [-18.36779, 52.345, -13.27951], "uv": [0, 44]},
						{"origin": [4.68982, 5.93552, 1.70846], "size": [3, 1, 3], "pivot": [0, 6.38108, 3.22318], "rotation": [-11.95422, 30.47081, -8.21706], "uv": [42, 30]},
						{"origin": [1.53363, 4.05898, 1.20846], "size": [3, 1, 4], "pivot": [0, 6.38108, 3.22318], "rotation": [-23.26176, 23.39282, -32.83033], "uv": [26, 33]},
						{"origin": [4.68989, 5.9351, 1.72403], "size": [3, 1, 3], "pivot": [0, 6.38108, 3.22318], "rotation": [-16.92791, -39.07847, 15.55899], "uv": [40, 22]},
						{"origin": [1.53354, 4.05857, 1.22403], "size": [3, 1, 4], "pivot": [0, 6.38108, 3.22318], "rotation": [2.9484, -41.9582, -14.61777], "uv": [21, 0]},
						{"origin": [-4.53341, 4.05863, 1.22403], "size": [3, 1, 4], "pivot": [0, 6.38108, 3.22318], "rotation": [-19.36541, -16.09084, 35.41169], "uv": [29, 16]},
						{"origin": [-7.68975, 5.9351, 1.72403], "size": [3, 1, 3], "pivot": [0, 6.38108, 3.22318], "rotation": [-11.53377, -22.30987, 11.93031], "uv": [42, 7]},
						{"origin": [-2.83327, 6.225, -0.16414], "size": [5, 5, 5], "pivot": [0.05, 3.5, 1], "rotation": [-18.06083, 10.47029, -3.39136], "uv": [24, 22]},
						{"origin": [-2.86806, 5.16308, 2.65619], "size": [1, 4, 3], "pivot": [-2.66806, 7.16308, 4.15619], "rotation": [-19.65632, 6.90457, -13.92033], "uv": [10, 47]},
						{"origin": [1.91806, 5.16308, 1.65619], "size": [1, 4, 3], "pivot": [2.66806, 7.16308, 4.15619], "rotation": [-15.65671, 14.2826, 6.28707], "uv": [22, 46]},
						{"origin": [1.80193, 5.76575, 2.25725], "size": [1, 4, 3], "pivot": [0.02177, 7.36196, 3.7086], "rotation": [-68.02517, -59.22707, 69.50186], "uv": [35, 44]},
						{"origin": [-2.77598, 5.8081, 2.19718], "size": [1, 4, 3], "pivot": [0.02177, 7.36196, 3.7086], "rotation": [-37.14213, -77.3073, 36.51819], "uv": [44, 44]},
						{"origin": [-2.6, 3.7, -7.225], "size": [1, 1, 1], "pivot": [0.76969, 6.47105, -4.60133], "rotation": [0, -22.75, 0], "uv": [0, 3]},
						{"origin": [-1.83327, 11.225, 0.83586], "size": [3, 1, 3], "pivot": [0.05, 3.5, 1], "rotation": [-18.06083, 10.47029, -3.39136], "uv": [44, 16]},
						{"origin": [-2.35, 3.475, -7.025], "size": [6, 1, 7], "inflate": 0.05, "pivot": [0.76969, 6.47105, -4.60133], "rotation": [0, -22.75, 0], "uv": [22, 7]},
						{"origin": [2.9, 3.7, -7.225], "size": [1, 1, 1], "pivot": [0.76969, 6.47105, -4.60133], "rotation": [0, -22.75, 0], "uv": [0, 0]},
						{"origin": [-2.85, 4.225, -7.275], "size": [7, 5, 7], "pivot": [0.76969, 6.47105, -4.60133], "rotation": [0, -22.75, 0], "uv": [0, 14]},
						{"origin": [-4.9698, 5.57869, -5.59495], "size": [3, 3, 3], "pivot": [0.76969, 6.47105, -4.60133], "rotation": [-20.34712, 32.92641, 121.91135], "uv": [25, 39]},
						{"origin": [3.65745, 5.75935, -5.64673], "size": [3, 3, 3], "pivot": [0.76969, 6.47105, -4.60133], "rotation": [17.00552, -3.69933, -134.43863], "uv": [36, 0]},
						{"origin": [1.6, -0.2, -2.325], "size": [3, 5, 3], "pivot": [-0.4, 3.5, 1.675], "rotation": [-10.75, 0, 0], "uv": [13, 30]},
						{"origin": [1.99975, 0.50729, 2.22376], "size": [3, 4, 3], "pivot": [3.49975, 2.50729, 3.72376], "rotation": [-6, -18, 0], "uv": [12, 39]},
						{"origin": [2.5, -0.02407, 2.72215], "size": [2, 1, 2], "pivot": [3.5, 1.49161, 3.72297], "rotation": [0, -18, 0], "uv": [49, 0]},
						{"origin": [0.175, -0.02407, -2.32785], "size": [2, 1, 2], "pivot": [2.85, 1.49161, 4.22297], "rotation": [0, -18, 0], "uv": [48, 35]},
						{"origin": [-4.6, -0.2, -2.325], "size": [3, 5, 3], "pivot": [0.4, 3.5, 1.675], "rotation": [-10.75, 0, 0], "uv": [0, 27]},
						{"origin": [-2.175, -0.02407, -2.32785], "size": [2, 1, 2], "pivot": [-2.85, 1.49161, 4.22297], "rotation": [0, 18, 0], "uv": [22, 16]},
						{"origin": [-5, 0.50181, 2.11762], "size": [3, 4, 3], "pivot": [-3.5, 1.49161, 3.72297], "rotation": [-6, 18, 0], "uv": [38, 36]},
						{"origin": [-4.5, -0.02407, 2.72215], "size": [2, 1, 2], "pivot": [-3.5, 1.49161, 3.72297], "rotation": [0, 18, 0], "uv": [0, 49]}
					]
				}
			]
		}
	]
}