{
	"format_version": "1.12.0",
	"minecraft:geometry": [
		{
			"description": {
				"identifier": "geometry.unknown",
				"texture_width": 64,
				"texture_height": 64,
				"visible_bounds_width": 2,
				"visible_bounds_height": 2.5,
				"visible_bounds_offset": [0, 0.75, 0]
			},
			"bones": [
				{
					"name": "jolteon_plushie",
					"pivot": [0, 0.225, 0],
					"cubes": [
						{"origin": [-0.5, 15.525, -2.2], "size": [1, 1, 3], "pivot": [1.5, 15.2, -0.05], "rotation": [43.25, 0, 0], "uv": [47, 60]},
						{"origin": [-2.075, 14.51496, -1.13951], "size": [1, 1, 3], "pivot": [-1, 15.33996, 0.36049], "rotation": [34.56694, -17.92808, -17.719], "uv": [55, 39]},
						{"origin": [1.075, 14.51496, -1.13951], "size": [1, 1, 3], "pivot": [1, 15.33996, 0.36049], "rotation": [34.56694, 17.92808, 17.719], "uv": [55, 30]},
						{"origin": [-3, 9.8, -3.025], "size": [6, 5, 5], "uv": [0, 0]},
						{"origin": [-0.5, 7.925, -4.575], "size": [1, 1, 5], "pivot": [0, 8.425, -3.075], "rotation": [45, 0, 0], "uv": [32, 48]},
						{"origin": [0.5, 8.63211, -4.86789], "size": [1, 1, 5], "pivot": [0, 9.13211, -2.36789], "rotation": [47.69902, -17.05157, -17.86139], "uv": [47, 46]},
						{"origin": [0.9, 8.63211, -5.56789], "size": [1, 1, 5], "pivot": [0, 9.13211, -2.36789], "rotation": [61.91497, -36.72821, -48.25739], "uv": [47, 39]},
						{"origin": [1.5, 7.18211, -4.19289], "size": [1, 1, 4], "pivot": [1, 8.50711, -1.99289], "rotation": [76.48391, -20.3257, -55.31618], "uv": [17, 50]},
						{"origin": [0.5, 8.00711, -4.49289], "size": [2, 1, 5], "pivot": [1, 8.50711, -1.99289], "rotation": [67.7109, -9.80656, -22.56356], "uv": [13, 33]},
						{"origin": [2.48257, 7.77955, -4.15077], "size": [1, 1, 6], "pivot": [2.34789, 8.89521, -0.11957], "rotation": [134.76496, -62.95544, -95.10909], "uv": [0, 25]},
						{"origin": [1.09426, 8.6676, -2.37323], "size": [1, 1, 5], "pivot": [2.34789, 8.89521, -0.11957], "rotation": [18.2201, -72.20617, 9.27156], "uv": [24, 46]},
						{"origin": [1.91643, 8.6676, -2.15206], "size": [1, 1, 5], "pivot": [2.34789, 8.89521, -0.11957], "rotation": [161.11499, -72.83015, -135.22673], "uv": [8, 47]},
						{"origin": [1.88533, 8.22955, -3.0488], "size": [1, 1, 5], "pivot": [2.34789, 8.89521, -0.11957], "rotation": [55.65721, -66.98431, -10.44464], "uv": [47, 32]},
						{"origin": [0.5, 7.3, -5.2], "size": [1, 1, 6], "pivot": [1, 7.8, -2.7], "rotation": [65.75, 0, 0], "uv": [26, 0]},
						{"origin": [0.9, 8.85711, -0.15711], "size": [1, 1, 5], "pivot": [0, 9.35711, 1.64289], "rotation": [-37.47661, 51.51355, -30.96888], "uv": [45, 1]},
						{"origin": [0.5, 8.85711, -0.85711], "size": [1, 1, 6], "pivot": [0, 9.35711, 1.64289], "rotation": [-24.20828, 22.57022, -9.79055], "uv": [22, 21]},
						{"origin": [-0.5, 8.65, -1.15], "size": [1, 1, 5], "pivot": [0, 8.65, 2.35], "rotation": [-22.25, 0, 0], "uv": [45, 11]},
						{"origin": [0.5, 7.525, -1.525], "size": [1, 1, 5], "pivot": [1, 8.025, 1.975], "rotation": [-43, 0, 0], "uv": [45, 18]},
						{"origin": [1.5, 8.23211, -1.23211], "size": [1, 1, 5], "pivot": [1, 8.73211, 1.26789], "rotation": [-45.70132, 17.65516, -17.26548], "uv": [45, 25]},
						{"origin": [-1.5, 8.85711, -0.85711], "size": [1, 1, 5], "pivot": [0, 9.35711, 1.64289], "rotation": [-24.20828, -22.57022, 9.79055], "uv": [23, 35]},
						{"origin": [-1.5, 7.525, -1.525], "size": [1, 1, 6], "pivot": [-1, 8.025, 1.975], "rotation": [-43, 0, 0], "uv": [17, 5]},
						{"origin": [-2.5, 8.23211, -1.23211], "size": [1, 1, 5], "pivot": [-1, 8.73211, 1.26789], "rotation": [-45.70132, -17.65516, 17.26548], "uv": [37, 23]},
						{"origin": [-1.9, 8.85711, -0.15711], "size": [1, 1, 5], "pivot": [0, 9.35711, 1.64289], "rotation": [-37.47661, -51.51355, 30.96888], "uv": [31, 39]},
						{"origin": [-3.48257, 7.77955, -4.15077], "size": [1, 1, 6], "pivot": [-2.34789, 8.89521, -0.11957], "rotation": [134.76496, 62.95544, 95.10909], "uv": [13, 19]},
						{"origin": [-2.91643, 8.6676, -2.15206], "size": [1, 1, 5], "pivot": [-2.34789, 8.89521, -0.11957], "rotation": [161.11499, 72.83015, 135.22673], "uv": [39, 34]},
						{"origin": [-2.88533, 8.22955, -3.0488], "size": [1, 1, 5], "pivot": [-2.34789, 8.89521, -0.11957], "rotation": [55.65721, 66.98431, 10.44464], "uv": [8, 40]},
						{"origin": [-2.09426, 8.6676, -2.37323], "size": [1, 1, 5], "pivot": [-2.34789, 8.89521, -0.11957], "rotation": [18.2201, 72.20617, -9.27156], "uv": [39, 41]},
						{"origin": [-2.5, 7.18211, -4.19289], "size": [1, 1, 4], "pivot": [-1, 8.50711, -1.99289], "rotation": [76.48391, 20.3257, 55.31618], "uv": [37, 6]},
						{"origin": [-1.9, 8.63211, -6.56789], "size": [1, 1, 6], "pivot": [0, 9.13211, -2.36789], "rotation": [61.91497, 36.72821, 48.25739], "uv": [22, 13]},
						{"origin": [-2.5, 8.00711, -4.49289], "size": [2, 1, 5], "pivot": [-1, 8.50711, -1.99289], "rotation": [67.7109, 9.80656, 22.56356], "uv": [32, 16]},
						{"origin": [-1.5, 7.3, -4.2], "size": [1, 1, 5], "pivot": [-1, 7.8, -2.7], "rotation": [65.75, 0, 0], "uv": [0, 42]},
						{"origin": [-1.5, 8.63211, -4.86789], "size": [1, 1, 5], "pivot": [0, 9.13211, -2.36789], "rotation": [47.69902, 17.05157, 17.86139], "uv": [16, 42]},
						{"origin": [-2.5, 0.1, -1.875], "size": [5, 9, 4], "pivot": [0, 7.3, -1.075], "rotation": [20, 0, 0], "uv": [0, 11]},
						{"origin": [0.175, 1.33423, 3.40138], "size": [2, 3, 1], "pivot": [1.5, 3.20923, 4.35138], "rotation": [48.4007, 3.92094, -10.71204], "uv": [31, 45]},
						{"origin": [0.675, -0.66577, 3.40138], "size": [1, 2, 1], "pivot": [1.5, 3.20923, 4.35138], "rotation": [48.4007, 3.92094, -10.71204], "uv": [23, 33]},
						{"origin": [3.63197, 2.93794, 1.72961], "size": [2, 3, 1], "pivot": [4.35697, 3.18794, 2.57961], "rotation": [84.25839, 73.51959, 12.76715], "uv": [54, 58]},
						{"origin": [4.13197, 0.93794, 1.72961], "size": [1, 2, 1], "pivot": [4.35697, 3.18794, 2.57961], "rotation": [84.25839, 73.51959, 12.76715], "uv": [9, 26]},
						{"origin": [1.95148, -0.13825, 3.48768], "size": [2, 5, 1], "pivot": [3.05148, 2.36175, 3.76268], "rotation": [67.61652, 40.28244, 17.66271], "uv": [44, 56]},
						{"origin": [2.45148, -2.13825, 3.48768], "size": [1, 2, 1], "pivot": [3.05148, 2.36175, 3.76268], "rotation": [67.61652, 40.28244, 17.66271], "uv": [13, 33]},
						{"origin": [-5.63197, 2.93794, 1.72961], "size": [2, 3, 1], "pivot": [-4.35697, 3.18794, 2.57961], "rotation": [84.25839, -73.51959, -12.76715], "uv": [40, 48]},
						{"origin": [-5.13197, 0.93794, 1.72961], "size": [1, 2, 1], "pivot": [-4.35697, 3.18794, 2.57961], "rotation": [84.25839, -73.51959, -12.76715], "uv": [0, 0]},
						{"origin": [-3.95148, -0.13825, 3.48768], "size": [2, 5, 1], "pivot": [-3.05148, 2.36175, 3.76268], "rotation": [67.61652, -40.28244, -17.66271], "uv": [18, 56]},
						{"origin": [-3.45148, -2.13825, 3.48768], "size": [1, 2, 1], "pivot": [-3.05148, 2.36175, 3.76268], "rotation": [67.61652, -40.28244, -17.66271], "uv": [22, 21]},
						{"origin": [-2.175, 1.33423, 3.40138], "size": [2, 3, 1], "pivot": [-1.5, 3.20923, 4.35138], "rotation": [48.4007, -3.92094, 10.71204], "uv": [9, 60]},
						{"origin": [-1.675, -0.66577, 3.40138], "size": [1, 2, 1], "pivot": [-1.5, 3.20923, 4.35138], "rotation": [48.4007, -3.92094, 10.71204], "uv": [0, 25]},
						{"origin": [-3.325, 4.84603, -2.01328], "size": [2, 3, 2], "pivot": [-1.925, 3.34946, -1.74641], "rotation": [5.32899, -8.13064, 8.20565], "uv": [9, 54]},
						{"origin": [-2.42945, 0.49306, -2.76847], "size": [2, 5, 2], "pivot": [-1.87945, 1.49306, -1.83097], "rotation": [-7.00213, -8.08081, -8.07981], "uv": [53, 8]},
						{"origin": [-2.34608, 0.06903, -3.01017], "size": [2, 1, 2], "inflate": 0.1, "pivot": [-1.19608, 0.09403, -2.01017], "rotation": [3.04345, -6.85406, 1.16726], "uv": [42, 17]},
						{"origin": [1.325, 4.84603, -2.01328], "size": [2, 3, 2], "pivot": [1.925, 3.34946, -1.74641], "rotation": [5.32899, 8.13064, -8.20565], "uv": [19, 13]},
						{"origin": [0.42945, 0.49306, -2.76847], "size": [2, 5, 2], "pivot": [1.87945, 1.49306, -1.83097], "rotation": [-7.00213, 8.08081, 8.07981], "uv": [0, 52]},
						{"origin": [0.34608, 0.06903, -3.01017], "size": [2, 1, 2], "inflate": 0.1, "pivot": [1.19608, 0.09403, -2.01017], "rotation": [3.04345, 6.85406, -1.16726], "uv": [0, 60]},
						{"origin": [1.95, 1.28486, -2.82572], "size": [3, 5, 3], "pivot": [3.45, 1.48486, -1.05072], "rotation": [-95.5, -17.5, 0], "uv": [0, 33]},
						{"origin": [2.45, -1.21514, -3.05072], "size": [2, 1, 3], "inflate": 0.03, "pivot": [3.45, 1.48486, -0.67572], "rotation": [-48.25, 0.25, 0], "uv": [53, 18]},
						{"origin": [2.45, 0.68082, -1.39372], "size": [2, 3, 2], "pivot": [3.45, 1.48486, -0.67572], "rotation": [128.25, 0.25, 0], "uv": [35, 55]},
						{"origin": [-4.95, 1.28486, -2.82572], "size": [3, 5, 3], "pivot": [-3.45, 1.48486, -1.05072], "rotation": [-95.5, 17.5, 0], "uv": [31, 30]},
						{"origin": [-4.45, 0.68082, -1.39372], "size": [2, 3, 2], "pivot": [-3.45, 1.48486, -0.67572], "rotation": [128.25, -0.25, 0], "uv": [26, 55]},
						{"origin": [-4.45, -1.21514, -3.05072], "size": [2, 1, 3], "inflate": 0.03, "pivot": [-3.45, 1.48486, -0.67572], "rotation": [-48.25, -0.25, 0], "uv": [53, 0]},
						{"origin": [2.675, 10.025, 1.925], "size": [1, 4, 0], "pivot": [3.5, 12.3, 1.975], "rotation": [0, -45.25, 0], "uv": [0, 42]},
						{"origin": [2.44922, 9.4, 0.66772], "size": [1, 1, 2], "pivot": [3.24922, 10.3, 1.54272], "rotation": [-32, 54.75, 0], "uv": [46, 32]},
						{"origin": [2.74922, 10.925, 1.24272], "size": [1, 1, 2], "pivot": [3.24922, 11.775, 1.54272], "rotation": [-10.75, 54.75, 0], "uv": [37, 61]},
						{"origin": [2.77422, 12.325, 0.71772], "size": [1, 1, 3], "pivot": [3.24922, 12.925, 1.54272], "rotation": [11, 54.75, 0], "uv": [55, 53]},
						{"origin": [2.64922, 13.8, 0.54272], "size": [1, 1, 2], "pivot": [3.24922, 14.3, 1.54272], "rotation": [34.25, 54.75, 0], "uv": [30, 61]},
						{"origin": [-3.44922, 9.4, 0.66772], "size": [1, 1, 2], "pivot": [-3.24922, 10.3, 1.54272], "rotation": [-32, -54.75, 0], "uv": [24, 42]},
						{"origin": [-3.675, 10.025, 1.925], "size": [1, 4, 0], "pivot": [-3.5, 12.3, 1.975], "rotation": [0, 45.25, 0], "uv": [16, 40]},
						{"origin": [-3.74922, 10.925, 1.24272], "size": [1, 1, 2], "pivot": [-3.24922, 11.775, 1.54272], "rotation": [-10.75, -54.75, 0], "uv": [47, 7]},
						{"origin": [-3.77422, 12.325, 0.71772], "size": [1, 1, 3], "pivot": [-3.24922, 12.925, 1.54272], "rotation": [11, -54.75, 0], "uv": [55, 46]},
						{"origin": [-3.64922, 13.8, 0.54272], "size": [1, 1, 2], "pivot": [-3.24922, 14.3, 1.54272], "rotation": [34.25, -54.75, 0], "uv": [23, 61]},
						{"origin": [3.23241, 16.44286, 1.45577], "size": [8, 2, 1], "pivot": [6.22906, 15.41933, -0.87544], "rotation": [30.95512, -31.70505, -66.3786], "uv": [31, 12]},
						{"origin": [11.23241, 17.44286, 1.45577], "size": [1, 1, 1], "pivot": [6.22906, 15.41933, -0.87544], "rotation": [30.95512, -31.70505, -66.3786], "uv": [39, 41]},
						{"origin": [5.23241, 15.44286, 1.45577], "size": [4, 1, 1], "pivot": [6.22906, 15.41933, -0.87544], "rotation": [30.95512, -31.70505, -66.3786], "uv": [31, 23]},
						{"origin": [4.23241, 18.44286, 1.45577], "size": [5, 1, 1], "pivot": [6.22906, 15.41933, -0.87544], "rotation": [30.95512, -31.70505, -66.3786], "uv": [45, 53]},
						{"origin": [-11.23241, 16.44286, 1.45577], "size": [8, 2, 1], "pivot": [-6.22906, 15.41933, -0.87544], "rotation": [30.95512, 31.70505, 66.3786], "uv": [15, 29]},
						{"origin": [-9.23241, 18.44286, 1.45577], "size": [5, 1, 1], "pivot": [-6.22906, 15.41933, -0.87544], "rotation": [30.95512, 31.70505, 66.3786], "uv": [0, 49]},
						{"origin": [-9.23241, 15.44286, 1.45577], "size": [4, 1, 1], "pivot": [-6.22906, 15.41933, -0.87544], "rotation": [30.95512, 31.70505, 66.3786], "uv": [26, 8]},
						{"origin": [-12.23241, 17.44286, 1.45577], "size": [1, 1, 1], "pivot": [-6.22906, 15.41933, -0.87544], "rotation": [30.95512, 31.70505, 66.3786], "uv": [31, 16]},
						{"origin": [-2, 10.3, -5.025], "size": [4, 2, 2], "uv": [18, 0]},
						{"origin": [-0.5, 11.325, -5.05], "size": [1, 1, 1], "uv": [18, 62]},
						{"origin": [-1.5, 9.8, -4.55], "size": [3, 1, 4], "pivot": [0, 9.8, -2.775], "rotation": [12, 0, 0], "uv": [35, 0]}
					]
				}
			]
		}
	]
}