{
	"format_version": "1.12.0",
	"minecraft:geometry": [
		{
			"description": {
				"identifier": "geometry.unknown",
				"texture_width": 64,
				"texture_height": 64,
				"visible_bounds_width": 3,
				"visible_bounds_height": 2.5,
				"visible_bounds_offset": [0, 0.75, 0]
			},
			"bones": [
				{
					"name": "kakuna_plushie",
					"pivot": [0, 0, 0],
					"cubes": [
						{"origin": [2.2, 8.1, -3.425], "size": [6, 5, 6], "pivot": [4.7, 2.1, -1.925], "rotation": [0, -15.5, 0], "uv": [0, 15]},
						{"origin": [2.2, 4.625, -3.3], "size": [5, 4, 5], "pivot": [4.2, 6.6, -0.425], "rotation": [-10, -15.5, 0], "uv": [31, 0]},
						{"origin": [2.7, 2.525, -1.975], "size": [4, 3, 4], "pivot": [4.2, 6.6, -0.425], "rotation": [-33.5, -15.5, 0], "uv": [0, 39]},
						{"origin": [3.2, 1.175, -0.5], "size": [3, 2, 3], "pivot": [4.2, 6.6, -0.425], "rotation": [-48.5, -15.5, 0], "uv": [46, 45]},
						{"origin": [-1, 0, -3.55], "size": [3, 2, 4], "uv": [34, 41]},
						{"origin": [2, 0, -2.55], "size": [3, 2, 2], "uv": [47, 0]},
						{"origin": [-5.17935, 0, -5.20961], "size": [4, 3, 4], "pivot": [-3.17935, 1, -3.20961], "rotation": [0, -40.75, 0], "uv": [38, 33]},
						{"origin": [-3.10435, 0, -7.18461], "size": [2, 2, 3], "pivot": [-3.17935, 1, -3.20961], "rotation": [0, -6.5, 0], "uv": [27, 48]},
						{"origin": [-3.77935, 0, 1.20961], "size": [4, 3, 5], "pivot": [-3.17935, 1, 3.20961], "rotation": [0, 40.75, 0], "uv": [36, 10]},
						{"origin": [-3.95435, 0, 4.28461], "size": [2, 2, 3], "pivot": [-1.95435, 1, 3.20961], "rotation": [0, 85.75, 0], "uv": [0, 47]},
						{"origin": [-6, 0, -3], "size": [5, 6, 5], "uv": [0, 27]},
						{"origin": [-5.65, 6, -2.5], "size": [4, 9, 4], "uv": [21, 30]},
						{"origin": [-8.65, 13.975, -5.425], "size": [10, 4, 10], "uv": [0, 0]},
						{"origin": [-6.65, 17.975, -3.425], "size": [6, 2, 6], "uv": [19, 21]},
						{"origin": [-4.65, 19.975, -3.425], "size": [2, 2, 2], "uv": [42, 28]},
						{"origin": [-4.65, 19.975, 0.575], "size": [2, 2, 2], "uv": [52, 24]},
						{"origin": [-6.65, 19.975, -1.425], "size": [6, 2, 2], "uv": [19, 15]},
						{"origin": [-2.3, 13.025, -1.975], "size": [3, 4, 3], "pivot": [-3.65, 14.8, -1.575], "rotation": [0, 0, 42.75], "uv": [14, 44]},
						{"origin": [-1.35, 12.95, -1.475], "size": [8, 2, 2], "pivot": [-3.65, 14.8, -1.575], "rotation": [0, 0, 0], "uv": [38, 19]}
					]
				}
			]
		}
	]
}