{
	"format_version": "1.12.0",
	"minecraft:geometry": [
		{
			"description": {
				"identifier": "geometry.unknown",
				"texture_width": 64,
				"texture_height": 64,
				"visible_bounds_width": 3,
				"visible_bounds_height": 2.5,
				"visible_bounds_offset": [0, 0.75, 0]
			},
			"bones": [
				{
					"name": "bone3",
					"pivot": [0, 0, 0],
					"cubes": [
						{"origin": [-2, 0, -3], "size": [4, 3, 6], "uv": [10, 12]},
						{"origin": [-1, 3, -3], "size": [2, 2, 2], "uv": [29, 0]},
						{"origin": [-1.5, 5, -5], "size": [3, 2, 3], "inflate": 0.001, "uv": [29, 22]},
						{"origin": [-2, 5, -4], "size": [4, 3, 4], "uv": [17, 0]},
						{"origin": [2, 6, -5], "size": [0, 4, 8], "pivot": [2, 6, 0], "rotation": [-13.99285, 0.32805, 33.43093], "uv": [16, 13]},
						{"origin": [-2, 6, -5], "size": [0, 4, 8], "pivot": [-2, 6, 0], "rotation": [-13.99285, -0.32805, -33.43093], "uv": [0, 13]},
						{"origin": [-2.5, 7.5, -5], "size": [5, 5, 7], "pivot": [0, 8, -2], "rotation": [-11, 0, 0], "uv": [0, 0]},
						{"origin": [0, 6.5, 0], "size": [0, 5, 5], "pivot": [0, 8, -2], "rotation": [-31, 0, 0], "uv": [9, 20]},
						{"origin": [-0.05, 5.5, 3], "size": [0, 6, 8], "pivot": [0, 8, -2], "rotation": [-31, 0, 0], "uv": [0, 4]},
						{"origin": [-0.5, 6.6, -7.4], "size": [1, 1, 4], "pivot": [0, 8, -2], "rotation": [-26, 0, 0], "uv": [0, 32]},
						{"origin": [1, 0, -6], "size": [2, 2, 4], "pivot": [2, 0, -3], "rotation": [0, -22.5, 0], "uv": [27, 27]},
						{"origin": [-3, 0, -6], "size": [2, 2, 4], "pivot": [-2, 0, -3], "rotation": [0, 22.5, 0], "uv": [19, 25]}
					]
				},
				{
					"name": "bone",
					"parent": "bone3",
					"pivot": [-1.5, 1, 2],
					"rotation": [0, -15, 0],
					"cubes": [
						{"origin": [-3.5, 0, 2], "size": [3, 3, 3], "inflate": 0.002, "uv": [11, 31]},
						{"origin": [-3, 0.5, 3], "size": [2, 2, 5], "pivot": [-1.5, 1, 4], "rotation": [-22.5, 0, 0], "uv": [0, 25]}
					]
				},
				{
					"name": "bone2",
					"parent": "bone3",
					"pivot": [1.5, 1, 2],
					"rotation": [0, 15, 0],
					"cubes": [
						{"origin": [0.5, 0, 2], "size": [3, 3, 3], "inflate": 0.002, "uv": [30, 14]},
						{"origin": [1, 0.5, 3], "size": [2, 2, 5], "pivot": [1.5, 1, 4], "rotation": [-22.5, 0, 0], "uv": [24, 7]}
					]
				}
			]
		}
	]
}
