{
	"format_version": "1.12.0",
	"minecraft:geometry": [
		{
			"description": {
				"identifier": "geometry.unknown",
				"texture_width": 32,
				"texture_height": 32,
				"visible_bounds_width": 2,
				"visible_bounds_height": 2.5,
				"visible_bounds_offset": [0, 0.75, 0]
			},
			"bones": [
				{
					"name": "bone",
					"pivot": [0, 0, 0],
					"cubes": [
						{"origin": [-1, 2, -3.525], "size": [1, 1, 0], "pivot": [0.5, 4.25, -4], "rotation": [0, 0, 45], "uv": [2, 0]},
						{"origin": [-3.5, 0, -3.5], "size": [7, 7, 7], "uv": [0, 0]},
						{"origin": [-3.5, 3.75, -3.55], "size": [7, 1, 0], "uv": [0, 14]}
					]
				},
				{
					"name": "bone2",
					"parent": "bone",
					"pivot": [-0.5, 4.25, -4],
					"cubes": [
						{"origin": [0.75, 4.75, -3.525], "size": [1, 1, 0], "pivot": [-0.5, 4.25, -4], "rotation": [0, 0, 45], "uv": [0, 2]},
						{"origin": [-2.15, 5.65, -3.525], "size": [1, 1, 0], "pivot": [-0.5, 4.25, -4], "rotation": [0, 0, 90], "uv": [0, 1]},
						{"origin": [-1.65, 4.9, -3.52], "size": [1, 3, 0], "pivot": [-0.5, 4.25, -4], "rotation": [0, 0, 90], "uv": [0, 3]},
						{"origin": [-1.65, 1.65, -3.52], "size": [1, 3, 0], "pivot": [-0.5, 4.25, -4], "rotation": [0, 0, 90], "uv": [0, 3]},
						{"origin": [-2.15, 2.85, -3.525], "size": [1, 1, 0], "pivot": [-0.5, 4.25, -4], "rotation": [0, 0, 90], "uv": [0, 0]}
					]
				},
				{
					"name": "bone3",
					"parent": "bone",
					"pivot": [0, 3.5, 0],
					"cubes": [
						{"origin": [-1, 6.4, -2.1], "size": [2, 2, 2], "pivot": [0, 3.5, 0], "rotation": [0, 0, -90], "uv": [12, 14]},
						{"origin": [-2.6, 6.4, -2.2], "size": [2, 2, 2], "uv": [12, 14]},
						{"origin": [-1, 7, -1], "size": [2, 2, 2], "pivot": [0, 3.5, 0], "rotation": [0, 0, 90], "uv": [12, 14]}
					]
				},
				{
					"name": "bone4",
					"parent": "bone3",
					"pivot": [0, 3.5, 0],
					"rotation": [0, 0, 45],
					"cubes": [
						{"origin": [-1, 7.6, -1], "size": [2, 2, 2], "pivot": [0, 3.5, 0], "rotation": [-33, 0, -90], "uv": [12, 14]},
						{"origin": [-1, 7, 0.6], "size": [2, 2, 2], "uv": [12, 14]},
						{"origin": [-1, 7.6, -1], "size": [2, 2, 2], "pivot": [0, 3.5, 0], "rotation": [33, 0, 90], "uv": [12, 14]},
						{"origin": [-1, 7, 0.7], "size": [2, 2, 2], "pivot": [0, 3.5, 0], "rotation": [0, 0, -180], "uv": [12, 14]}
					]
				}
			]
		}
	]
}