{
	"format_version": "1.12.0",
	"minecraft:geometry": [
		{
			"description": {
				"identifier": "geometry.unknown",
				"texture_width": 64,
				"texture_height": 64,
				"visible_bounds_width": 3,
				"visible_bounds_height": 1.5,
				"visible_bounds_offset": [0, 0.25, 0]
			},
			"bones": [
				{
					"name": "bone",
					"pivot": [0, 0, 0],
					"cubes": [
						{"origin": [-3, 0, -7], "size": [6, 4, 12], "uv": [0, 0]},
						{"origin": [3.025, 1, -6.5], "size": [0, 1, 1], "uv": [0, 4]},
						{"origin": [-3.025, 1, -6.5], "size": [0, 1, 1], "uv": [0, 4]},
						{"origin": [3, 1.1, -5], "size": [7, 0, 8], "pivot": [0, 0.6, 0], "rotation": [0, 0, -8], "uv": [0, 23]},
						{"origin": [-10, 1.1, -5], "size": [7, 0, 8], "pivot": [0, 0.6, 0], "rotation": [0, 0, 8], "uv": [16, 0]},
						{"origin": [-3, 4, -2], "size": [0, 3, 6], "pivot": [-3, 4, 0], "rotation": [0, 0, -10], "uv": [0, 3]},
						{"origin": [3, 4, -2], "size": [0, 3, 6], "pivot": [3, 4, 0], "rotation": [0, 0, 10], "uv": [0, 0]},
						{"origin": [-6, 2, 5], "size": [12, 0, 7], "pivot": [0, 2, 5], "rotation": [10, 0, 0], "uv": [0, 16]}
					]
				}
			]
		}
	]
}