{
	"format_version": "1.12.0",
	"minecraft:geometry": [
		{
			"description": {
				"identifier": "geometry.unknown",
				"texture_width": 64,
				"texture_height": 64,
				"visible_bounds_width": 2,
				"visible_bounds_height": 2.5,
				"visible_bounds_offset": [0, 0.75, 0]
			},
			"bones": [
				{
					"name": "bone",
					"pivot": [0, 0, 0],
					"cubes": [
						{"origin": [-3, 0, -5], "size": [6, 4, 9], "uv": [0, 0]},
						{"origin": [3, 1, -5], "size": [5, 0, 4], "pivot": [3, 1, -0.5], "rotation": [0, 0, 10], "uv": [26, 6]},
						{"origin": [-8, 1, 0], "size": [5, 0, 4], "pivot": [-3, 1, -0.5], "rotation": [0, 0, -10], "uv": [19, 13]},
						{"origin": [-8, 1, -5], "size": [5, 0, 4], "pivot": [-3, 1, -0.5], "rotation": [0, 0, -10], "uv": [19, 17]},
						{"origin": [3, 1, 0], "size": [5, 0, 4], "pivot": [3, 1, -0.5], "rotation": [0, 0, 10], "uv": [16, 23]},
						{"origin": [-1.5, 4, -4.75], "size": [3, 5, 2], "uv": [33, 10]},
						{"origin": [-2, 9.475, -8.7], "size": [4, 3, 3], "inflate": 0.0001, "pivot": [0, 12, -3], "rotation": [10, 0, 0], "uv": [25, 31]},
						{"origin": [0, 12.475, -7.7], "size": [0, 2, 2], "inflate": 0.0001, "pivot": [0, 12, -3], "rotation": [10, 0, 0], "uv": [4, 15]},
						{"origin": [-2, 8, -7.75], "size": [4, 1, 5], "uv": [21, 0]},
						{"origin": [-2, 8, -5.75], "size": [4, 4, 3], "inflate": 0.001, "uv": [27, 24]},
						{"origin": [2.1, 9.75, -6.25], "size": [0, 1, 1], "inflate": 0.001, "uv": [0, 2]},
						{"origin": [-2.1, 9.75, -6.25], "size": [0, 1, 1], "inflate": 0.001, "uv": [0, 0]},
						{"origin": [2, 11, -5.75], "size": [0, 4, 4], "inflate": 0.001, "pivot": [0, 12, -3], "rotation": [-22.5, 0, 22.5], "uv": [0, 9]},
						{"origin": [-2, 11, -5.75], "size": [0, 4, 4], "inflate": 0.001, "pivot": [0, 12, -3], "rotation": [-22.5, 0, -22.5], "uv": [0, 0]},
						{"origin": [-3.5, 2, -5.2], "size": [7, 1, 9], "pivot": [0, 0, 0], "rotation": [-22.5, 0, 0], "uv": [0, 13]},
						{"origin": [-3, 2.5, -4.7], "size": [6, 3, 8], "inflate": 0.01, "pivot": [0, 0, 0], "rotation": [-22.5, 0, 0], "uv": [0, 23]},
						{"origin": [-0.5, 5.5, -1.7], "size": [1, 1, 2], "inflate": 0.01, "pivot": [0, 0, 0], "rotation": [-22.5, 0, 0], "uv": [0, 26]},
						{"origin": [0.15, 5.14024, 2.86566], "size": [1, 1, 2], "inflate": 0.01, "pivot": [1, 5, 2], "rotation": [4.11405, 22.13991, 100.80524], "uv": [0, 23]},
						{"origin": [-0.1, 1.86524, -2.13434], "size": [1, 1, 2], "inflate": 0.01, "pivot": [1, 5, 2], "rotation": [-4.11405, 22.13991, 79.19476], "uv": [0, 0]},
						{"origin": [-0.5, 1.86524, 2.86566], "size": [1, 1, 2], "inflate": 0.01, "pivot": [1, 5, 2], "rotation": [-4.11405, 22.13991, 79.19476], "uv": [0, 17]},
						{"origin": [-0.15, 5.14024, -2.13434], "size": [1, 1, 2], "inflate": 0.01, "pivot": [1, 5, 2], "rotation": [4.11405, 22.13991, 100.80524], "uv": [21, 6]}
					]
				}
			]
		}
	]
}