{
	"format_version": "1.12.0",
	"minecraft:geometry": [
		{
			"description": {
				"identifier": "geometry.unknown",
				"texture_width": 64,
				"texture_height": 64,
				"visible_bounds_width": 3,
				"visible_bounds_height": 2.5,
				"visible_bounds_offset": [0, 0.75, 0]
			},
			"bones": [
				{
					"name": "leafeon_plushie",
					"pivot": [0, 0.225, 0],
					"cubes": [
						{"origin": [-3, 9.8, -3.025], "size": [6, 5, 5], "uv": [0, 0]},
						{"origin": [-2.225, 13.8, -3.025], "size": [6, 6, 0], "pivot": [0, 16.8, -3.05], "rotation": [1.0874, 3.84959, 15.78654], "uv": [32, 4]},
						{"origin": [-2, 8.8, -2.025], "size": [4, 1, 3], "uv": [22, 33]},
						{"origin": [-2.15, 1.51817, 2.79505], "size": [3, 2, 4], "pivot": [0, 2.51817, 4.22005], "rotation": [57.68147, -12.27659, -43.64293], "uv": [19, 16]},
						{"origin": [-3.48527, 3.89783, 4.60573], "size": [2, 2, 2], "pivot": [-2.48527, 4.32283, 6.05573], "rotation": [80.31507, -5.56345, -33.26399], "uv": [43, 18]},
						{"origin": [-4.48527, 4.39783, 6.35573], "size": [3, 1, 2], "inflate": -0.01, "pivot": [-2.48527, 4.32283, 6.05573], "rotation": [82.1401, -7.94184, -48.68922], "uv": [37, 0]},
						{"origin": [-5.38183, 7.01986, 7.37077], "size": [4, 1, 3], "inflate": -0.05, "pivot": [-2.40683, 6.94486, 6.57077], "rotation": [83.08841, -8.77832, -55.20454], "uv": [31, 20]},
						{"origin": [-9.03934, 8.6357, 4.96923], "size": [4, 0, 5], "pivot": [-6.51434, 8.6357, 6.36923], "rotation": [88.05253, -10.98673, -83.54838], "uv": [18, 6]},
						{"origin": [-6.08099, 5.89204, 4.397], "size": [4, 1, 3], "pivot": [-4.08099, 6.39204, 5.897], "rotation": [79.07494, -2.27158, -15.26843], "uv": [10, 31]},
						{"origin": [-2.5, 0.1, -1.875], "size": [5, 9, 4], "pivot": [0, 7.3, -1.075], "rotation": [20, 0, 0], "uv": [0, 11]},
						{"origin": [-0.575, 6.92072, 2.30082], "size": [0, 3, 3], "pivot": [0.5, 8.42072, 4.05082], "rotation": [20.99699, -17.34765, -6.52843], "uv": [9, 41]},
						{"origin": [-0.475, 5.00819, -4.56289], "size": [0, 4, 3], "pivot": [0, 7.20819, -3.06289], "rotation": [7.59774, 22.81884, 2.9613], "uv": [22, 38]},
						{"origin": [-3.325, 4.84603, -2.08828], "size": [2, 3, 2], "pivot": [-1.925, 3.34946, -1.82141], "rotation": [5.32899, -8.13064, 8.20565], "uv": [42, 42]},
						{"origin": [-2.42945, 0.49306, -2.84347], "size": [2, 5, 2], "pivot": [-1.87945, 1.49306, -1.90597], "rotation": [-7.00213, -8.08081, -8.07981], "uv": [35, 36]},
						{"origin": [-2.34608, 0.06903, -3.08517], "size": [2, 1, 2], "inflate": 0.1, "pivot": [-1.19608, 0.09403, -2.08517], "rotation": [3.04345, -6.85406, 1.16726], "uv": [45, 4]},
						{"origin": [1.325, 4.84603, -2.08828], "size": [2, 3, 2], "pivot": [1.925, 3.34946, -1.82141], "rotation": [5.32899, 8.13064, -8.20565], "uv": [0, 41]},
						{"origin": [2.17945, 1.49306, -1.84347], "size": [1, 1, 0], "pivot": [1.87945, 1.49306, -1.90597], "rotation": [-4.75003, 9.57346, 22.67703], "uv": [23, 4]},
						{"origin": [-0.32055, 1.49306, -1.84347], "size": [1, 1, 0], "pivot": [1.87945, 1.49306, -1.90597], "rotation": [-8.57961, 6.37955, -4.40401], "uv": [19, 18]},
						{"origin": [-3.17945, 1.74306, -1.84347], "size": [1, 1, 0], "pivot": [-1.87945, 1.49306, -1.90597], "rotation": [-5.76874, -8.99997, -16.37063], "uv": [15, 13]},
						{"origin": [-0.67945, 1.74306, -1.84347], "size": [1, 1, 0], "pivot": [-1.87945, 1.49306, -1.90597], "rotation": [-5.57035, -9.12346, -17.63024], "uv": [19, 16]},
						{"origin": [0.42945, 0.49306, -2.84347], "size": [2, 5, 2], "pivot": [1.87945, 1.49306, -1.90597], "rotation": [-7.00213, 8.08081, 8.07981], "uv": [13, 36]},
						{"origin": [0.34608, 0.06903, -3.08517], "size": [2, 1, 2], "inflate": 0.1, "pivot": [1.19608, 0.09403, -2.08517], "rotation": [3.04345, 6.85406, -1.16726], "uv": [44, 36]},
						{"origin": [-0.55059, 14.44931, 0.62017], "size": [8, 2, 1], "pivot": [3.18875, 18.27054, 1.1827], "rotation": [13.57388, -25.57328, -36.91527], "uv": [19, 12]},
						{"origin": [7.44941, 15.44931, 0.62017], "size": [1, 1, 1], "pivot": [3.18875, 18.27054, 1.1827], "rotation": [13.57388, -25.57328, -36.91527], "uv": [26, 23]},
						{"origin": [1.44941, 13.44931, 0.62017], "size": [4, 1, 1], "pivot": [3.18875, 18.27054, 1.1827], "rotation": [13.57388, -25.57328, -36.91527], "uv": [29, 44]},
						{"origin": [1.22441, 12.14931, 0.82017], "size": [3, 1, 1], "pivot": [3.18875, 18.27054, 1.1827], "rotation": [-1.84872, -28.68223, -3.84827], "uv": [46, 15]},
						{"origin": [4.44941, 16.44931, 0.62017], "size": [2, 1, 1], "pivot": [3.18875, 18.27054, 1.1827], "rotation": [13.57388, -25.57328, -36.91527], "uv": [25, 47]},
						{"origin": [0.44941, 16.44931, 0.62017], "size": [3, 1, 1], "pivot": [3.18875, 18.27054, 1.1827], "rotation": [13.57388, -25.57328, -36.91527], "uv": [16, 46]},
						{"origin": [-7.44941, 14.44931, 0.62017], "size": [8, 2, 1], "pivot": [-3.18875, 18.27054, 1.1827], "rotation": [13.57388, 25.57328, 36.91527], "uv": [18, 0]},
						{"origin": [-6.44941, 16.44931, 0.62017], "size": [2, 1, 1], "pivot": [-3.18875, 18.27054, 1.1827], "rotation": [13.57388, 25.57328, 36.91527], "uv": [0, 47]},
						{"origin": [-5.44941, 13.44931, 0.62017], "size": [4, 1, 1], "pivot": [-3.18875, 18.27054, 1.1827], "rotation": [13.57388, 25.57328, 36.91527], "uv": [44, 25]},
						{"origin": [-8.44941, 15.44931, 0.62017], "size": [1, 1, 1], "pivot": [-3.18875, 18.27054, 1.1827], "rotation": [13.57388, 25.57328, 36.91527], "uv": [0, 0]},
						{"origin": [-3.44941, 16.44931, 0.62017], "size": [3, 1, 1], "pivot": [-3.18875, 18.27054, 1.1827], "rotation": [13.57388, 25.57328, 36.91527], "uv": [0, 33]},
						{"origin": [-4.22441, 12.14931, 0.82017], "size": [3, 1, 1], "pivot": [-3.18875, 18.27054, 1.1827], "rotation": [-1.84872, 28.68223, 3.84827], "uv": [26, 38]},
						{"origin": [-2, 9.75, -4.025], "size": [4, 2, 2], "uv": [0, 36]},
						{"origin": [-0.5, 10.725, -4.05], "size": [1, 1, 1], "uv": [10, 25]}
					]
				},
				{
					"name": "bone",
					"parent": "leafeon_plushie",
					"pivot": [-2.86274, 1.63431, 1.23526],
					"cubes": [
						{"origin": [2.072, -0.1211, -0.77557], "size": [2, 1, 3], "inflate": 0.03, "pivot": [2.86274, 1.63431, 1.23526], "rotation": [-0.34557, -21.92048, 0.25556], "uv": [35, 13]},
						{"origin": [1.60149, 2.0794, 0.96909], "size": [1, 1, 0], "pivot": [4.60149, 1.7294, 1.49409], "rotation": [-172.67833, -50.26487, 13.9857], "uv": [0, 13]},
						{"origin": [2.072, -0.10005, 0.58567], "size": [2, 3, 2], "pivot": [2.86274, 1.63431, 1.23526], "rotation": [-160.34557, -21.92048, 0.25556], "uv": [40, 30]},
						{"origin": [3.80149, 1.2294, 1.49409], "size": [1, 1, 0], "pivot": [4.60149, 1.7294, 1.49409], "rotation": [-172.67833, -50.26487, 13.9857], "uv": [15, 11]},
						{"origin": [1.22755, -0.62323, -2.19019], "size": [3, 4, 3], "pivot": [2.86274, 1.63431, 1.23526], "rotation": [-105.54489, -31.28406, 0.92349], "uv": [16, 23]},
						{"origin": [-4.22755, -0.62323, -2.19019], "size": [3, 4, 3], "pivot": [-2.86274, 1.63431, 1.23526], "rotation": [-105.54489, 31.28406, -0.92349], "uv": [0, 25]},
						{"origin": [-4.072, -0.10005, 0.58567], "size": [2, 3, 2], "pivot": [-2.86274, 1.63431, 1.23526], "rotation": [-160.34557, 21.92048, -0.25556], "uv": [43, 9]},
						{"origin": [-4.80149, 1.2294, 1.49409], "size": [1, 1, 0], "pivot": [-4.60149, 1.7294, 1.49409], "rotation": [-172.67833, 50.26487, -13.9857], "uv": [0, 11]},
						{"origin": [-2.60149, 2.0794, 0.96909], "size": [1, 1, 0], "pivot": [-4.60149, 1.7294, 1.49409], "rotation": [-172.67833, 50.26487, -13.9857], "uv": [0, 3]},
						{"origin": [-4.072, -0.1211, -0.77557], "size": [2, 1, 3], "inflate": 0.03, "pivot": [-2.86274, 1.63431, 1.23526], "rotation": [-0.34557, 21.92048, -0.25556], "uv": [36, 25]}
					]
				}
			]
		}
	]
}