{
	"format_version": "1.12.0",
	"minecraft:geometry": [
		{
			"description": {
				"identifier": "geometry.unknown",
				"texture_width": 64,
				"texture_height": 64,
				"visible_bounds_width": 2,
				"visible_bounds_height": 1.5,
				"visible_bounds_offset": [0, 0.25, 0]
			},
			"bones": [
				{
					"name": "bone",
					"pivot": [0, 0, 0],
					"cubes": [
						{"origin": [-3, 0, -3], "size": [6, 4, 6], "uv": [0, 10]},
						{"origin": [-5, 4.025, -5], "size": [10, 0, 10], "uv": [0, 0]},
						{"origin": [-5, 4.025, -5], "size": [10, 2, 0], "uv": [18, 12]},
						{"origin": [-5, 4.025, 5], "size": [10, 2, 0], "uv": [18, 10]},
						{"origin": [-5, 4.025, -5], "size": [0, 2, 10], "uv": [0, 12]},
						{"origin": [5, 4.025, -5], "size": [0, 2, 10], "uv": [0, 10]},
						{"origin": [2.5, 0, -3.5], "size": [1, 1, 1], "pivot": [3, 0, -3], "rotation": [0, -45, 0], "uv": [3, 3]},
						{"origin": [-3.5, 0, 2.5], "size": [1, 1, 1], "pivot": [-3, 0, 3], "rotation": [0, -45, 0], "uv": [0, 0]},
						{"origin": [2.5, 0, 2.5], "size": [1, 1, 1], "pivot": [3, 0, 3], "rotation": [0, 45, 0], "uv": [0, 2]},
						{"origin": [-3.5, 0, -3.5], "size": [1, 1, 1], "pivot": [-3, 0, -3], "rotation": [0, 45, 0], "uv": [3, 1]},
						{"origin": [-2.5, 1, -4], "size": [5, 1, 1], "uv": [18, 14]}
					]
				}
			]
		}
	]
}