{
	"format_version": "1.12.0",
	"minecraft:geometry": [
		{
			"description": {
				"identifier": "geometry.unknown",
				"texture_width": 64,
				"texture_height": 64,
				"visible_bounds_width": 3,
				"visible_bounds_height": 2.5,
				"visible_bounds_offset": [0, 0.75, 0]
			},
			"bones": [
				{
					"name": "bone5",
					"pivot": [0, 0, 0]
				},
				{
					"name": "bone6",
					"parent": "bone5",
					"pivot": [0, 9.8, 2.5],
					"rotation": [-22.5, 0, 0],
					"cubes": [
						{"origin": [-4, 0, -0.5], "size": [8, 9, 6], "uv": [0, 0]},
						{"origin": [-1.25, 5.6, -0.575], "size": [1, 1, 0], "uv": [0, 34]},
						{"origin": [0.25, 5.6, -0.575], "size": [1, 1, 0], "uv": [0, 34]},
						{"origin": [-3, 5, -1.5], "size": [6, 1, 1], "uv": [23, 26]},
						{"origin": [-3.5, 1.5, -1.25], "size": [2, 2, 1], "inflate": 0.001, "uv": [0, 0]},
						{"origin": [1.5, 1.5, -1.25], "size": [2, 2, 1], "inflate": 0.001, "uv": [0, 3]},
						{"origin": [2.5, 3.5, -1], "size": [1, 1, 1], "uv": [15, 24]},
						{"origin": [-3.5, 3.5, -1], "size": [1, 1, 1], "uv": [0, 24]},
						{"origin": [-3, 1.25, -1], "size": [6, 1, 1], "uv": [9, 26]},
						{"origin": [1.5, 4.5, -1.5], "size": [2, 2, 1], "inflate": 0.001, "uv": [28, 21]},
						{"origin": [-3.5, 4.5, -1.5], "size": [2, 2, 1], "inflate": 0.001, "uv": [28, 18]},
						{"origin": [-6.3, 9.8, 2.5], "size": [6, 9, 0], "pivot": [0, 9.8, 2.5], "rotation": [0, 0, -22.5], "uv": [12, 15]},
						{"origin": [-4.8, 14.3, 2.425], "size": [3, 3, 0], "pivot": [0, 9.8, 2.5], "rotation": [0, 0, -22.5], "uv": [0, 35]},
						{"origin": [0.3, 9.8, 2.5], "size": [6, 9, 0], "pivot": [0, 9.8, 2.5], "rotation": [0, 0, 22.5], "uv": [0, 15]},
						{"origin": [1.8, 14.3, 2.425], "size": [3, 3, 0], "pivot": [0, 9.8, 2.5], "rotation": [0, 0, 22.5], "uv": [0, 35]}
					]
				},
				{
					"name": "bone",
					"parent": "bone6",
					"pivot": [0, 0, 4.5],
					"rotation": [22.81179, 9.23186, 3.86032],
					"cubes": [
						{"origin": [-4, 0, -1.5], "size": [3, 3, 3], "uv": [25, 12]},
						{"origin": [-4, 0, -2.5], "size": [3, 4, 1], "uv": [14, 28]},
						{"origin": [-1.5, 4, -2.5], "size": [0, 1, 1], "uv": [3, 23]},
						{"origin": [-3.5, 4, -2.5], "size": [0, 1, 1], "uv": [14, 23]}
					]
				},
				{
					"name": "bone2",
					"parent": "bone6",
					"pivot": [0, 0, 4.5],
					"rotation": [22.81179, -9.23186, -3.86032],
					"cubes": [
						{"origin": [1, 0, -1.5], "size": [3, 3, 3], "uv": [22, 0]},
						{"origin": [1, 0, -2.5], "size": [3, 4, 1], "uv": [28, 6]},
						{"origin": [3.5, 4, -2.5], "size": [0, 1, 1], "uv": [22, 1]},
						{"origin": [1.5, 4, -2.5], "size": [0, 1, 1], "uv": [22, 0]}
					]
				},
				{
					"name": "bone4",
					"parent": "bone5",
					"pivot": [4, 6, 0],
					"rotation": [45, -45, 0],
					"cubes": [
						{"origin": [4, 4, -5], "size": [2, 2, 5], "uv": [0, 24]},
						{"origin": [4.7, 5, -5.05], "size": [2, 2, 1], "pivot": [6, 5, -4], "rotation": [20.94102, -8.42106, 20.94102], "uv": [31, 0]},
						{"origin": [3, 5, -5], "size": [2, 2, 1], "pivot": [4, 5, -5], "rotation": [22.5, 0, 0], "uv": [0, 31]},
						{"origin": [3, 4.05, -4.25], "size": [2, 1, 1], "pivot": [5, 4.55, -5.5], "rotation": [0, -22.5, 0], "uv": [6, 31]}
					]
				},
				{
					"name": "bone3",
					"parent": "bone5",
					"pivot": [-4, 6, 0],
					"rotation": [45, 45, 0],
					"cubes": [
						{"origin": [-6, 4, -5], "size": [2, 2, 5], "uv": [19, 19]},
						{"origin": [-5, 5, -5], "size": [2, 2, 1], "pivot": [-4, 5, -5], "rotation": [22.5, 0, 0], "uv": [28, 28]},
						{"origin": [-6.7, 5, -4.8], "size": [2, 2, 1], "pivot": [-6, 5, -4], "rotation": [20.94102, 8.42106, -20.94102], "uv": [22, 28]},
						{"origin": [-5, 4.05, -4.25], "size": [2, 1, 1], "pivot": [-5, 4.55, -5.5], "rotation": [0, 22.5, 0], "uv": [9, 24]}
					]
				}
			]
		}
	]
}