{
	"format_version": "1.12.0",
	"minecraft:geometry": [
		{
			"description": {
				"identifier": "geometry.shiny lugia plush",
				"texture_width": 64,
				"texture_height": 64,
				"visible_bounds_width": 3,
				"visible_bounds_height": 2.5,
				"visible_bounds_offset": [0, 0.75, 0]
			},
			"bones": [
				{
					"name": "lugiaplushie",
					"pivot": [0, 0, 0],
					"cubes": [
						{"origin": [-2.5, 4, -2], "size": [5, 3, 4], "uv": [18, 16]},
						{"origin": [-1.3, 6, -1], "size": [3, 3, 3], "pivot": [0, 0, 0], "rotation": [5, 0, 0], "uv": [32, 14]},
						{"origin": [-2.5, 8.5, -4], "size": [5, 5, 8], "pivot": [0, 8, 0], "rotation": [17.5, 0, 0], "uv": [38, 34]},
						{"origin": [-2.09, 10, 4], "size": [4, 3, 1], "pivot": [0, 8, 0], "rotation": [17.5, 0, 0], "uv": [51, 60]},
						{"origin": [2.5, 9, -4.4], "size": [0, 6, 8], "pivot": [2, 9, -4], "rotation": [17.64168, 7.15102, 2.26708], "uv": [13, 35]},
						{"origin": [-2.5, 9, -4.4], "size": [0, 6, 8], "pivot": [-2, 9, -4], "rotation": [17.64168, -7.15102, -2.26708], "uv": [13, 35], "mirror": true},
						{"origin": [-1.5, 8.5, -5], "size": [3, 3, 2], "pivot": [0, 8, 0], "rotation": [17.5, 0, 0], "uv": [20, 0]},
						{"origin": [-4, 0, -4], "size": [4, 3, 4], "pivot": [-2, 0, 0], "rotation": [0, 15, 0], "uv": [0, 20]},
						{"origin": [-4, 0, -5], "size": [3, 2, 1], "pivot": [-2, 0, 0], "rotation": [0, 15, 0], "uv": [32, 33]},
						{"origin": [-4, 0, -5.8], "size": [2, 4, 1], "pivot": [-3, 1, -2], "rotation": [0, 15, 0], "uv": [0, 10]},
						{"origin": [2, 0, -5.8], "size": [2, 4, 1], "pivot": [3, 1, -2], "rotation": [0, -15, 0], "uv": [0, 0]},
						{"origin": [1, 0, -5], "size": [3, 2, 1], "pivot": [2, 0, 0], "rotation": [0, -15, 0], "uv": [32, 33]},
						{"origin": [0, 0, -4], "size": [4, 3, 4], "pivot": [2, 0, 0], "rotation": [0, -15, 0], "uv": [0, 20]},
						{"origin": [1, 0, 1], "size": [0, 9, 4], "pivot": [1, 4, 2], "rotation": [-2.59775, 27.38656, -5.63304], "uv": [24, 26]},
						{"origin": [-1, 0, 1], "size": [0, 9, 4], "pivot": [-1, 4, 2], "rotation": [-2.59775, -27.38656, 5.63304], "uv": [0, 27]}
					]
				},
				{
					"name": "bone",
					"parent": "lugiaplushie",
					"pivot": [0, 1, 2],
					"rotation": [22.5, 0, 0],
					"cubes": [
						{"origin": [-1.5, 0, 2], "size": [3, 3, 4], "uv": [27, 7]},
						{"origin": [-0.75, 0.25, 5.2], "size": [2, 2, 5], "pivot": [0, 1, 6], "rotation": [37.5, 0, 0], "uv": [26, 0]},
						{"origin": [-2.75, 3.69622, 6.79366], "size": [6, 0, 6], "pivot": [0, 4, 9], "rotation": [67.5, 0, 0], "uv": [30, 50]},
						{"origin": [-3.5, -0.17162, -2.06533], "size": [7, 4, 6], "pivot": [0, 3, 3], "rotation": [-22.5, 0, 0], "uv": [0, 0]}
					]
				},
				{
					"name": "bone2",
					"parent": "lugiaplushie",
					"pivot": [2, 6, 1],
					"cubes": [
						{"origin": [7.51523, 4.22208, 0], "size": [1, 3, 1], "pivot": [2, 6, 1], "rotation": [0, 17.5, -15], "uv": [12, 20]},
						{"origin": [0.51523, 4.72208, 0], "size": [7, 2, 1], "pivot": [2, 6, 1], "rotation": [0, 17.5, -15], "uv": [46, 60]},
						{"origin": [3.51523, 4.22208, 0], "size": [4, 0.5, 1], "pivot": [2, 6, 1], "rotation": [0, 17.5, -15], "uv": [0, 64]},
						{"origin": [3.51523, 6.72208, 0], "size": [4, 0.5, 1], "pivot": [2, 6, 1], "rotation": [0, 17.5, -15], "uv": [0, 64]}
					]
				},
				{
					"name": "bone3",
					"parent": "lugiaplushie",
					"pivot": [-2, 6, 1],
					"cubes": [
						{"origin": [-8.51523, 4.22208, 0], "size": [1, 3, 1], "pivot": [-2, 6, 1], "rotation": [0, -17.5, 15], "uv": [12, 20], "mirror": true},
						{"origin": [-7.51523, 4.72208, 0], "size": [7, 2, 1], "pivot": [-2, 6, 1], "rotation": [0, -17.5, 15], "uv": [46, 60], "mirror": true},
						{"origin": [-7.51523, 4.22208, 0], "size": [4, 0.5, 1], "pivot": [-2, 6, 1], "rotation": [0, -17.5, 15], "uv": [0, 64], "mirror": true},
						{"origin": [-7.51523, 6.72208, 0], "size": [4, 0.5, 1], "pivot": [-2, 6, 1], "rotation": [0, -17.5, 15], "uv": [0, 64], "mirror": true}
					]
				}
			]
		}
	]
}