{
	"format_version": "1.12.0",
	"minecraft:geometry": [
		{
			"description": {
				"identifier": "geometry.unknown",
				"texture_width": 32,
				"texture_height": 32,
				"visible_bounds_width": 2,
				"visible_bounds_height": 1.5,
				"visible_bounds_offset": [0, 0.25, 0]
			},
			"bones": [
				{
					"name": "bone",
					"pivot": [0, 0, 0],
					"cubes": [
						{"origin": [-4, 0, -1], "size": [8, 2, 5], "uv": [0, 0]},
						{"origin": [4, 0, -1], "size": [2, 2, 2], "inflate": 0.001, "pivot": [0, 0, 0], "rotation": [0, -45, 0], "uv": [0, 12]},
						{"origin": [0, 2, -1], "size": [2, 0, 2], "inflate": 0.001, "pivot": [0, 0, 0], "rotation": [0, -45, 0], "uv": [4, 12]},
						{"origin": [0.5, 2.025, -0.5], "size": [1, 0, 1], "inflate": 0.001, "pivot": [0, 0, 0], "rotation": [0, -45, 0], "uv": [5, 14]},
						{"origin": [-0.5, 2.025, -2.5], "size": [2, 0, 1], "inflate": 0.001, "pivot": [0, 0, 0], "rotation": [0, -45, 0], "uv": [5, 14]},
						{"origin": [6.025, 0.5, -0.5], "size": [0, 1, 1], "inflate": 0.001, "pivot": [0, 0, 0], "rotation": [0, -45, 0], "uv": [0, 0]},
						{"origin": [-1, 0, -4], "size": [5, 2, 3], "uv": [0, 7]}
					]
				}
			]
		}
	]
}