{
	"format_version": "1.12.0",
	"minecraft:geometry": [
		{
			"description": {
				"identifier": "geometry.unknown",
				"texture_width": 64,
				"texture_height": 64,
				"visible_bounds_width": 3,
				"visible_bounds_height": 2.5,
				"visible_bounds_offset": [0, 0.75, 0]
			},
			"bones": [
				{
					"name": "bone",
					"pivot": [0, 0, 0],
					"cubes": [
						{"origin": [-3, 0.7, -3], "size": [6, 6, 6], "inflate": 0.25, "uv": [0, 8]},
						{"origin": [3.25, 1.2, -3], "size": [0, 6, 6], "pivot": [3.25, 6.75, 0], "rotation": [0, 0, -112.5], "uv": [14, 18]},
						{"origin": [-3.25, 1.2, -3], "size": [0, 6, 6], "pivot": [-3.25, 6.75, 0], "rotation": [0, 0, 112.5], "uv": [18, 2]},
						{"origin": [-3, 5.7, -3], "size": [6, 4, 6], "pivot": [0, 6, 0], "rotation": [-22.5, 0, 0], "uv": [18, 14]},
						{"origin": [0, 11, -0.5], "size": [0, 6, 7], "pivot": [0, 10, 0], "rotation": [-45, 0, 0], "uv": [0, 13]},
						{"origin": [0, 3.8, -9.1], "size": [0, 7, 7], "pivot": [0, 6.75, -3], "rotation": [-35, 0, 0], "uv": [0, 19]},
						{"origin": [-3.5, 0, -3.5], "size": [7, 1, 7], "uv": [0, 0]},
						{"origin": [1.7, 3, -3.4], "size": [2, 2, 2], "uv": [26, 24]},
						{"origin": [-3.7, 3, -3.4], "size": [2, 2, 2], "uv": [21, 0]}
					]
				}
			]
		}
	]
}