{
	"format_version": "1.12.0",
	"minecraft:geometry": [
		{
			"description": {
				"identifier": "geometry.unknown",
				"texture_width": 32,
				"texture_height": 32,
				"visible_bounds_width": 3,
				"visible_bounds_height": 2.5,
				"visible_bounds_offset": [0, 0.75, 0]
			},
			"bones": [
				{
					"name": "bone6",
					"pivot": [0, 0, 0],
					"cubes": [
						{"origin": [-3, 0, -3], "size": [6, 6, 6], "uv": [0, 0]},
						{"origin": [-0.5, 2.5, -3.1], "size": [1, 1, 0], "uv": [0, 23]}
					]
				},
				{
					"name": "bone",
					"parent": "bone6",
					"pivot": [3, 3, 0],
					"rotation": [0, 0, 6],
					"cubes": [
						{"origin": [5, 3.5, -1], "size": [3, 2, 2], "uv": [0, 19]},
						{"origin": [5, 0.5, -1], "size": [3, 2, 2], "uv": [18, 0]},
						{"origin": [3, 0.5, -1], "size": [2, 5, 2], "uv": [8, 12]}
					]
				},
				{
					"name": "bone2",
					"parent": "bone6",
					"pivot": [-3, 3, 0],
					"rotation": [0, 0, -6],
					"cubes": [
						{"origin": [-5, 0.5, -1], "size": [2, 5, 2], "uv": [0, 12]},
						{"origin": [-8, 3.5, -1], "size": [3, 2, 2], "uv": [16, 16]},
						{"origin": [-8, 0.5, -1], "size": [3, 2, 2], "uv": [16, 12]}
					]
				},
				{
					"name": "bone3",
					"parent": "bone6",
					"pivot": [0, 6, 0],
					"rotation": [10, 0, 0],
					"cubes": [
						{"origin": [-0.5, 5, -0.5], "size": [1, 2, 1], "uv": [22, 20]},
						{"origin": [-1, 7, -1], "size": [2, 1, 2], "uv": [10, 19]}
					]
				},
				{
					"name": "bone5",
					"parent": "bone6",
					"pivot": [0, 0, 0],
					"rotation": [0, -15, 0],
					"cubes": [
						{"origin": [1.24118, 0.5, -4.96593], "size": [1, 1, 2], "uv": [0, 3]},
						{"origin": [0.74118, 0, -5.96593], "size": [2, 2, 1], "uv": [0, 0]}
					]
				},
				{
					"name": "bone4",
					"parent": "bone6",
					"pivot": [0, 0, 0],
					"rotation": [0, 15, 0],
					"cubes": [
						{"origin": [-2.24118, 0.5, -4.96593], "size": [1, 1, 2], "uv": [16, 20]},
						{"origin": [-2.74118, 0, -5.96593], "size": [2, 2, 1], "uv": [9, 22]}
					]
				}
			]
		}
	]
}