{
	"format_version": "1.12.0",
	"minecraft:geometry": [
		{
			"description": {
				"identifier": "geometry.unknown",
				"texture_width": 32,
				"texture_height": 32,
				"visible_bounds_width": 2,
				"visible_bounds_height": 2.5,
				"visible_bounds_offset": [0, 0.75, 0]
			},
			"bones": [
				{
					"name": "bone7",
					"pivot": [0, 1, -1]
				},
				{
					"name": "Foot",
					"parent": "bone7",
					"pivot": [0, 1, -1],
					"rotation": [67.5, 0, 0]
				},
				{
					"name": "bone",
					"parent": "Foot",
					"pivot": [2, 0.3, -1],
					"rotation": [-40, 0, 22.5],
					"cubes": [
						{"origin": [1.42262, 1.20631, -2], "size": [1, 1, 1], "pivot": [2, 0.3, -1], "rotation": [0, 0, -25], "uv": [22, 3]},
						{"origin": [1.57738, 1.20631, -2], "size": [1, 1, 1], "pivot": [2, 0.3, -1], "rotation": [0, 0, 25], "uv": [21, 18]},
						{"origin": [1, -0.7, -2], "size": [2, 2, 1], "inflate": 0.002, "uv": [21, 15]}
					]
				},
				{
					"name": "bone2",
					"parent": "Foot",
					"pivot": [-2, 0.3, -1],
					"rotation": [-40, 0, -22.5],
					"cubes": [
						{"origin": [-3, -0.7, -2], "size": [2, 2, 1], "inflate": 0.002, "uv": [9, 17]},
						{"origin": [-3, 1.3, -2], "size": [1, 1, 1], "pivot": [-2, 1.3, -1], "rotation": [0, 0, -25], "uv": [0, 10]},
						{"origin": [-2, 1.3, -2], "size": [1, 1, 1], "pivot": [-2, 1.3, -1], "rotation": [0, 0, 25], "uv": [0, 8]}
					]
				},
				{
					"name": "bone3",
					"parent": "Foot",
					"pivot": [0, 1, 7],
					"rotation": [10, 0, 0],
					"cubes": [
						{"origin": [-3.5, -2, -1], "size": [7, 4, 4], "uv": [0, 0]}
					]
				},
				{
					"name": "bone5",
					"parent": "bone3",
					"pivot": [3.5, 1, 3],
					"rotation": [0, 33, 0],
					"cubes": [
						{"origin": [3.5, -1.5, 0], "size": [3, 3, 3], "uv": [12, 17]}
					]
				},
				{
					"name": "bone6",
					"parent": "bone3",
					"pivot": [-3.5, 1, 3],
					"rotation": [0, -33, 0],
					"cubes": [
						{"origin": [-6.5, -1.5, 0], "size": [3, 3, 3], "uv": [0, 17]}
					]
				},
				{
					"name": "bone4",
					"parent": "bone3",
					"pivot": [0, 0, 3],
					"rotation": [21, 0, 0],
					"cubes": [
						{"origin": [-1.75, 2.62, 3.75], "size": [1, 0, 1], "pivot": [-1, 2.525, 4.5], "rotation": [0, -45, 0], "uv": [17, 3]},
						{"origin": [-1, 2.625, 3.45], "size": [2, 0, 1], "uv": [15, 11]},
						{"origin": [0.75, 2.62, 3.75], "size": [1, 0, 1], "pivot": [1, 2.525, 4.5], "rotation": [0, 45, 0], "uv": [0, 17]},
						{"origin": [-0.5, 2.62, 4.5], "size": [1, 0, 2], "pivot": [1, 2.525, 4.5], "rotation": [0, 67.5, 0], "uv": [0, 2]},
						{"origin": [-0.5, 2.62, 4.5], "size": [1, 0, 2], "pivot": [-1, 2.525, 4.5], "rotation": [0, -67.5, 0], "uv": [0, 0]},
						{"origin": [-1, -1, 7], "size": [2, 2, 2], "uv": [20, 11]},
						{"origin": [-4.9, 0, 6], "size": [4, 0, 3], "pivot": [0, 1, 7], "rotation": [0, 22.5, 0], "uv": [15, 0]},
						{"origin": [0.9, 0, 6], "size": [4, 0, 3], "pivot": [0, 1, 7], "rotation": [0, -22.5, 0], "uv": [13, 8]},
						{"origin": [-3, -2.5, 3], "size": [6, 5, 4], "uv": [0, 8]}
					]
				}
			]
		}
	]
}