{
	"format_version": "1.12.0",
	"minecraft:geometry": [
		{
			"description": {
				"identifier": "geometry.unknown",
				"texture_width": 32,
				"texture_height": 32,
				"visible_bounds_width": 2,
				"visible_bounds_height": 2.5,
				"visible_bounds_offset": [0, 0.75, 0]
			},
			"bones": [
				{
					"name": "metapod_plushie",
					"pivot": [0, 0, 0],
					"cubes": [
						{"origin": [-1.475, 0, -2], "size": [4, 4, 5], "pivot": [0.525, 1.85553, 3.46917], "rotation": [0, 6.25, 0], "uv": [0, 10]},
						{"origin": [-2, -1.55, -6.375], "size": [4, 4, 5], "inflate": 0.1, "pivot": [0, 0, 0], "rotation": [-47.5, 0, 0], "uv": [0, 0]},
						{"origin": [2.125, 2.475, -3.575], "size": [0, 2, 2], "uv": [0, 10]},
						{"origin": [1.175, 3.975, -3.575], "size": [1, 1, 2], "uv": [26, 13]},
						{"origin": [2.15, 3.225, -3.075], "size": [0, 1, 1], "uv": [14, 12]},
						{"origin": [-2.175, 3.975, -3.575], "size": [1, 1, 2], "uv": [19, 13]},
						{"origin": [-2.15, 3.225, -3.075], "size": [0, 1, 1], "uv": [14, 0]},
						{"origin": [-2.125, 2.475, -3.575], "size": [0, 2, 2], "uv": [0, 0]},
						{"origin": [-0.5, 3.56851, -2.47379], "size": [1, 2, 3], "inflate": 0.1, "pivot": [0, 4.14351, -0.47379], "rotation": [-64.75, 0, 0], "uv": [8, 22]},
						{"origin": [-2, 6.39735, -5.56409], "size": [4, 3, 3], "pivot": [0, 6.84735, -5.66409], "rotation": [-73, 0, 0], "uv": [16, 17]},
						{"origin": [-1.5, 6.89735, -7.43909], "size": [3, 2, 2], "pivot": [0, 6.84735, -5.66409], "rotation": [-88.75, 0, 0], "uv": [0, 20]},
						{"origin": [-2.5, -0.25, -5.35], "size": [5, 2, 3], "pivot": [0, 1.225, -5.075], "rotation": [15.25, 0, 0], "uv": [16, 7]},
						{"origin": [-1, 1.67429, -5.45131], "size": [2, 2, 2], "pivot": [-1.5, 1.14929, -5.17631], "rotation": [3, 0, 0], "uv": [0, 26]},
						{"origin": [-0.975, 0.07578, 2.84171], "size": [3, 3, 3], "pivot": [0.525, 1.85553, 3.46917], "rotation": [6, 12.75, 0], "uv": [19, 0]},
						{"origin": [-0.475, -0.03393, 5.30815], "size": [2, 2, 2], "pivot": [0.525, 1.85553, 3.46917], "rotation": [21.54681, 17.8758, 2.06827], "uv": [17, 24]}
					]
				}
			]
		}
	]
}