{
	"format_version": "1.12.0",
	"minecraft:geometry": [
		{
			"description": {
				"identifier": "geometry.mew plush",
				"texture_width": 32,
				"texture_height": 32,
				"visible_bounds_width": 2,
				"visible_bounds_height": 2.5,
				"visible_bounds_offset": [0, 0.75, 0]
			},
			"bones": [
				{
					"name": "bone",
					"pivot": [0, 0, 0],
					"rotation": [-10, 0, 0],
					"cubes": [
						{"origin": [1, 8, -2.51], "size": [1, 2, 0], "uv": [29, 24]},
						{"origin": [-2, 8, -2.51], "size": [1, 2, 0], "uv": [30, 17]},
						{"origin": [-1, 7, -2], "size": [2, 1.25, 1.25], "pivot": [0, 0, 0], "rotation": [12.5, 0, 0], "uv": [12, 10]},
						{"origin": [-1.25, 8.5, -6.5], "size": [1.5, 2, 1.5], "pivot": [0, 0, 0], "rotation": [-34.76905, -4.29357, -6.15518], "uv": [5, 16]},
						{"origin": [-0.25, 8.5, -6.5], "size": [1.5, 2, 1.5], "pivot": [0, 0, 0], "rotation": [-34.76905, 4.29357, 6.15518], "uv": [5, 16]},
						{"origin": [-2.5, 6, -2.5], "size": [5, 5, 5], "uv": [5, 22]},
						{"origin": [-2, 0, -2], "size": [4, 4, 4], "uv": [0, 8]},
						{"origin": [-1, 0, 2], "size": [2, 2, 0.5], "uv": [20, 0]},
						{"origin": [-0.5, 1, 2.5], "size": [1, 4, 0], "pivot": [0, 1, 2.5], "rotation": [-28.7, 0, 0], "uv": [0, 22]},
						{"origin": [-0.5, 4.52846, 4.5], "size": [1, 3.5, 0], "pivot": [0, 5, 4.5], "rotation": [-10, 0, 0], "uv": [22, 2]},
						{"origin": [-0.5, 7.88, 5], "size": [1, 3.7, 0], "pivot": [0, 8, 4.5], "rotation": [12.2, 0, 0], "uv": [2, 22]},
						{"origin": [-0.5, 11.64515, 4.35068], "size": [1, 4, 0], "pivot": [0, 11.5, 4.5], "rotation": [40, 0, 0], "uv": [21, 10]},
						{"origin": [-0.5, 14.25, 1.6], "size": [1, 3.5, 0], "pivot": [0, 14.5, 1.5], "rotation": [80, 0, 0], "uv": [9, 16]},
						{"origin": [-0.5, 17.25, 2.4], "size": [1, 3, 0.5], "pivot": [0, 14.5, 1.5], "rotation": [102.5, 0, 0], "uv": [0, 16]},
						{"origin": [2, 0, -2], "size": [1, 3, 3], "uv": [8, 16]},
						{"origin": [-3, 0, -2], "size": [1, 3, 3], "uv": [8, 16]},
						{"origin": [-1.75, 4, -1.5], "size": [3.5, 2, 3], "uv": [13, 5]},
						{"origin": [-2.68185, 4.8842, -0.5], "size": [1.5, 3, 1], "pivot": [-2, 5, 0], "rotation": [-12.5, 0, -40], "uv": [0, 0]},
						{"origin": [1.18185, 4.8842, -0.5], "size": [1.5, 3, 1], "pivot": [2, 5, 0], "rotation": [-15, 0, 40], "uv": [0, 0]},
						{"origin": [1, 0, 0], "size": [3, 2, 2], "pivot": [0, 0, 0], "rotation": [0, 42.5, 0], "uv": [14, 14]},
						{"origin": [-4, 0, 0], "size": [3, 2, 2], "pivot": [0, 0, 0], "rotation": [0, -42.5, 0], "uv": [14, 14]},
						{"origin": [2.7614, 0, -2.56494], "size": [1, 5, 1.5], "pivot": [3, 0, -3], "rotation": [22.93393, 36.81662, 35.22465], "uv": [16, 18]},
						{"origin": [-3.7614, 0, -2.56494], "size": [1, 5, 1.5], "pivot": [-3, 0, -3], "rotation": [19.32397, -38.62085, -29.32794], "uv": [16, 18]}
					]
				}
			]
		}
	]
}