{
	"format_version": "1.12.0",
	"minecraft:geometry": [
		{
			"description": {
				"identifier": "geometry.unknown",
				"texture_width": 64,
				"texture_height": 64,
				"visible_bounds_width": 2,
				"visible_bounds_height": 2.5,
				"visible_bounds_offset": [0, 0.75, 0]
			},
			"bones": [
				{
					"name": "bone12",
					"pivot": [0, 0, 0],
					"cubes": [
						{"origin": [-2, 0, -1.5], "size": [4, 4, 3], "inflate": 0.0001, "uv": [13, 13]},
						{"origin": [-0.5, 6, 0.35], "size": [1, 6, 1], "pivot": [0, 9, 0], "rotation": [-31, 0, 0], "uv": [26, 31]},
						{"origin": [-0.5, 6.75, 1.75], "size": [1, 4, 1], "inflate": 0.01, "pivot": [0, 9, 0], "rotation": [78, 0, 0], "uv": [0, 0]}
					]
				},
				{
					"name": "bone5",
					"parent": "bone12",
					"pivot": [0, 3.5, 0],
					"rotation": [10, 0, 0],
					"cubes": [
						{"origin": [-1.5, 4, -1.5], "size": [3, 2, 3], "uv": [11, 0]},
						{"origin": [-2.5, 6, -1.5], "size": [5, 3, 3], "uv": [13, 5]}
					]
				},
				{
					"name": "bone6",
					"parent": "bone5",
					"pivot": [0, 8.5, 0],
					"rotation": [14, 0, 0],
					"cubes": [
						{"origin": [-1, 8, -1], "size": [2, 2, 2], "uv": [6, 31]},
						{"origin": [-2, 10, -1.5], "size": [4, 3, 3], "uv": [0, 17]},
						{"origin": [-1, 10, -3.5], "size": [2, 2, 4], "pivot": [0, 12, 0], "rotation": [15, 0, 0], "uv": [10, 20]},
						{"origin": [0.5, 12.5, 0], "size": [2, 2, 0], "pivot": [0, 12.5, 0], "rotation": [0, 0, 22.5], "uv": [20, 11]},
						{"origin": [-2.5, 12.5, 0], "size": [2, 2, 0], "pivot": [0, 12.5, 0], "rotation": [0, 0, -22.5], "uv": [26, 6]}
					]
				},
				{
					"name": "bone",
					"parent": "bone5",
					"pivot": [2, 8, 0.3],
					"rotation": [0, -60, 45],
					"cubes": [
						{"origin": [2, 6, -4.5], "size": [2, 2, 3], "uv": [27, 26]},
						{"origin": [1.25, 6, -1.5], "size": [2, 2, 2], "inflate": 0.01, "uv": [29, 14]},
						{"origin": [2, 6, -5.5], "size": [2, 2, 1], "uv": [0, 33]},
						{"origin": [3.5, 7, -6.2], "size": [1, 2, 1], "pivot": [3, 8, -5.7], "rotation": [20.46917, -8.24208, 21.00939], "uv": [18, 33]},
						{"origin": [2.5, 7.45, -5.6], "size": [1, 2, 1], "pivot": [3, 8, -5], "rotation": [10, 0, 0], "uv": [14, 33]},
						{"origin": [1.5, 7, -6.2], "size": [1, 2, 1], "pivot": [3, 8, -5.7], "rotation": [20.46917, 8.24208, -21.00939], "uv": [33, 20]}
					]
				},
				{
					"name": "bone2",
					"parent": "bone5",
					"pivot": [-2, 8, 0.3],
					"rotation": [0, 60, -45],
					"cubes": [
						{"origin": [-4, 6, -4.5], "size": [2, 2, 3], "uv": [26, 21]},
						{"origin": [-3.25, 6, -1.5], "size": [2, 2, 2], "inflate": 0.01, "uv": [0, 29]},
						{"origin": [-4, 6, -5.5], "size": [2, 2, 1], "uv": [30, 31]},
						{"origin": [-2.5, 7, -6.2], "size": [1, 2, 1], "pivot": [-3, 8, -5.7], "rotation": [20.46917, -8.24208, 21.00939], "uv": [33, 6]},
						{"origin": [-3.5, 7.45, -5.6], "size": [1, 2, 1], "pivot": [-3, 8, -5], "rotation": [10, 0, 0], "uv": [23, 28]},
						{"origin": [-4.5, 7, -6.2], "size": [1, 2, 1], "pivot": [-3, 8, -5.7], "rotation": [20.46917, 8.24208, -21.00939], "uv": [0, 23]}
					]
				},
				{
					"name": "bone3",
					"parent": "bone12",
					"pivot": [1, 3, 0],
					"rotation": [0, -22.5, 0],
					"cubes": [
						{"origin": [2.5, 1, -6.5], "size": [1, 2, 1], "inflate": 0.001, "uv": [22, 33]},
						{"origin": [0.5, 1, -6.5], "size": [1, 2, 1], "inflate": 0.001, "uv": [34, 26]},
						{"origin": [1, 0, -6.5], "size": [2, 2, 1], "uv": [33, 0]},
						{"origin": [1.5, -0.5, -6], "size": [1, 1, 1], "uv": [29, 18]},
						{"origin": [1, 0, -5.5], "size": [2, 2, 3], "uv": [16, 28]},
						{"origin": [1, 0, -2.5], "size": [2, 3, 3], "uv": [26, 8]}
					]
				},
				{
					"name": "bone4",
					"parent": "bone12",
					"pivot": [-1, 3, 0],
					"rotation": [0, 22.5, 0],
					"cubes": [
						{"origin": [-1.5, 1, -6.5], "size": [1, 2, 1], "inflate": 0.001, "uv": [18, 20]},
						{"origin": [-3.5, 1, -6.5], "size": [1, 2, 1], "inflate": 0.001, "uv": [0, 8]},
						{"origin": [-3, 0, -6.5], "size": [2, 2, 1], "uv": [20, 0]},
						{"origin": [-2.5, -0.5, -6], "size": [1, 1, 1], "uv": [16, 11]},
						{"origin": [-3, 0, -5.5], "size": [2, 2, 3], "uv": [9, 26]},
						{"origin": [-3, 0, -2.5], "size": [2, 3, 3], "uv": [26, 0]}
					]
				},
				{
					"name": "bone7",
					"parent": "bone12",
					"pivot": [0, 2, 2],
					"rotation": [45, 0, 0],
					"cubes": [
						{"origin": [-2, 0, 1.5], "size": [4, 4, 4], "uv": [0, 8]}
					]
				},
				{
					"name": "bone8",
					"parent": "bone7",
					"pivot": [0, 2, 5.5],
					"rotation": [22.5, 0, 0],
					"cubes": [
						{"origin": [-1.5, 0.5, 4.5], "size": [3, 3, 5], "uv": [0, 0]}
					]
				},
				{
					"name": "bone9",
					"parent": "bone8",
					"pivot": [0, 2, 9.5],
					"rotation": [52.86119, -40.78947, -20.94102],
					"cubes": [
						{"origin": [-1, 1, 9.5], "size": [2, 2, 4], "uv": [18, 22]}
					]
				},
				{
					"name": "bone10",
					"parent": "bone9",
					"pivot": [0, 2, 13.5],
					"rotation": [22.5, 0, 0],
					"cubes": [
						{"origin": [-0.5, 1.5, 12.5], "size": [1, 1, 5], "uv": [22, 15]}
					]
				},
				{
					"name": "bone11",
					"parent": "bone10",
					"pivot": [0, 2, 16.5],
					"rotation": [22.5, 0, 0],
					"cubes": [
						{"origin": [-1, 1, 16.5], "size": [2, 2, 4], "uv": [0, 23]}
					]
				}
			]
		}
	]
}