{
	"format_version": "1.12.0",
	"minecraft:geometry": [
		{
			"description": {
				"identifier": "geometry.unknown",
				"texture_width": 64,
				"texture_height": 64,
				"visible_bounds_width": 3,
				"visible_bounds_height": 2.5,
				"visible_bounds_offset": [0, 0.75, 0]
			},
			"bones": [
				{
					"name": "bone",
					"pivot": [0, 0, 0]
				},
				{
					"name": "group",
					"parent": "bone",
					"pivot": [0, 0.5, 0],
					"rotation": [0, -13.5, 0],
					"cubes": [
						{"origin": [-3, 0, -3], "size": [6, 1, 6], "uv": [0, 14]},
						{"origin": [-1, 0, -5], "size": [2, 1, 2], "uv": [40, 0]},
						{"origin": [3, 0, -1], "size": [2, 1, 2], "uv": [0, 40]},
						{"origin": [-5, 0, -1], "size": [2, 1, 2], "uv": [39, 38]},
						{"origin": [-1, 0, 3], "size": [2, 1, 2], "uv": [39, 34]},
						{"origin": [-1, 0, 3], "size": [2, 1, 2], "pivot": [0, 0.5, 0], "rotation": [0, -45, 0], "uv": [39, 25]},
						{"origin": [-5, 0, -1], "size": [2, 1, 2], "pivot": [0, 0.5, 0], "rotation": [0, -45, 0], "uv": [38, 8]},
						{"origin": [-1, 0, -5], "size": [2, 1, 2], "pivot": [0, 0.5, 0], "rotation": [0, -45, 0], "uv": [7, 38]},
						{"origin": [3, 0, -1], "size": [2, 1, 2], "pivot": [0, 0.5, 0], "rotation": [0, -45, 0], "uv": [32, 36]}
					]
				},
				{
					"name": "group2",
					"parent": "bone",
					"pivot": [0, 0.2, 0],
					"cubes": [
						{"origin": [-2.5, 0.7, -2.5], "size": [5, 4, 5], "uv": [20, 17]},
						{"origin": [0.7, -0.05903, 3.85692], "size": [1, 4, 1], "pivot": [1.2, 3.44531, 4.15821], "rotation": [-61.38998, 37.5218, -3.77967], "uv": [0, 0]},
						{"origin": [1.20197, 3.12382, 4.0692], "size": [1, 2, 1], "inflate": 0.05, "pivot": [1.70197, 3.95836, 4.85449], "rotation": [-21.63998, 37.5218, -3.77967], "uv": [0, 14]},
						{"origin": [0.70197, 3.6611, 5.33118], "size": [2, 2, 4], "pivot": [1.70197, 3.95836, 4.85449], "rotation": [33.11002, 37.5218, -3.77967], "uv": [22, 0]},
						{"origin": [-2.925, 5.95, -3.5], "size": [7, 6, 7], "pivot": [0, 9.7, 0], "rotation": [0, 0, 8.5], "uv": [0, 0]},
						{"origin": [1.575, 8.45, -3.525], "size": [2, 2, 0], "pivot": [0, 9.7, 0], "rotation": [0, 0, 8.5], "uv": [19, 17]},
						{"origin": [-2.50181, 6.06803, -3.525], "size": [2, 1, 0], "pivot": [-0.65181, 6.89303, -3.525], "rotation": [0, 0, 40.75], "uv": [49, 18]},
						{"origin": [-1.65976, 6.92563, -3.525], "size": [2, 1, 0], "pivot": [0.19024, 7.75063, -3.525], "rotation": [0, 0, -27.25], "uv": [49, 18], "mirror": true},
						{"origin": [0.52277, 6.66731, -3.525], "size": [2, 1, 0], "pivot": [2.37277, 7.49231, -3.525], "rotation": [0, 0, -27.25], "uv": [49, 18], "mirror": true},
						{"origin": [-0.31928, 5.80971, -3.525], "size": [2, 1, 0], "pivot": [1.53072, 6.63471, -3.525], "rotation": [0, 0, 40.75], "uv": [49, 18]},
						{"origin": [-2.425, 8.45, -3.525], "size": [2, 2, 0], "pivot": [0, 9.7, 0], "rotation": [0, 0, 8.5], "uv": [19, 14]},
						{"origin": [3.34332, 10.54331, -1.5], "size": [3, 5, 3], "pivot": [3.74332, 13.94331, -0.5], "rotation": [0, 0, 33.75], "uv": [27, 27]},
						{"origin": [3.34332, 9.69331, -1], "size": [2, 4, 2], "pivot": [3.74332, 13.94331, -0.5], "rotation": [0, 0, -72.75], "uv": [29, 7]},
						{"origin": [-1.09884, 11.97634, -1], "size": [2, 4, 2], "pivot": [-1.09884, 15.57634, 0], "rotation": [0, 0, -166.25], "uv": [0, 29]},
						{"origin": [-3.32949, 10.90932, -1.5], "size": [3, 5, 3], "pivot": [-1.38602, 14.46648, 0], "rotation": [0, 0, -8.25], "uv": [14, 27]},
						{"origin": [-2, 4.7, -2], "size": [4, 2, 4], "uv": [0, 22]},
						{"origin": [-1, 0.7, -4.5], "size": [2, 1, 2], "uv": [23, 36]},
						{"origin": [2.5, 0.7, -1], "size": [2, 1, 2], "uv": [36, 16]},
						{"origin": [-4.5, 0.7, -1], "size": [2, 1, 2], "uv": [14, 36]},
						{"origin": [-1, 0.7, 2.5], "size": [2, 1, 2], "uv": [36, 12]},
						{"origin": [-1, 0.7, 2.5], "size": [2, 1, 2], "pivot": [0, 1.2, 0], "rotation": [0, -45, 0], "uv": [36, 4]},
						{"origin": [-4.5, 0.7, -1], "size": [2, 1, 2], "pivot": [0, 1.2, 0], "rotation": [0, -45, 0], "uv": [0, 36]},
						{"origin": [-1, 0.7, -4.5], "size": [2, 1, 2], "pivot": [0, 1.2, 0], "rotation": [0, -45, 0], "uv": [7, 34]},
						{"origin": [2.5, 0.7, -1], "size": [2, 1, 2], "pivot": [0, 1.2, 0], "rotation": [0, -45, 0], "uv": [31, 0]}
					]
				}
			]
		}
	]
}