{
	"format_version": "1.12.0",
	"minecraft:geometry": [
		{
			"description": {
				"identifier": "geometry.unknown",
				"texture_width": 64,
				"texture_height": 64,
				"visible_bounds_width": 3,
				"visible_bounds_height": 2.5,
				"visible_bounds_offset": [0, 0.75, 0]
			},
			"bones": [
				{
					"name": "bb_main",
					"pivot": [0, 0, 0],
					"cubes": [
						{"origin": [-3.5, 3, -6.25], "size": [7, 6, 7], "uv": [0, 13]},
						{"origin": [3.5, 3.75, -3.25], "size": [4, 5, 0], "uv": [28, 18]},
						{"origin": [-7.5, 3.75, -3.25], "size": [4, 5, 0], "uv": [0, 0]},
						{"origin": [0, 8.75, -5.75], "size": [0, 8, 5], "pivot": [0, 14.75, -3.25], "rotation": [5, 0, 0], "uv": [16, 21]},
						{"origin": [3.1, -2, -2.25], "size": [2, 5, 3], "pivot": [2.25, 3, -2], "rotation": [-135, 0, 90], "uv": [25, 10]},
						{"origin": [3.1, -1, -8.25], "size": [2, 4, 3], "pivot": [2.25, 3, -2], "rotation": [180, 0, 90], "uv": [29, 0]},
						{"origin": [3.1, 7.5, -8.25], "size": [2, 4, 3], "pivot": [2.25, 3, -2], "rotation": [180, 0, 90], "uv": [26, 23]},
						{"origin": [-1.4, -2, -4.5], "size": [2, 5, 3], "pivot": [-2.25, 3, -2], "rotation": [-45, 0, 90], "uv": [19, 0]},
						{"origin": [-2.5, 0, -4], "size": [5, 4, 9], "pivot": [0, 2.5, 0.5], "rotation": [-2.5, 0, 0], "uv": [0, 0]},
						{"origin": [0, -0.5, 4.75], "size": [0, 11, 8], "uv": [0, 18]}
					]
				}
			]
		}
	]
}