{
	"format_version": "1.12.0",
	"minecraft:geometry": [
		{
			"description": {
				"identifier": "geometry.unknown",
				"texture_width": 64,
				"texture_height": 64,
				"visible_bounds_width": 2,
				"visible_bounds_height": 2.5,
				"visible_bounds_offset": [0, 0.75, 0]
			},
			"bones": [
				{
					"name": "bone5",
					"pivot": [0, 0, 0],
					"cubes": [
						{"origin": [-4, 0, -4], "size": [8, 18, 8], "uv": [0, 0]},
						{"origin": [-1.5, 11.5, -4.05], "size": [1, 3, 0], "uv": [0, 41]},
						{"origin": [-1.5, 1.5, -4.05], "size": [3, 4, 0], "uv": [0, 44]},
						{"origin": [0.5, 11.5, -4.05], "size": [1, 3, 0], "uv": [0, 41]},
						{"origin": [2.5, 12, -4.05], "size": [1, 2, 0], "uv": [0, 48]},
						{"origin": [-3.5, 12, -4.05], "size": [1, 2, 0], "uv": [0, 50]},
						{"origin": [-3, 0, -7], "size": [6, 0, 3], "uv": [25, 26]},
						{"origin": [-2, 18, -2], "size": [4, 3, 4], "uv": [16, 26]},
						{"origin": [-2, 19, 1], "size": [4, 0, 3], "pivot": [0, 21, -1], "rotation": [45, 0, 0], "uv": [9, 26]}
					]
				},
				{
					"name": "bone",
					"parent": "bone5",
					"pivot": [-3, 2, -3],
					"rotation": [0, 22.5, 0],
					"cubes": [
						{"origin": [-4.5, 0, -12], "size": [3, 2, 4], "inflate": 0.01, "uv": [32, 8]},
						{"origin": [-4, 0, -4], "size": [2, 5, 2], "pivot": [-3, 0, -4], "rotation": [45, 0, 0], "uv": [30, 35]},
						{"origin": [-4, 1.25, -10.75], "size": [2, 5, 2], "inflate": 0.001, "pivot": [-3, 0, -10], "rotation": [-45, 0, 0], "uv": [0, 34]}
					]
				},
				{
					"name": "bone2",
					"parent": "bone5",
					"pivot": [3, 2, -3],
					"rotation": [0, -22.5, 0],
					"cubes": [
						{"origin": [1.5, 0, -12], "size": [3, 2, 4], "inflate": 0.01, "uv": [28, 29]},
						{"origin": [2, 0, -4], "size": [2, 5, 2], "pivot": [3, 0, -4], "rotation": [45, 0, 0], "uv": [22, 33]},
						{"origin": [2, 1.25, -10.75], "size": [2, 5, 2], "inflate": 0.001, "pivot": [3, 0, -10], "rotation": [-45, 0, 0], "uv": [14, 33]}
					]
				},
				{
					"name": "bone3",
					"parent": "bone5",
					"pivot": [2.5, 11, 0],
					"rotation": [0, 0, -22.5],
					"cubes": [
						{"origin": [1.5, 7, -2], "size": [4, 4, 4], "uv": [0, 26]},
						{"origin": [2.5, 2, -1], "size": [2, 5, 2], "uv": [32, 14]}
					]
				},
				{
					"name": "bone4",
					"parent": "bone5",
					"pivot": [-2.5, 11, 0],
					"rotation": [0, 0, 22.5],
					"cubes": [
						{"origin": [-5.5, 7, -2], "size": [4, 4, 4], "uv": [24, 0]},
						{"origin": [-4.5, 2, -1], "size": [2, 5, 2], "uv": [0, 0]}
					]
				}
			]
		}
	]
}