{
	"format_version": "1.12.0",
	"minecraft:geometry": [
		{
			"description": {
				"identifier": "geometry.unknown",
				"texture_width": 128,
				"texture_height": 128,
				"visible_bounds_width": 2,
				"visible_bounds_height": 2.5,
				"visible_bounds_offset": [0, 0.75, 0]
			},
			"bones": [
				{
					"name": "nacli",
					"pivot": [0.5, 0, 0.5],
					"cubes": [
						{"origin": [-3.5, 0, -2], "size": [7, 8, 6], "uv": [37, 20]},
						{"origin": [2.55, 1.275, -3.5], "size": [5, 4, 7], "uv": [37, 50]},
						{"origin": [-3.6, 7.125, -4.5], "size": [9, 5, 9], "pivot": [0.4, 11.125, 0.5], "rotation": [0, 0, 2.25], "uv": [0, 37]},
						{"origin": [-1.6, 12.125, -4.5], "size": [3, 1, 9], "pivot": [0.4, 12.125, 0.5], "rotation": [0, 0, 2.25], "uv": [0, 64]},
						{"origin": [-0.275, 7.95, -3], "size": [6, 8, 6], "pivot": [-0.275, 11.95, 0], "rotation": [0, 0, 18.5], "uv": [49, 0]},
						{"origin": [-7, 3.75, -6.5], "size": [11, 6, 13], "pivot": [-3, 7.75, -0.5], "rotation": [0, 0, -13.75], "uv": [0, 0]},
						{"origin": [2.3, 4.275, -5.5], "size": [7, 5, 11], "pivot": [4.3, 8.275, -1.5], "rotation": [0, 0, 44.5], "uv": [0, 20]},
						{"origin": [-7.2, 1.925, -4.5], "size": [4, 5, 9], "pivot": [-7.2, 5.925, 0.5], "rotation": [0, 0, -2.5], "uv": [37, 35]},
						{"origin": [-2.5, 2, -3.15], "size": [5, 4, 2], "uv": [20, 52]},
						{"origin": [-3.5, 0, -4], "size": [7, 2, 2], "uv": [49, 15]},
						{"origin": [-3.5, 5, -4], "size": [7, 2, 2], "uv": [0, 52]},
						{"origin": [2.5, 2, -4], "size": [1, 3, 2], "uv": [9, 57]},
						{"origin": [-3.5, 2, -4], "size": [1, 3, 2], "uv": [16, 59]},
						{"origin": [-1, 2, -4], "size": [2, 3, 2], "uv": [0, 57]}
					]
				}
			]
		}
	]
}