{
	"format_version": "1.12.0",
	"minecraft:geometry": [
		{
			"description": {
				"identifier": "geometry.unknown",
				"texture_width": 128,
				"texture_height": 128,
				"visible_bounds_width": 3,
				"visible_bounds_height": 2.5,
				"visible_bounds_offset": [0, 0.75, 0]
			},
			"bones": [
				{
					"name": "naclstack",
					"pivot": [0, 4, -2],
					"cubes": [
						{"origin": [-2.5, 9.53879, -7.39775], "size": [5, 2, 5], "pivot": [0, 8.70901, -5.69006], "rotation": [-0.5, 0, 0], "uv": [21, 51]},
						{"origin": [-2.5, 7.5, -2.675], "size": [5, 4, 8], "inflate": -0.001, "pivot": [0, 8.5, -2.425], "rotation": [-5.75, 0, 0], "uv": [0, 30]},
						{"origin": [-4.5, 4.5, -5.675], "size": [9, 4, 11], "pivot": [0, 8.5, -2.425], "rotation": [-5.75, 0, 0], "uv": [0, 0]},
						{"origin": [-5, 3.78417, -1.89928], "size": [10, 5, 8], "pivot": [0, 6.03417, 2.10072], "rotation": [-1.75, 0, 0], "uv": [0, 16]},
						{"origin": [-2.81982, 6.725, -1.1225], "size": [8, 5, 4], "pivot": [0, 8.5, -2.425], "rotation": [-6.0789, -18.90077, 1.97578], "uv": [37, 16]},
						{"origin": [-2.5, 3, -4], "size": [5, 2, 8], "uv": [27, 30]},
						{"origin": [1.5, 0, -7], "size": [5, 4, 5], "uv": [41, 0]},
						{"origin": [1, 0, -7.675], "size": [2, 2, 2], "pivot": [2, 1, -6.675], "rotation": [22.5, 45, 0], "uv": [41, 10]},
						{"origin": [-3, 0, -7.675], "size": [2, 2, 2], "pivot": [-2, 1, -6.675], "rotation": [22.5, -45, 0], "uv": [50, 10]},
						{"origin": [-6.5, 0, -7], "size": [5, 4, 5], "uv": [27, 41]},
						{"origin": [1.5, 0, 2], "size": [5, 4, 5], "uv": [48, 41]},
						{"origin": [1, 0, 5.675], "size": [2, 2, 2], "pivot": [2, 1, 6.675], "rotation": [-22.5, -45, 0], "uv": [54, 31]},
						{"origin": [-3, 0, 5.675], "size": [2, 2, 2], "pivot": [-2, 1, 6.675], "rotation": [-22.5, 45, 0], "uv": [54, 26]},
						{"origin": [-6.5, 0, 2], "size": [5, 4, 5], "uv": [0, 43]},
						{"origin": [-2.5, 7.53879, -6.39775], "size": [5, 2, 4], "pivot": [0, 8.70901, -5.69006], "rotation": [-0.5, 0, 0], "uv": [0, 53]},
						{"origin": [-2.5, 6.53879, -7.39775], "size": [5, 1, 5], "pivot": [0, 8.70901, -5.69006], "rotation": [-0.5, 0, 0], "uv": [42, 51]},
						{"origin": [-0.5, 7.53879, -7.39775], "size": [1, 2, 1], "pivot": [0, 8.70901, -5.69006], "rotation": [-0.5, 0, 0], "uv": [21, 43]},
						{"origin": [1.5, 7.53879, -7.39775], "size": [1, 1, 1], "pivot": [0, 8.70901, -5.69006], "rotation": [-0.5, 0, 0], "uv": [21, 47]},
						{"origin": [0.25, 7.53879, -7.14775], "size": [2, 2, 1], "pivot": [0, 8.70901, -5.69006], "rotation": [-0.5, 0, 0], "uv": [37, 26]},
						{"origin": [0.5, 8.53879, -7.17275], "size": [1, 1, 0], "pivot": [0, 8.70901, -5.69006], "rotation": [-0.5, 0, 0], "uv": [46, 30]},
						{"origin": [-1.5, 8.53879, -7.17275], "size": [1, 1, 0], "pivot": [0, 8.70901, -5.69006], "rotation": [-0.5, 0, 0], "uv": [46, 30], "mirror": true},
						{"origin": [-2.25, 7.53879, -7.14775], "size": [2, 2, 1], "pivot": [0, 8.70901, -5.69006], "rotation": [-0.5, 0, 0], "uv": [44, 26]},
						{"origin": [-2.5, 7.53879, -7.39775], "size": [1, 1, 1], "pivot": [0, 8.70901, -5.69006], "rotation": [-0.5, 0, 0], "uv": [54, 36]}
					]
				}
			]
		}
	]
}