{
	"format_version": "1.12.0",
	"minecraft:geometry": [
		{
			"description": {
				"identifier": "geometry.unknown",
				"texture_width": 64,
				"texture_height": 64,
				"visible_bounds_width": 3,
				"visible_bounds_height": 2.5,
				"visible_bounds_offset": [0, 0.75, 0]
			},
			"bones": [
				{
					"name": "bb_main",
					"pivot": [0, 0, 0],
					"cubes": [
						{"origin": [2.01377, 0.4724, -2.53133], "size": [3, 3, 4], "inflate": 0.01, "pivot": [0, 8.68118, 0.00367], "rotation": [20.50532, -23.63399, -2.41491], "uv": [0, 27]},
						{"origin": [1.47633, -0.28024, -1.15062], "size": [3, 1, 4], "pivot": [0, 0.21976, 2.159], "rotation": [0.81938, -23.74784, -0.32999], "uv": [27, 29]},
						{"origin": [-4.47633, -0.28024, -1.15062], "size": [3, 1, 4], "pivot": [0, 0.21976, 2.159], "rotation": [0.81938, 23.74784, 0.32999], "uv": [28, 8]},
						{"origin": [-5.01377, 0.4724, -2.53133], "size": [3, 3, 4], "inflate": 0.01, "pivot": [0, 8.68118, 0.00367], "rotation": [20.50532, 23.63399, 2.41491], "uv": [25, 0]},
						{"origin": [-1, 9.11836, 2.90033], "size": [2, 2, 3], "pivot": [0, 7.86656, 6.40352], "rotation": [42, 0, 0], "uv": [0, 35]},
						{"origin": [-0.5, 9.61836, 5.90033], "size": [1, 1, 2], "pivot": [0, 7.86656, 6.40352], "rotation": [42, 0, 0], "uv": [11, 27]},
						{"origin": [-1, 6.45217, 3.10266], "size": [2, 2, 2], "pivot": [0, 8.14156, 6.02852], "rotation": [31.5, 0, 0], "uv": [28, 42]},
						{"origin": [-1, 10.89245, 0.31154], "size": [2, 2, 2], "pivot": [0, 10.99245, 3.88654], "rotation": [53.75, 0, 0], "uv": [42, 12]},
						{"origin": [-0.5, 11.39245, 2.31154], "size": [1, 1, 1], "pivot": [0, 10.99245, 3.88654], "rotation": [53.75, 0, 0], "uv": [0, 18]},
						{"origin": [-0.5, 4.7014, 7.27686], "size": [1, 1, 2], "pivot": [0, 4.8764, 8.52686], "rotation": [7.75, 0, 0], "uv": [19, 0]},
						{"origin": [-1, 4.2014, 5.27686], "size": [2, 2, 2], "pivot": [0, 4.8764, 8.52686], "rotation": [7.75, 0, 0], "uv": [40, 33]},
						{"origin": [-0.5, 6.95217, 5.10266], "size": [1, 1, 1], "pivot": [0, 8.14156, 6.02852], "rotation": [31.5, 0, 0], "uv": [0, 15]}
					]
				},
				{
					"name": "nidorina_plushie",
					"pivot": [0, 7.70627, -1.38222],
					"rotation": [45.25, 0, 0],
					"cubes": [
						{"origin": [-3, 0.06008, -5.00163], "size": [6, 8, 6], "pivot": [0, 7.28148, 1.01006], "rotation": [9.5, 0, 0], "uv": [0, 0]},
						{"origin": [-2, 3.88385, -3.72407], "size": [4, 1, 4], "pivot": [0, 7.28148, 1.01006], "rotation": [-35.5, 0, 0], "uv": [26, 21]},
						{"origin": [-2.5, 4.88385, -4.97407], "size": [5, 5, 6], "pivot": [0, 7.28148, 1.01006], "rotation": [-35.5, 0, 0], "uv": [0, 15]},
						{"origin": [-0.5, 13.44048, 0.7051], "size": [1, 3, 1], "pivot": [0, 7.28148, 1.01006], "rotation": [37.25, 0, 0], "uv": [0, 0]},
						{"origin": [2.16283, 7.55622, 0.78006], "size": [1, 4, 3], "pivot": [0, 7.28148, 1.01006], "rotation": [14.16906, 25.49766, -0.35772], "uv": [8, 40]},
						{"origin": [2.16283, 7.05622, 3.78006], "size": [1, 5, 5], "pivot": [0, 7.28148, 1.01006], "rotation": [14.16906, 25.49766, -0.35772], "uv": [18, 22]},
						{"origin": [2.16283, 10.13763, 2.70224], "size": [1, 1, 3], "inflate": -0.01, "pivot": [0, 7.28148, 1.01006], "rotation": [30.91906, 25.49766, -0.35772], "uv": [43, 18]},
						{"origin": [2.04558, 14.223, 5.50224], "size": [1, 1, 4], "inflate": -0.01, "pivot": [0, 7.28148, 1.01006], "rotation": [-13.59929, 25.15304, 1.24881], "uv": [38, 27]},
						{"origin": [2.04558, 13.71344, 5.3698], "size": [1, 1, 2], "inflate": -0.01, "pivot": [0, 7.28148, 1.01006], "rotation": [-19.84929, 25.15304, 1.24881], "uv": [39, 8]},
						{"origin": [-3.04558, 14.223, 5.50224], "size": [1, 1, 4], "inflate": -0.01, "pivot": [0, 7.28148, 1.01006], "rotation": [-13.59929, -25.15304, -1.24881], "uv": [33, 36]},
						{"origin": [-3.04558, 13.71344, 5.3698], "size": [1, 1, 2], "inflate": -0.01, "pivot": [0, 7.28148, 1.01006], "rotation": [-19.84929, -25.15304, -1.24881], "uv": [20, 33]},
						{"origin": [-3.16283, 7.05622, 3.78006], "size": [1, 5, 5], "pivot": [0, 7.28148, 1.01006], "rotation": [14.16906, -25.49766, 0.35772], "uv": [20, 10]},
						{"origin": [-3.16283, 7.55622, 0.78006], "size": [1, 4, 3], "pivot": [0, 7.28148, 1.01006], "rotation": [14.16906, -25.49766, 0.35772], "uv": [40, 0]},
						{"origin": [-3.16283, 10.13763, 2.70224], "size": [1, 1, 3], "inflate": -0.01, "pivot": [0, 7.28148, 1.01006], "rotation": [30.91906, -25.49766, 0.35772], "uv": [41, 39]},
						{"origin": [-1.5, 5.38385, -6.97407], "size": [3, 2, 2], "pivot": [0, 7.28148, 1.01006], "rotation": [-35.5, 0, 0], "uv": [17, 40]},
						{"origin": [-1.475, 4.45885, -5.94907], "size": [0, 1, 1], "pivot": [0, 7.28148, 1.01006], "rotation": [-35.5, 0, 0], "uv": [17, 18]},
						{"origin": [1.475, 4.45885, -5.94907], "size": [0, 1, 1], "pivot": [0, 7.28148, 1.01006], "rotation": [-35.5, 0, 0], "uv": [17, 15]},
						{"origin": [-1.5, 4.63385, -6.72407], "size": [3, 1, 3], "inflate": -0.05, "pivot": [0, 7.28148, 1.01006], "rotation": [-35.5, 0, 0], "uv": [24, 35]},
						{"origin": [-1.67551, 7.11099, -8.16869], "size": [2, 2, 4], "pivot": [0, 7.28148, 1.01006], "rotation": [-0.84309, -39.20879, 57.43891], "uv": [33, 14]},
						{"origin": [-2.01134, 13.96898, -4.85557], "size": [1, 1, 1], "pivot": [0, 7.28148, 1.01006], "rotation": [55.47515, -48.39877, 42.26617], "uv": [37, 43]},
						{"origin": [-1.64071, 14.01718, -5.17631], "size": [1, 1, 1], "pivot": [0, 7.28148, 1.01006], "rotation": [44.90691, -39.20879, 57.43891], "uv": [0, 44]},
						{"origin": [-0.54403, 6.8618, -9.13229], "size": [1, 1, 1], "pivot": [0, 7.28148, 1.01006], "rotation": [32.83546, -3.39068, -34.62345], "uv": [43, 24]},
						{"origin": [-0.32449, 7.11099, -8.16869], "size": [2, 2, 4], "pivot": [0, 7.28148, 1.01006], "rotation": [-0.84309, 39.20879, -57.43891], "uv": [11, 33]},
						{"origin": [-0.45597, 6.8618, -9.13229], "size": [1, 1, 1], "pivot": [0, 7.28148, 1.01006], "rotation": [32.83546, 3.39068, 34.62345], "uv": [36, 0]},
						{"origin": [0.64071, 14.01718, -5.17631], "size": [1, 1, 1], "pivot": [0, 7.28148, 1.01006], "rotation": [44.90691, 39.20879, -57.43891], "uv": [39, 22]},
						{"origin": [1.01134, 13.96898, -4.85557], "size": [1, 1, 1], "pivot": [0, 7.28148, 1.01006], "rotation": [55.47515, 48.39877, -42.26617], "uv": [0, 41]}
					]
				}
			]
		}
	]
}