{
	"format_version": "1.12.0",
	"minecraft:geometry": [
		{
			"description": {
				"identifier": "geometry.unknown",
				"texture_width": 64,
				"texture_height": 64,
				"visible_bounds_width": 3,
				"visible_bounds_height": 2.5,
				"visible_bounds_offset": [0, 0.75, 0]
			},
			"bones": [
				{
					"name": "nidoqueen_plushie",
					"pivot": [0, 0, -1.25],
					"cubes": [
						{"origin": [-3.5, 0.25, -4], "size": [7, 6, 7], "pivot": [0, 3, -0.5], "rotation": [5.75, 0, 0], "uv": [0, 0]},
						{"origin": [2.16125, 1.74216, -7.96904], "size": [3, 3, 4], "inflate": 0.01, "pivot": [0, 2.02714, -5.26484], "rotation": [-39.93069, -14.35657, 19.12312], "uv": [13, 33]},
						{"origin": [2.16125, 0.52714, -9.50083], "size": [3, 1, 4], "pivot": [0, 2.02714, -5.26484], "rotation": [-54.43069, -14.35657, 19.12312], "uv": [24, 40]},
						{"origin": [-5.16125, 1.74216, -7.96904], "size": [3, 3, 4], "inflate": 0.01, "pivot": [0, 2.02714, -5.26484], "rotation": [-39.93069, 14.35657, -19.12312], "uv": [29, 0]},
						{"origin": [-5.16125, 0.52714, -9.50083], "size": [3, 1, 4], "pivot": [0, 2.02714, -5.26484], "rotation": [-54.43069, 14.35657, -19.12312], "uv": [39, 36]},
						{"origin": [-2, 0.825, 1.35], "size": [4, 3, 4], "pivot": [0, 3, -0.5], "rotation": [-9.75, 0, 0], "uv": [0, 26]},
						{"origin": [-1.5, -1.525, 3.825], "size": [3, 3, 2], "pivot": [0, 3, -0.5], "rotation": [16.75, 0, 0], "uv": [0, 45]},
						{"origin": [-1, 1.79317, 5.51691], "size": [2, 2, 2], "pivot": [-0.5, 2.69317, 7.24191], "rotation": [44, 0, 0], "uv": [20, 52]},
						{"origin": [-0.5, 2.79677, 2.77814], "size": [1, 2, 2], "pivot": [0.5, 3.79677, 3.77814], "rotation": [26.75, 0, 0], "uv": [52, 45]},
						{"origin": [-0.5, 3.29677, 4.77814], "size": [1, 1, 1], "pivot": [0, 3.79677, 3.77814], "rotation": [26.75, 0, 0], "uv": [52, 0]},
						{"origin": [-0.5, 5.55935, 4.42287], "size": [1, 1, 1], "pivot": [0, 4.13435, 4.44787], "rotation": [7, 0, 0], "uv": [47, 20]},
						{"origin": [-0.5, 5.05935, 2.42287], "size": [1, 2, 2], "pivot": [0.5, 4.13435, 4.44787], "rotation": [7, 0, 0], "uv": [52, 40]},
						{"origin": [-0.5, 7.78435, 5.07287], "size": [1, 1, 1], "pivot": [0, 4.13435, 4.44787], "rotation": [17.5, 0, 0], "uv": [34, 46]},
						{"origin": [-0.5, 7.28435, 3.07287], "size": [1, 2, 2], "pivot": [0.5, 4.13435, 4.44787], "rotation": [17.5, 0, 0], "uv": [52, 28]},
						{"origin": [-0.5, 10.12276, 2.73339], "size": [1, 1, 1], "pivot": [0, 11.67276, 2.80839], "rotation": [37.5, 0, 0], "uv": [42, 20]},
						{"origin": [-0.5, 9.62276, 0.73339], "size": [1, 2, 2], "pivot": [0.5, 11.67276, 2.80839], "rotation": [37.5, 0, 0], "uv": [52, 20]},
						{"origin": [-0.5, 11.89776, 0.78339], "size": [1, 2, 2], "pivot": [0.5, 11.67276, 2.80839], "rotation": [48.25, 0, 0], "uv": [0, 0]},
						{"origin": [-0.5, 12.39776, 2.78339], "size": [1, 1, 1], "pivot": [0, 11.67276, 2.80839], "rotation": [48.25, 0, 0], "uv": [19, 17]},
						{"origin": [-3, 5.18914, -3.27715], "size": [6, 5, 6], "pivot": [0, 10.56723, -2.70964], "rotation": [-5.75, 0, 0], "uv": [0, 14]},
						{"origin": [2.91685, 4.18034, -3.65694], "size": [2, 2, 2], "pivot": [7.20124, 5.6612, -1.12847], "rotation": [-1.50215, 28.04378, 36.78082], "uv": [0, 51]},
						{"origin": [3, 4.23086, -2.18348], "size": [2, 3, 3], "pivot": [7.6875, 8.86915, -0.71745], "rotation": [-4.95865, 2.91471, 30.37377], "uv": [44, 0]},
						{"origin": [3.48355, 3.06842, -5.13153], "size": [4, 3, 3], "pivot": [7.41326, 5.37433, -3.34872], "rotation": [4.71614, 38.57847, 46.67166], "uv": [0, 38]},
						{"origin": [4.48355, 6.06842, -4.13153], "size": [2, 1, 1], "pivot": [7.41326, 5.37433, -3.34872], "rotation": [4.71614, 38.57847, 46.67166], "uv": [22, 4]},
						{"origin": [-6.48355, 6.06842, -4.13153], "size": [2, 1, 1], "pivot": [-7.41326, 5.37433, -3.34872], "rotation": [4.71614, -38.57847, -46.67166], "uv": [19, 14]},
						{"origin": [7.30855, 5.11842, -4.38153], "size": [1, 1, 1], "pivot": [7.41326, 5.37433, -3.34872], "rotation": [4.71614, 38.57847, 46.67166], "uv": [35, 41]},
						{"origin": [7.35855, 4.81842, -3.08153], "size": [1, 1, 1], "pivot": [7.41326, 5.37433, -3.34872], "rotation": [4.71614, 38.57847, 46.67166], "uv": [20, 41]},
						{"origin": [7.18355, 3.81842, -5.20653], "size": [1, 1, 1], "pivot": [7.41326, 5.37433, -3.34872], "rotation": [4.71614, 38.57847, 46.67166], "uv": [40, 0]},
						{"origin": [-7.48355, 3.06842, -5.13153], "size": [4, 3, 3], "pivot": [-7.41326, 5.37433, -3.34872], "rotation": [4.71614, -38.57847, -46.67166], "uv": [28, 33]},
						{"origin": [-8.30855, 5.11842, -4.38153], "size": [1, 1, 1], "pivot": [-7.41326, 5.37433, -3.34872], "rotation": [4.71614, -38.57847, -46.67166], "uv": [17, 30]},
						{"origin": [-8.18355, 3.81842, -5.20653], "size": [1, 1, 1], "pivot": [-7.41326, 5.37433, -3.34872], "rotation": [4.71614, -38.57847, -46.67166], "uv": [24, 33]},
						{"origin": [-8.35855, 4.81842, -3.08153], "size": [1, 1, 1], "pivot": [-7.41326, 5.37433, -3.34872], "rotation": [4.71614, -38.57847, -46.67166], "uv": [10, 34]},
						{"origin": [-4.91685, 4.18034, -3.65694], "size": [2, 2, 2], "pivot": [-7.20124, 5.6612, -1.12847], "rotation": [-1.50215, -28.04378, -36.78082], "uv": [50, 34]},
						{"origin": [-5, 4.23086, -2.18348], "size": [2, 3, 3], "pivot": [-7.6875, 8.86915, -0.71745], "rotation": [-4.95865, -2.91471, -30.37377], "uv": [12, 42]},
						{"origin": [-2.78509, 6.11239, -3.86003], "size": [3, 3, 2], "pivot": [-1.86009, 7.61239, -2.86003], "rotation": [-6.34626, 16.0317, -2.96618], "uv": [46, 7]},
						{"origin": [-0.21491, 6.11239, -3.86003], "size": [3, 3, 2], "pivot": [1.86009, 7.61239, -2.86003], "rotation": [-6.34626, -16.0317, 2.96618], "uv": [40, 30]},
						{"origin": [-2.5, 9.71712, -3.50376], "size": [5, 5, 3], "pivot": [0, 13.03307, -2.01001], "rotation": [-2, 0, 0], "uv": [25, 14]},
						{"origin": [1.30619, 10.05698, -3.61586], "size": [4, 4, 2], "inflate": 0.1, "pivot": [0, 13.03307, -2.01001], "rotation": [42.04309, -35.99134, -35.98648], "uv": [39, 42]},
						{"origin": [3.01035, 14.63287, -3.61586], "size": [3, 3, 2], "pivot": [0, 13.03307, -2.01001], "rotation": [-3.086, -53.0048, 24.78378], "uv": [9, 49]},
						{"origin": [6.56087, 12.31325, -3.11586], "size": [1, 1, 1], "pivot": [0, 13.03307, -2.01001], "rotation": [35.87129, -42.1394, -26.22152], "uv": [41, 54]},
						{"origin": [1.74727, 10.50975, -2.66275], "size": [1, 2, 1], "pivot": [2.62227, 12.00975, -2.16275], "rotation": [37.8979, 40.89427, -26.8946], "uv": [53, 50]},
						{"origin": [1.74727, 10.05975, -3.66275], "size": [1, 2, 1], "pivot": [2.62227, 12.00975, -2.16275], "rotation": [20.8979, 40.89427, -26.8946], "uv": [5, 34]},
						{"origin": [-2.74727, 10.05975, -3.66275], "size": [1, 2, 1], "pivot": [-2.62227, 12.00975, -2.16275], "rotation": [20.8979, -40.89427, 26.8946], "uv": [0, 14]},
						{"origin": [-2.74727, 10.50975, -2.66275], "size": [1, 2, 1], "pivot": [-2.62227, 12.00975, -2.16275], "rotation": [37.8979, -40.89427, 26.8946], "uv": [0, 34]},
						{"origin": [-7.56087, 12.31325, -3.11586], "size": [1, 1, 1], "pivot": [0, 13.03307, -2.01001], "rotation": [35.87129, 42.1394, 26.22152], "uv": [54, 25]},
						{"origin": [-6.01035, 14.63287, -3.61586], "size": [3, 3, 2], "pivot": [0, 13.03307, -2.01001], "rotation": [-3.086, 53.0048, -24.78378], "uv": [23, 46]},
						{"origin": [-5.30619, 10.05698, -3.61586], "size": [4, 4, 2], "inflate": 0.1, "pivot": [0, 13.03307, -2.01001], "rotation": [42.04309, 35.99134, 35.98648], "uv": [42, 13]},
						{"origin": [-2.5, 7.81286, -2.88946], "size": [5, 6, 3], "inflate": -0.01, "pivot": [0, 13.03307, -2.01001], "rotation": [26, 0, 0], "uv": [22, 23]},
						{"origin": [-2.5, 10.71712, -5.50376], "size": [5, 4, 2], "pivot": [0, 13.03307, -2.01001], "rotation": [-2, 0, 0], "uv": [39, 23]},
						{"origin": [-1, 10.47034, -6.64364], "size": [2, 2, 3], "pivot": [0, 13.03307, -2.01001], "rotation": [-55.5, 0, 0], "uv": [31, 49]},
						{"origin": [-0.5, 10.97034, -8.64364], "size": [1, 1, 2], "inflate": 0.1, "pivot": [0, 13.03307, -2.01001], "rotation": [-55.5, 0, 0], "uv": [13, 26]},
						{"origin": [-2.5, 9.71712, -5.20376], "size": [5, 1, 3], "inflate": 0.05, "pivot": [0, 13.03307, -2.01001], "rotation": [-2, 0, 0], "uv": [29, 8]},
						{"origin": [2.525, 10.22734, -4.51611], "size": [0, 1, 1], "pivot": [2.525, 11.27734, -3.76611], "rotation": [43.25, 0, 0], "uv": [20, 49]},
						{"origin": [2.525, 11.02734, -5.19111], "size": [0, 1, 1], "pivot": [2.525, 11.27734, -3.76611], "rotation": [43.25, 0, 0], "uv": [43, 7]},
						{"origin": [1.525, 11.62734, -6.04111], "size": [0, 1, 1], "pivot": [2.525, 11.27734, -3.76611], "rotation": [43.25, 0, 0], "uv": [25, 41]},
						{"origin": [1.525, 12.35234, -6.61611], "size": [0, 1, 1], "pivot": [2.525, 11.27734, -3.76611], "rotation": [43.25, 0, 0], "uv": [39, 13]},
						{"origin": [-1.525, 11.62734, -6.04111], "size": [0, 1, 1], "pivot": [-2.525, 11.27734, -3.76611], "rotation": [43.25, 0, 0], "uv": [0, 26]},
						{"origin": [-1.525, 12.35234, -6.61611], "size": [0, 1, 1], "pivot": [-2.525, 11.27734, -3.76611], "rotation": [43.25, 0, 0], "uv": [29, 8]},
						{"origin": [-2.525, 11.02734, -5.19111], "size": [0, 1, 1], "pivot": [-2.525, 11.27734, -3.76611], "rotation": [43.25, 0, 0], "uv": [36, 23]},
						{"origin": [-2.525, 10.22734, -4.51611], "size": [0, 1, 1], "pivot": [-2.525, 11.27734, -3.76611], "rotation": [43.25, 0, 0], "uv": [0, 38]},
						{"origin": [-1.5, 9.71712, -7.20376], "size": [3, 1, 2], "inflate": 0.05, "pivot": [0, 13.03307, -2.01001], "rotation": [-2, 0, 0], "uv": [22, 0]},
						{"origin": [-1.5, 10.71712, -7.50376], "size": [3, 2, 2], "pivot": [0, 13.03307, -2.01001], "rotation": [-2, 0, 0], "uv": [42, 49]}
					]
				}
			]
		}
	]
}