{
	"format_version": "1.12.0",
	"minecraft:geometry": [
		{
			"description": {
				"identifier": "geometry.unknown",
				"texture_width": 64,
				"texture_height": 64,
				"visible_bounds_width": 2,
				"visible_bounds_height": 2.5,
				"visible_bounds_offset": [0, 0.75, 0]
			},
			"bones": [
				{
					"name": "nidoran_female_plushie",
					"pivot": [0, 0, 0],
					"cubes": [
						{"origin": [-3, 0, -2], "size": [6, 7, 5], "pivot": [0, 4, 0.5], "rotation": [4, 0, 0], "uv": [0, 0]},
						{"origin": [-2, 6.575, -1.75], "size": [4, 1, 4], "pivot": [0, 3.575, 0.5], "rotation": [4, 0, 0], "uv": [23, 0]},
						{"origin": [-2.5, 7.575, -3], "size": [5, 5, 6], "pivot": [0, 3.575, 0.5], "rotation": [4, 0, 0], "uv": [0, 13]},
						{"origin": [3.14477, 8.13625, -3.26531], "size": [1, 1, 3], "pivot": [3.31977, 8.86125, -1.64031], "rotation": [-3.08492, 57.28157, 6.24875], "uv": [49, 7]},
						{"origin": [2.81977, 6.91125, -3.06531], "size": [1, 1, 3], "pivot": [3.31977, 8.86125, -1.64031], "rotation": [-14.83492, 57.28157, 6.24875], "uv": [49, 7]},
						{"origin": [-4.14477, 8.13625, -3.26531], "size": [1, 1, 3], "pivot": [-3.31977, 8.86125, -1.64031], "rotation": [-3.08492, -57.28157, -6.24875], "uv": [49, 7], "mirror": true},
						{"origin": [-3.81977, 6.91125, -3.06531], "size": [1, 1, 3], "pivot": [-3.31977, 8.86125, -1.64031], "rotation": [-14.83492, -57.28157, -6.24875], "uv": [49, 7], "mirror": true},
						{"origin": [1.45, 8.56319, -0.96086], "size": [1, 4, 5], "pivot": [3, 10.48819, -0.98586], "rotation": [19.43008, 25.43345, 1.90565], "uv": [13, 29]},
						{"origin": [1.89953, 12.79545, -2.08473], "size": [1, 1, 3], "inflate": -0.01, "pivot": [2.39953, 13.44545, -0.00973], "rotation": [36.18008, 25.43345, 1.90565], "uv": [23, 36]},
						{"origin": [3.18735, 13.47944, 3.61686], "size": [1, 1, 2], "inflate": -0.01, "pivot": [3.68735, 15.30444, 2.56686], "rotation": [-25.31992, 25.43345, 1.90565], "uv": [21, 29]},
						{"origin": [-2.45, 8.56319, -0.96086], "size": [1, 4, 5], "pivot": [-3, 10.48819, -0.98586], "rotation": [19.43008, -25.43345, -1.90565], "uv": [0, 25]},
						{"origin": [-2.89953, 12.79545, -2.08473], "size": [1, 1, 3], "inflate": -0.01, "pivot": [-2.39953, 13.44545, -0.00973], "rotation": [36.18008, -25.43345, -1.90565], "uv": [8, 25]},
						{"origin": [-4.18735, 13.47944, 3.61686], "size": [1, 1, 2], "inflate": -0.01, "pivot": [-3.68735, 15.30444, 2.56686], "rotation": [-25.31992, -25.43345, -1.90565], "uv": [18, 0]},
						{"origin": [-1.5, 8.075, -5], "size": [3, 2, 2], "pivot": [0, 3.575, 0.5], "rotation": [4, 0, 0], "uv": [35, 28]},
						{"origin": [-0.5, 7.15, -4.975], "size": [1, 1, 0], "pivot": [0, 3.575, 0.5], "rotation": [4, 0, 0], "uv": [0, 41]},
						{"origin": [-1.5, 7.325, -4.75], "size": [3, 1, 3], "inflate": -0.01, "pivot": [0, 3.575, 0.5], "rotation": [4, 0, 0], "uv": [30, 17]},
						{"origin": [0.99783, 0.375, -3.86436], "size": [3, 3, 5], "pivot": [2.49783, 1.525, -1.36436], "rotation": [9.5, -16, 0], "uv": [18, 20]},
						{"origin": [2.06317, 4.16601, -3.52197], "size": [2, 2, 4], "pivot": [3.06317, 5.16601, -1.52197], "rotation": [-1.25, -16, 0], "uv": [30, 6]},
						{"origin": [-4.06317, 4.16601, -3.52197], "size": [2, 2, 4], "pivot": [-3.06317, 5.16601, -1.52197], "rotation": [-1.25, 16, 0], "uv": [26, 29]},
						{"origin": [1.85899, 2.50735, -5.02031], "size": [1, 0, 1], "pivot": [2.35899, 2.50735, -4.52031], "rotation": [42.64752, -6.01425, 9.64356], "uv": [17, 17]},
						{"origin": [3.78151, 2.50735, -4.46903], "size": [1, 0, 1], "pivot": [4.28151, 2.50735, -3.96903], "rotation": [48.47209, -25.8441, -11.05229], "uv": [0, 17]},
						{"origin": [2.89848, 2.48584, -5.22084], "size": [1, 0, 1], "pivot": [2.39848, 2.58584, -4.64584], "rotation": [44.5, -16, 0], "uv": [0, 15]},
						{"origin": [3.68151, 5.75735, -3.99403], "size": [1, 0, 1], "pivot": [4.18151, 5.75735, -3.49403], "rotation": [48.47209, -25.8441, -11.05229], "uv": [0, 17]},
						{"origin": [2.79848, 5.73584, -4.74584], "size": [1, 0, 1], "pivot": [2.29848, 5.83584, -4.17084], "rotation": [44.5, -16, 0], "uv": [0, 15]},
						{"origin": [-4.68151, 5.75735, -3.99403], "size": [1, 0, 1], "pivot": [-4.18151, 5.75735, -3.49403], "rotation": [48.47209, 25.8441, 11.05229], "uv": [0, 17], "mirror": true},
						{"origin": [-3.79848, 5.73584, -4.74584], "size": [1, 0, 1], "pivot": [-2.29848, 5.83584, -4.17084], "rotation": [44.5, 16, 0], "uv": [0, 15], "mirror": true},
						{"origin": [-3.89848, 2.48584, -5.22084], "size": [1, 0, 1], "pivot": [-2.39848, 2.58584, -4.64584], "rotation": [44.5, 16, 0], "uv": [0, 0]},
						{"origin": [-3.99783, 0.375, -3.86436], "size": [3, 3, 5], "pivot": [-2.49783, 1.525, -1.36436], "rotation": [9.5, 16, 0], "uv": [18, 8]},
						{"origin": [-4.78151, 2.50735, -4.46903], "size": [1, 0, 1], "pivot": [-4.28151, 2.50735, -3.96903], "rotation": [48.47209, 25.8441, 11.05229], "uv": [0, 2]},
						{"origin": [-2.85899, 2.50735, -5.02031], "size": [1, 0, 1], "pivot": [-2.35899, 2.50735, -4.52031], "rotation": [42.64752, 6.01425, -9.64356], "uv": [0, 13]},
						{"origin": [-1, 0.325, 2.675], "size": [2, 2, 3], "pivot": [0, 2, 4.5], "rotation": [6.25, 0, 0], "uv": [35, 22]},
						{"origin": [-1, 3.2, 3.2], "size": [2, 2, 3], "pivot": [0, 2, 4.5], "rotation": [23.75, 0, 0], "uv": [0, 35]}
					]
				}
			]
		}
	]
}