{
	"format_version": "1.12.0",
	"minecraft:geometry": [
		{
			"description": {
				"identifier": "geometry.unknown",
				"texture_width": 64,
				"texture_height": 64,
				"visible_bounds_width": 3,
				"visible_bounds_height": 2.5,
				"visible_bounds_offset": [0, 0.75, 0]
			},
			"bones": [
				{
					"name": "nidoqueen_plushie",
					"pivot": [0, 0, -1.25],
					"cubes": [
						{"origin": [-3.5, 0.25, -4], "size": [7, 6, 7], "pivot": [0, 3, -0.5], "rotation": [5.75, 0, 0], "uv": [0, 0]},
						{"origin": [2.5, 0.6138, -3.70937], "size": [3, 3, 4], "inflate": 0.01, "pivot": [4, 1.30214, -2.56484], "rotation": [14.5, -23.75, 0], "uv": [13, 33]},
						{"origin": [2.5, -0.19786, -5.18984], "size": [3, 1, 4], "pivot": [4, 1.30214, -2.56484], "rotation": [0, -23.75, 0], "uv": [39, 25]},
						{"origin": [-5.5, 0.6138, -3.70937], "size": [3, 3, 4], "inflate": 0.01, "pivot": [-4, 1.30214, -2.56484], "rotation": [14.5, 23.75, 0], "uv": [29, 0]},
						{"origin": [-5.5, -0.19786, -5.18984], "size": [3, 1, 4], "pivot": [-4, 1.30214, -2.56484], "rotation": [0, 23.75, 0], "uv": [38, 19]},
						{"origin": [-2, 0.825, 1.35], "size": [4, 3, 4], "pivot": [0, 3, -0.5], "rotation": [-9.75, 0, 0], "uv": [0, 26]},
						{"origin": [-1.5, -1.525, 3.825], "size": [3, 3, 2], "pivot": [0, 3, -0.5], "rotation": [16.75, 0, 0], "uv": [44, 0]},
						{"origin": [-1, 1.79317, 5.51691], "size": [2, 2, 2], "pivot": [-0.5, 2.69317, 7.24191], "rotation": [44, 0, 0], "uv": [52, 41]},
						{"origin": [-1, 2.79677, 2.77814], "size": [2, 2, 2], "pivot": [0, 3.79677, 3.77814], "rotation": [26.75, 0, 0], "uv": [52, 36]},
						{"origin": [-0.5, 3.29677, 4.77814], "size": [1, 1, 1], "pivot": [0, 3.79677, 3.77814], "rotation": [26.75, 0, 0], "uv": [24, 53]},
						{"origin": [-0.5, 6.03435, 4.42287], "size": [1, 1, 1], "pivot": [0, 4.13435, 4.44787], "rotation": [7, 0, 0], "uv": [19, 53]},
						{"origin": [-1, 5.53435, 2.42287], "size": [2, 2, 2], "pivot": [0, 4.13435, 4.44787], "rotation": [7, 0, 0], "uv": [52, 29]},
						{"origin": [-0.5, 8.75935, 5.59787], "size": [1, 1, 1], "pivot": [0, 4.13435, 4.44787], "rotation": [17.5, 0, 0], "uv": [14, 53]},
						{"origin": [-1, 8.25935, 3.59787], "size": [2, 2, 2], "pivot": [0, 4.13435, 4.44787], "rotation": [17.5, 0, 0], "uv": [51, 23]},
						{"origin": [-0.5, 11.62276, 3.05839], "size": [1, 1, 1], "pivot": [0, 11.67276, 2.80839], "rotation": [37.5, 0, 0], "uv": [9, 53]},
						{"origin": [-1, 11.12276, 1.05839], "size": [2, 2, 2], "pivot": [0, 11.67276, 2.80839], "rotation": [37.5, 0, 0], "uv": [0, 51]},
						{"origin": [-3, 5.18914, -3.27715], "size": [6, 5, 6], "pivot": [0, 10.56723, -2.70964], "rotation": [-5.75, 0, 0], "uv": [0, 14]},
						{"origin": [2.91685, 4.18034, -3.65694], "size": [2, 2, 2], "pivot": [7.20124, 5.6612, -1.12847], "rotation": [-1.50215, 28.04378, 36.78082], "uv": [49, 15]},
						{"origin": [3, 4.23086, -2.18348], "size": [2, 3, 3], "pivot": [7.6875, 8.86915, -0.71745], "rotation": [-4.95865, 2.91471, 30.37377], "uv": [43, 31]},
						{"origin": [3.48355, 3.06842, -5.13153], "size": [4, 3, 3], "pivot": [7.41326, 5.37433, -3.34872], "rotation": [4.71614, 38.57847, 46.67166], "uv": [0, 38]},
						{"origin": [7.30855, 5.11842, -4.38153], "size": [1, 1, 1], "pivot": [7.41326, 5.37433, -3.34872], "rotation": [4.71614, 38.57847, 46.67166], "uv": [52, 6]},
						{"origin": [7.35855, 4.81842, -3.08153], "size": [1, 1, 1], "pivot": [7.41326, 5.37433, -3.34872], "rotation": [4.71614, 38.57847, 46.67166], "uv": [49, 20]},
						{"origin": [7.18355, 3.81842, -5.20653], "size": [1, 1, 1], "pivot": [7.41326, 5.37433, -3.34872], "rotation": [4.71614, 38.57847, 46.67166], "uv": [40, 31]},
						{"origin": [-7.48355, 3.06842, -5.13153], "size": [4, 3, 3], "pivot": [-7.41326, 5.37433, -3.34872], "rotation": [4.71614, -38.57847, -46.67166], "uv": [28, 33]},
						{"origin": [-8.30855, 5.11842, -4.38153], "size": [1, 1, 1], "pivot": [-7.41326, 5.37433, -3.34872], "rotation": [4.71614, -38.57847, -46.67166], "uv": [22, 4]},
						{"origin": [-8.18355, 3.81842, -5.20653], "size": [1, 1, 1], "pivot": [-7.41326, 5.37433, -3.34872], "rotation": [4.71614, -38.57847, -46.67166], "uv": [17, 30]},
						{"origin": [-8.35855, 4.81842, -3.08153], "size": [1, 1, 1], "pivot": [-7.41326, 5.37433, -3.34872], "rotation": [4.71614, -38.57847, -46.67166], "uv": [24, 33]},
						{"origin": [-4.91685, 4.18034, -3.65694], "size": [2, 2, 2], "pivot": [-7.20124, 5.6612, -1.12847], "rotation": [-1.50215, -28.04378, -36.78082], "uv": [29, 8]},
						{"origin": [-5, 4.23086, -2.18348], "size": [2, 3, 3], "pivot": [-7.6875, 8.86915, -0.71745], "rotation": [-4.95865, -2.91471, -30.37377], "uv": [15, 41]},
						{"origin": [0.11009, 6.11239, -4.08503], "size": [3, 3, 2], "pivot": [1.86009, 7.61239, -3.08503], "rotation": [-11.77431, -12.64368, 24.63057], "uv": [24, 47]},
						{"origin": [-3.11009, 6.11239, -4.08503], "size": [3, 3, 2], "pivot": [-1.86009, 7.61239, -3.08503], "rotation": [-11.77431, 12.64368, -24.63057], "uv": [0, 45]},
						{"origin": [-2.5, 9.71712, -3.50376], "size": [5, 5, 3], "pivot": [0, 13.03307, -2.01001], "rotation": [-2, 0, 0], "uv": [25, 14]},
						{"origin": [1.30619, 10.05698, -3.61586], "size": [4, 4, 2], "inflate": 0.1, "pivot": [0, 13.03307, -2.01001], "rotation": [42.04309, -35.99134, -35.98648], "uv": [39, 40]},
						{"origin": [3.01035, 14.63287, -3.61586], "size": [3, 3, 2], "pivot": [0, 13.03307, -2.01001], "rotation": [-3.086, -53.0048, 24.78378], "uv": [46, 47]},
						{"origin": [6.56087, 11.31325, -3.11586], "size": [1, 2, 1], "pivot": [0, 13.03307, -2.01001], "rotation": [35.87129, -42.1394, -26.22152], "uv": [19, 14]},
						{"origin": [-7.56087, 11.31325, -3.11586], "size": [1, 2, 1], "pivot": [0, 13.03307, -2.01001], "rotation": [35.87129, 42.1394, 26.22152], "uv": [0, 14]},
						{"origin": [-6.01035, 14.63287, -3.61586], "size": [3, 3, 2], "pivot": [0, 13.03307, -2.01001], "rotation": [-3.086, 53.0048, -24.78378], "uv": [35, 47]},
						{"origin": [-5.30619, 10.05698, -3.61586], "size": [4, 4, 2], "inflate": 0.1, "pivot": [0, 13.03307, -2.01001], "rotation": [42.04309, 35.99134, 35.98648], "uv": [26, 40]},
						{"origin": [-2.5, 7.81286, -2.88946], "size": [5, 6, 3], "inflate": -0.01, "pivot": [0, 13.03307, -2.01001], "rotation": [26, 0, 0], "uv": [22, 23]},
						{"origin": [-2.5, 10.71712, -5.50376], "size": [5, 4, 2], "pivot": [0, 13.03307, -2.01001], "rotation": [-2, 0, 0], "uv": [39, 8]},
						{"origin": [-0.5, 11.22034, -6.64364], "size": [1, 1, 2], "pivot": [0, 13.03307, -2.01001], "rotation": [-55.5, 0, 0], "uv": [42, 15]},
						{"origin": [-0.5, 18.00911, -7.44997], "size": [1, 2, 2], "pivot": [0, 15.28411, -5.14997], "rotation": [-107.75, 0, 0], "uv": [0, 0]},
						{"origin": [-0.5, 18.50911, -9.44997], "size": [1, 1, 2], "pivot": [0, 15.28411, -5.14997], "rotation": [-107.75, 0, 0], "uv": [13, 26]},
						{"origin": [-2, 9.71712, -5.50376], "size": [4, 1, 2], "pivot": [0, 13.03307, -2.01001], "rotation": [-2, 0, 0], "uv": [0, 34]},
						{"origin": [-1, 9.71712, -7.50376], "size": [2, 1, 2], "pivot": [0, 13.03307, -2.01001], "rotation": [-2, 0, 0], "uv": [22, 0]},
						{"origin": [-1.5, 10.71712, -7.50376], "size": [3, 2, 2], "pivot": [0, 13.03307, -2.01001], "rotation": [-2, 0, 0], "uv": [11, 48]}
					]
				}
			]
		}
	]
}