{
	"format_version": "1.12.0",
	"minecraft:geometry": [
		{
			"description": {
				"identifier": "geometry.unknown",
				"texture_width": 64,
				"texture_height": 64,
				"visible_bounds_width": 2,
				"visible_bounds_height": 2.5,
				"visible_bounds_offset": [0, 0.75, 0]
			},
			"bones": [
				{
					"name": "nidoran_male_plushie",
					"pivot": [0, 3.08517, -1.47827],
					"rotation": [73.5, 0, 0],
					"cubes": [
						{"origin": [-3, -3.225, -2], "size": [6, 7, 5], "pivot": [0, 0.775, 0.5], "rotation": [4, 0, 0], "uv": [0, 0]},
						{"origin": [-2, 1.38495, 0.15757], "size": [4, 2, 4], "pivot": [0, 5.35222, 1.69745], "rotation": [-40.25, 0, 0], "uv": [19, 9]},
						{"origin": [-2.5, 2.98495, -1.09243], "size": [5, 5, 6], "pivot": [0, 5.35222, 1.69745], "rotation": [-57.5, 0, 0], "uv": [0, 13]},
						{"origin": [-0.5, 9.61949, 0.65988], "size": [1, 1, 2], "pivot": [0, 9.69449, 1.45988], "rotation": [-87.75, 0, 0], "uv": [39, 18]},
						{"origin": [1.28255, 3.77184, 2.88102], "size": [1, 4, 5], "pivot": [0, 5.35222, 1.69745], "rotation": [-45.10066, 13.37441, -21.91379], "uv": [0, 25]},
						{"origin": [4.79828, -0.05919, 5.65528], "size": [1, 3, 4], "pivot": [5.33755, 2.17828, 8.14084], "rotation": [-48.58168, 19.81245, -27.90975], "uv": [22, 33]},
						{"origin": [1.28255, 6.72457, 3.03358], "size": [1, 1, 3], "inflate": -0.01, "pivot": [0, 5.35222, 1.69745], "rotation": [-28.35066, 13.37441, -21.91379], "uv": [11, 37]},
						{"origin": [4.79828, 2.56226, 5.9981], "size": [1, 1, 2], "inflate": -0.01, "pivot": [5.33755, 2.17828, 8.14084], "rotation": [-31.83168, 19.81245, -27.90975], "uv": [40, 38]},
						{"origin": [4.79828, 2.60502, 9.03443], "size": [1, 1, 1], "inflate": -0.01, "pivot": [5.33755, 2.17828, 8.14084], "rotation": [-80.33168, 19.81245, -27.90975], "uv": [0, 13]},
						{"origin": [-2.28255, 6.72457, 3.03358], "size": [1, 1, 3], "inflate": -0.01, "pivot": [0, 5.35222, 1.69745], "rotation": [-28.35066, -13.37441, 21.91379], "uv": [8, 25]},
						{"origin": [-2.28255, 3.77184, 2.88102], "size": [1, 4, 5], "pivot": [0, 5.35222, 1.69745], "rotation": [-45.10066, -13.37441, 21.91379], "uv": [18, 20]},
						{"origin": [-5.79828, -0.05919, 5.65528], "size": [1, 3, 4], "pivot": [-5.33755, 2.17828, 8.14084], "rotation": [-48.58168, -19.81245, 27.90975], "uv": [32, 4]},
						{"origin": [-5.79828, 2.56226, 5.9981], "size": [1, 1, 2], "inflate": -0.01, "pivot": [-5.33755, 2.17828, 8.14084], "rotation": [-31.83168, -19.81245, 27.90975], "uv": [40, 29]},
						{"origin": [-5.79828, 2.60502, 9.03443], "size": [1, 1, 1], "inflate": -0.01, "pivot": [-5.33755, 2.17828, 8.14084], "rotation": [-80.33168, -19.81245, 27.90975], "uv": [0, 0]},
						{"origin": [-1.5, 3.48495, -3.09243], "size": [3, 2, 2], "pivot": [0, 5.35222, 1.69745], "rotation": [-57.5, 0, 0], "uv": [36, 24]},
						{"origin": [-0.5, 2.55995, -3.06743], "size": [1, 1, 0], "pivot": [0, 5.35222, 1.69745], "rotation": [-57.5, 0, 0], "uv": [23, 0]},
						{"origin": [-1.5, 2.73495, -2.84243], "size": [3, 1, 3], "inflate": -0.01, "pivot": [0, 5.35222, 1.69745], "rotation": [-57.5, 0, 0], "uv": [33, 33]},
						{"origin": [1.35408, -3.4966, -3.65844], "size": [3, 3, 2], "pivot": [3.04044, -0.95444, -3.27402], "rotation": [33.40218, -8.07062, 1.71111], "uv": [36, 12]},
						{"origin": [1.46423, -3.47156, -2.06101], "size": [3, 4, 3], "pivot": [3.32025, -1.41828, -2.44084], "rotation": [2.54742, -14.80716, -6.13102], "uv": [26, 16]},
						{"origin": [2.26582, 2.6789, -5.08249], "size": [2, 2, 4], "pivot": [0, 4.00666, -3.36592], "rotation": [-28.0969, -16.54004, 4.87614], "uv": [13, 30]},
						{"origin": [-4.26582, 2.6789, -5.08249], "size": [2, 2, 4], "pivot": [0, 4.00666, -3.36592], "rotation": [-27.54365, 12.22855, -9.29812], "uv": [27, 26]},
						{"origin": [1.54827, -1.06618, -4.85353], "size": [1, 0, 1], "pivot": [3.04044, -0.95444, -3.27402], "rotation": [-49.09208, -5.94071, -3.85321], "uv": [0, 41]},
						{"origin": [3.09606, -1.06618, -4.75368], "size": [1, 0, 1], "pivot": [3.04044, -0.95444, -3.27402], "rotation": [-54.99233, -23.40104, 18.89045], "uv": [39, 22]},
						{"origin": [2.32347, -1.01799, -4.70059], "size": [1, 0, 1], "pivot": [3.04044, -0.95444, -3.27402], "rotation": [-51.03019, -14.79401, 6.85418], "uv": [39, 5]},
						{"origin": [-4.09606, -1.06618, -4.75368], "size": [1, 0, 1], "pivot": [-3.04044, -0.95444, -3.27402], "rotation": [-54.99233, 23.40104, -18.89045], "uv": [0, 3]},
						{"origin": [-3.32347, -1.01799, -4.70059], "size": [1, 0, 1], "pivot": [-3.04044, -0.95444, -3.27402], "rotation": [-51.03019, 14.79401, -6.85418], "uv": [18, 3]},
						{"origin": [-2.54827, -1.06618, -4.85353], "size": [1, 0, 1], "pivot": [-3.04044, -0.95444, -3.27402], "rotation": [-49.09208, 5.94071, 3.85321], "uv": [0, 28]},
						{"origin": [-4.35408, -3.4966, -3.65844], "size": [3, 3, 2], "pivot": [-3.04044, -0.95444, -3.27402], "rotation": [33.40218, 8.07062, -1.71111], "uv": [0, 35]},
						{"origin": [-4.46423, -3.47156, -2.06101], "size": [3, 4, 3], "pivot": [-3.32025, -1.41828, -2.44084], "rotation": [2.54742, 14.80716, 6.13102], "uv": [23, 0]},
						{"origin": [3.273, 5.35361, -6.2654], "size": [1, 0, 1], "pivot": [0.00017, 4.64586, -4.08924], "rotation": [-66.73074, -2.18834, 29.97946], "uv": [29, 33]},
						{"origin": [2.57287, 5.40181, -5.39895], "size": [1, 0, 1], "pivot": [0.00017, 4.64586, -4.08924], "rotation": [-66.87561, 3.44917, 16.88594], "uv": [17, 37]},
						{"origin": [-4.26606, 5.35217, -6.26222], "size": [1, 0, 1], "pivot": [0.00017, 4.64586, -4.08924], "rotation": [-64.44843, -2.10936, -25.97937], "uv": [31, 24]},
						{"origin": [-3.56535, 5.40037, -5.39748], "size": [1, 0, 1], "pivot": [0.00017, 4.64586, -4.08924], "rotation": [-65.61419, -8.15052, -13.01501], "uv": [33, 0]},
						{"origin": [-0.5, -3.6608, 2.60339], "size": [1, 2, 2], "pivot": [-0.5, -1.9858, 3.75339], "rotation": [-43.25, 0, 0], "uv": [39, 0]},
						{"origin": [1, -2.99444, 3.42363], "size": [1, 1, 1], "pivot": [1.5, -1.49444, 3.04863], "rotation": [-42.79022, 7.00315, 7.50329], "uv": [22, 30]},
						{"origin": [1, -2.04444, 2.67363], "size": [1, 1, 1], "pivot": [1.5, -1.49444, 3.04863], "rotation": [-42.79022, 7.00315, 7.50329], "uv": [0, 25]},
						{"origin": [1, -0.99444, 1.67363], "size": [1, 1, 1], "pivot": [1.5, -1.49444, 3.04863], "rotation": [-42.79022, 7.00315, 7.50329], "uv": [22, 16]},
						{"origin": [-2, -2.99444, 3.42363], "size": [1, 1, 1], "pivot": [-1.5, -1.49444, 3.04863], "rotation": [-42.79022, -7.00315, -7.50329], "uv": [0, 16]},
						{"origin": [-2, -2.04444, 2.67363], "size": [1, 1, 1], "pivot": [-1.5, -1.49444, 3.04863], "rotation": [-42.79022, -7.00315, -7.50329], "uv": [17, 16]},
						{"origin": [-2, -0.99444, 1.67363], "size": [1, 1, 1], "pivot": [-1.5, -1.49444, 3.04863], "rotation": [-42.79022, -7.00315, -7.50329], "uv": [18, 0]},
						{"origin": [-0.5, -1.6858, 0.60339], "size": [1, 2, 2], "pivot": [-0.5, -1.9858, 3.75339], "rotation": [-43.25, 0, 0], "uv": [33, 38]}
					]
				}
			]
		}
	]
}