{
	"format_version": "1.12.0",
	"minecraft:geometry": [
		{
			"description": {
				"identifier": "geometry.unknown",
				"texture_width": 64,
				"texture_height": 64,
				"visible_bounds_width": 2,
				"visible_bounds_height": 2.5,
				"visible_bounds_offset": [0, 0.75, 0]
			},
			"bones": [
				{
					"name": "nidorina_plushie",
					"pivot": [0, 0, -1.65],
					"cubes": [
						{"origin": [-3, 0.1, -3.65], "size": [6, 8, 6], "pivot": [0, 5.1, -1.15], "rotation": [4, 0, 0], "uv": [0, 0]},
						{"origin": [-2, 0, 0.775], "size": [4, 3, 4], "uv": [28, 29]},
						{"origin": [-1, 0.925, 4.25], "size": [2, 3, 3], "pivot": [0, 1.5, 6.275], "rotation": [29.25, 0, 0], "uv": [35, 37]},
						{"origin": [-2, 7.475, -2.825], "size": [4, 1, 4], "pivot": [0, 4.475, -0.575], "rotation": [4, 0, 0], "uv": [26, 21]},
						{"origin": [-2.5, 8.475, -4.075], "size": [5, 5, 6], "pivot": [0, 4.475, -0.575], "rotation": [4, 0, 0], "uv": [0, 15]},
						{"origin": [2.57289, 10.45046, -2.0627], "size": [1, 5, 6], "pivot": [0, 14.44895, -0.06561], "rotation": [56.64371, 19.61809, 16.623], "uv": [17, 21]},
						{"origin": [2.57289, 15.38002, -2.18388], "size": [1, 1, 3], "inflate": -0.01, "pivot": [0, 14.44895, -0.06561], "rotation": [73.39371, 19.61809, 16.623], "uv": [40, 24]},
						{"origin": [2.57289, 16.92872, 2.09037], "size": [1, 1, 2], "inflate": -0.01, "pivot": [0, 14.44895, -0.06561], "rotation": [11.89371, 19.61809, 16.623], "uv": [0, 43]},
						{"origin": [2.57289, 16.69489, 2.2228], "size": [1, 1, 2], "inflate": -0.01, "pivot": [0, 14.44895, -0.06561], "rotation": [-7.85629, 19.61809, 16.623], "uv": [42, 5]},
						{"origin": [-3.57289, 15.38002, -2.18388], "size": [1, 1, 3], "inflate": -0.01, "pivot": [0, 14.44895, -0.06561], "rotation": [73.39371, -19.61809, -16.623], "uv": [37, 0]},
						{"origin": [-3.57289, 10.45046, -2.0627], "size": [1, 5, 6], "pivot": [0, 14.44895, -0.06561], "rotation": [56.64371, -19.61809, -16.623], "uv": [19, 9]},
						{"origin": [-3.57289, 16.92872, 2.09037], "size": [1, 1, 2], "inflate": -0.01, "pivot": [0, 14.44895, -0.06561], "rotation": [11.89371, -19.61809, -16.623], "uv": [28, 9]},
						{"origin": [-3.57289, 16.69489, 2.2228], "size": [1, 1, 2], "inflate": -0.01, "pivot": [0, 14.44895, -0.06561], "rotation": [-7.85629, -19.61809, -16.623], "uv": [41, 29]},
						{"origin": [-1.5, 8.975, -6.075], "size": [3, 2, 2], "pivot": [0, 4.475, -0.575], "rotation": [4, 0, 0], "uv": [19, 0]},
						{"origin": [-1.475, 8.05, -5.05], "size": [0, 1, 1], "pivot": [0, 4.475, -0.575], "rotation": [4, 0, 0], "uv": [12, 29]},
						{"origin": [1.475, 8.05, -5.05], "size": [0, 1, 1], "pivot": [0, 4.475, -0.575], "rotation": [4, 0, 0], "uv": [26, 21]},
						{"origin": [-1.5, 8.225, -5.825], "size": [3, 1, 3], "inflate": -0.05, "pivot": [0, 4.475, -0.575], "rotation": [4, 0, 0], "uv": [34, 16]},
						{"origin": [2.97229, 0.09193, -5.4837], "size": [3, 3, 5], "pivot": [4.82025, 2.18877, -4.6201], "rotation": [9.5, -40.75, 0], "uv": [0, 27]},
						{"origin": [3.53471, 3.74416, -2.28236], "size": [2, 2, 4], "pivot": [4.74734, 5.01168, -1.57561], "rotation": [-1.25, -85.5, 44], "uv": [0, 36]},
						{"origin": [3.16229, 3.27475, -6.07322], "size": [1, 0, 1], "pivot": [4.82025, 2.18877, -4.6201], "rotation": [37.98481, -30.37274, 11.13364], "uv": [0, 29]},
						{"origin": [4.78883, 3.27475, -5.91033], "size": [1, 0, 1], "pivot": [4.82025, 2.18877, -4.6201], "rotation": [55.63995, -49.96751, -15.55894], "uv": [28, 13]},
						{"origin": [3.97229, 3.32294, -5.88449], "size": [1, 0, 1], "pivot": [4.82025, 2.18877, -4.6201], "rotation": [44.5, -40.75, 0], "uv": [12, 27]},
						{"origin": [4.44639, 5.86517, -2.58702], "size": [1, 0, 1], "pivot": [4.74734, 5.01168, -1.57561], "rotation": [163.95022, -78.52686, -75.8433], "uv": [0, 19]},
						{"origin": [3.56951, 5.91336, -2.6361], "size": [1, 0, 1], "pivot": [4.74734, 5.01168, -1.57561], "rotation": [44.5, -85.5, 44], "uv": [0, 27]},
						{"origin": [4.31743, 3.99743, -3.64648], "size": [1, 0, 1], "pivot": [4.81743, 4.09743, -2.89648], "rotation": [79.09677, -0.88558, -50.28091], "uv": [0, 27]},
						{"origin": [-5.31743, 3.99743, -3.64648], "size": [1, 0, 1], "pivot": [-4.81743, 4.09743, -2.89648], "rotation": [79.09677, 0.88558, 50.28091], "uv": [0, 27], "mirror": true},
						{"origin": [-5.53471, 3.74416, -2.28236], "size": [2, 2, 4], "pivot": [-4.74734, 5.01168, -1.57561], "rotation": [-1.25, 85.5, -44], "uv": [13, 33]},
						{"origin": [-5.44639, 5.86517, -2.58702], "size": [1, 0, 1], "pivot": [-4.74734, 5.01168, -1.57561], "rotation": [163.95022, 78.52686, 75.8433], "uv": [0, 0]},
						{"origin": [-4.56951, 5.91336, -2.6361], "size": [1, 0, 1], "pivot": [-4.74734, 5.01168, -1.57561], "rotation": [44.5, 85.5, -44], "uv": [0, 2]},
						{"origin": [-5.97229, 0.09193, -5.4837], "size": [3, 3, 5], "pivot": [-4.82025, 2.18877, -4.6201], "rotation": [9.5, 40.75, 0], "uv": [25, 0]},
						{"origin": [-5.78883, 3.27475, -5.91033], "size": [1, 0, 1], "pivot": [-4.82025, 2.18877, -4.6201], "rotation": [55.63995, 49.96751, 15.55894], "uv": [0, 4]},
						{"origin": [-4.97229, 3.32294, -5.88449], "size": [1, 0, 1], "pivot": [-4.82025, 2.18877, -4.6201], "rotation": [44.5, 40.75, 0], "uv": [0, 15]},
						{"origin": [-4.16229, 3.27475, -6.07322], "size": [1, 0, 1], "pivot": [-4.82025, 2.18877, -4.6201], "rotation": [37.98481, 30.37274, -11.13364], "uv": [0, 17]},
						{"origin": [2.175, 3.36923, 1.54951], "size": [1, 1, 3], "pivot": [2.5, 4.78589, 2.9766], "rotation": [-20.18644, 16.13469, 3.70456], "uv": [16, 42]},
						{"origin": [1.5, 5.1589, 0.83307], "size": [2, 2, 4], "pivot": [2.5, 4.78589, 2.9766], "rotation": [-4, 25.25, 0], "uv": [22, 37]},
						{"origin": [-3.175, 3.36923, 1.54951], "size": [1, 1, 3], "pivot": [-2.5, 4.78589, 2.9766], "rotation": [-20.18644, -16.13469, -3.70456], "uv": [10, 40]},
						{"origin": [-3.5, 5.1589, 0.83307], "size": [2, 2, 4], "pivot": [-2.5, 4.78589, 2.9766], "rotation": [-4, -25.25, 0], "uv": [34, 9]}
					]
				}
			]
		}
	]
}