{
	"format_version": "1.12.0",
	"minecraft:geometry": [
		{
			"description": {
				"identifier": "geometry.unknown",
				"texture_width": 128,
				"texture_height": 128,
				"visible_bounds_width": 3,
				"visible_bounds_height": 2.5,
				"visible_bounds_offset": [0, 0.75, 0]
			},
			"bones": [
				{
					"name": "ninetales_plushie",
					"pivot": [0,0,0],
					"cubes": [
						{"origin": [-2, 10.6, -4.7], "size": [4, 3, 4], "pivot": [0, 10.61915, -4.54198], "rotation": [-7.75, 0, 0], "uv": [46, 0]},
						{"origin": [-2.5, 9.97637, -5.35519], "size": [5, 2, 5], "pivot": [0, 10.61915, -4.54198], "rotation": [-22.5, 0, 0], "uv": [25, 0]},
						{"origin": [-2.525, 0.51197, -5.69052], "size": [2, 5, 2], "pivot": [-1.525, 3.01197, -4.69052], "rotation": [-7.89168, -1.31621, -9.40921], "uv": [24, 78]},
						{"origin": [-2.1, 0.01197, -6.86552], "size": [2, 2, 3], "inflate": 0.01, "uv": [52, 78]},
						{"origin": [-5, 0.01197, -1.71552], "size": [3, 2, 4], "inflate": 0.01, "pivot": [-3.4875, 2.41677, 0.84376], "rotation": [0, 27.75, 0], "uv": [55, 34]},
						{"origin": [0.525, 0.51197, -5.69052], "size": [2, 5, 2], "pivot": [1.525, 3.01197, -4.69052], "rotation": [-7.89168, 1.31621, 9.40921], "uv": [78, 68]},
						{"origin": [0.1, 0.01197, -6.86552], "size": [2, 2, 3], "inflate": 0.01, "uv": [63, 78]},
						{"origin": [-3, 7.23279, -5.58054], "size": [6, 3, 6], "inflate": -0.001, "pivot": [0, 10.61915, -4.54198], "rotation": [-7.75, 0, 0], "uv": [0, 13]},
						{"origin": [-2.5, 3.15779, -5.85554], "size": [5, 4, 5], "uv": [21, 23]},
						{"origin": [-3, 2.15779, -2.75554], "size": [6, 6, 6], "inflate": -0.01, "pivot": [0.5, 5.15779, -0.25554], "rotation": [-47.5, 0, 0], "uv": [0, 0]},
						{"origin": [-4.975, 2.86652, -1.35985], "size": [3, 4, 4], "pivot": [-3.4875, 2.89177, 0.84376], "rotation": [-22.25, 27.75, 0], "uv": [32, 51]},
						{"origin": [-4.475, 1.06263, -1.02323], "size": [2, 3, 3], "pivot": [-3.4875, 2.89177, 0.84376], "rotation": [10.5, 27.75, 0], "uv": [76, 0]},
						{"origin": [1.975, 2.86652, -1.35985], "size": [3, 4, 4], "pivot": [3.4875, 2.89177, 0.84376], "rotation": [-22.25, -27.75, 0], "uv": [51, 42]},
						{"origin": [2.475, 1.06263, -1.02323], "size": [2, 3, 3], "pivot": [3.4875, 2.89177, 0.84376], "rotation": [10.5, -27.75, 0], "uv": [13, 78]},
						{"origin": [3.001, 4.40377, -6.02771], "size": [0, 3, 6], "uv": [0, 52]},
						{"origin": [2, 0.01197, -1.71552], "size": [3, 2, 4], "inflate": 0.01, "pivot": [3.4875, 2.41677, 0.84376], "rotation": [0, -27.75, 0], "uv": [59, 8]},
						{"origin": [-2.999, 3.40377, -6.02771], "size": [6, 4, 0], "uv": [74, 7]},
						{"origin": [-2.999, 4.40377, -6.02771], "size": [0, 3, 6], "uv": [47, 51]},
						{"origin": [-2.525, 15.06262, -5.1866], "size": [1, 1, 0], "pivot": [0, 10.61915, -4.54198], "rotation": [2.75, 0, 0], "uv": [52, 63]},
						{"origin": [1.525, 15.06262, -5.1866], "size": [1, 1, 0], "pivot": [0, 10.61915, -4.54198], "rotation": [2.75, 0, 0], "uv": [0, 90]},
						{"origin": [1.475, 15.06262, -5.1616], "size": [1, 1, 0], "pivot": [0, 10.61915, -4.54198], "rotation": [2.75, 0, 0], "uv": [0, 90]},
						{"origin": [-2.475, 15.06262, -5.1616], "size": [1, 1, 0], "pivot": [0, 10.61915, -4.54198], "rotation": [2.75, 0, 0], "uv": [0, 90], "mirror": true},
						{"origin": [-2.525, 15.06262, -5.1866], "size": [0, 1, 2], "pivot": [0, 10.61915, -4.54198], "rotation": [2.75, 0, 0], "uv": [50, 59]},
						{"origin": [2.525, 15.06262, -5.1866], "size": [0, 1, 2], "pivot": [0, 10.61915, -4.54198], "rotation": [2.75, 0, 0], "uv": [-1, 86]},
						{"origin": [-2.5, 12.63762, -5.1366], "size": [5, 5, 5], "pivot": [0, 10.61915, -4.54198], "rotation": [2.75, 0, 0], "uv": [0, 23]},
						{"origin": [-3.125, 15.7221, -3.42755], "size": [2, 2, 1], "pivot": [-2.5, 16.7221, -2.92755], "rotation": [2.04435, 1.83972, -41.96717], "uv": [85, 20]},
						{"origin": [-2.625, 17.7221, -3.42755], "size": [1, 1, 1], "pivot": [-2.5, 16.7221, -2.92755], "rotation": [2.04435, 1.83972, -41.96717], "uv": [74, 12]},
						{"origin": [1.125, 15.7221, -3.42755], "size": [2, 2, 1], "pivot": [2.5, 16.7221, -2.92755], "rotation": [2.04435, -1.83972, 41.96717], "uv": [87, 8]},
						{"origin": [1.625, 17.7221, -3.42755], "size": [1, 1, 1], "pivot": [2.5, 16.7221, -2.92755], "rotation": [2.04435, -1.83972, 41.96717], "uv": [79, 12]},
						{"origin": [-1.5, 16.28204, -4.26422], "size": [3, 4, 4], "pivot": [0, 10.61915, -4.54198], "rotation": [13.75, 0, 0], "uv": [17, 51]},
						{"origin": [-0.5, 20.13219, -5.89507], "size": [1, 1, 4], "pivot": [0, 21.03219, -4.74507], "rotation": [43, 0, 0], "uv": [27, 87]},
						{"origin": [-1, 16.60458, -2.76549], "size": [2, 4, 3], "pivot": [0, 19.55458, -0.26549], "rotation": [-6.5, 0, 0], "uv": [70, 33]},
						{"origin": [-1, 18.37065, -0.86268], "size": [2, 2, 4], "inflate": -0.002, "pivot": [0, 19.32065, -1.36268], "rotation": [-26.25, 0, 0], "uv": [42, 26]},
						{"origin": [-1, 19.07065, -2.63768], "size": [2, 2, 5], "inflate": -0.001, "pivot": [0, 19.82065, -0.56268], "rotation": [4.5, 0, 0], "uv": [55, 26]},
						{"origin": [-0.5, 19.49207, 1.77907], "size": [1, 1, 3], "inflate": 0.1, "pivot": [0, 20.41707, 3.82907], "rotation": [-11.75, 0, 0], "uv": [87, 65]},
						{"origin": [-0.5, 15.94311, 2.18758], "size": [1, 1, 3], "inflate": 0.1, "pivot": [0, 17.06811, 3.83758], "rotation": [-47.25, 0, 0], "uv": [87, 70]},
						{"origin": [-0.5, 14.60063, 1.00548], "size": [1, 1, 2], "inflate": 0.1, "pivot": [0, 14.70063, 1.05548], "rotation": [-84, 0, 0], "uv": [52, 65]},
						{"origin": [-1, 16.84565, 0.03732], "size": [2, 2, 4], "inflate": -0.001, "pivot": [0, 18.84565, -0.78768], "rotation": [-50.5, 0, 0], "uv": [63, 0]},
						{"origin": [-1.5, 13.22676, -6.16259], "size": [3, 2, 3], "pivot": [0, 10.61915, -4.54198], "rotation": [23.25, 0, 0], "uv": [25, 17]},
						{"origin": [-1, 12.41262, -6.8616], "size": [2, 1, 3], "pivot": [0, 10.61915, -4.54198], "rotation": [2.75, 0, 0], "uv": [38, 87]}
					]
				},
				{
					"name": "bone3",
					"parent": "ninetales_plushie",
					"pivot": [0, 6.79533, 2.20857]
				},
				{
					"name": "bone",
					"parent": "bone3",
					"pivot": [0, 6.79533, 2.20857],
					"cubes": [
						{"origin": [-1, 5.90779, 1.84446], "size": [2, 5, 2], "inflate": -0.01, "pivot": [0, 10.40779, 2.84446], "rotation": [-8.75, 0, 0], "uv": [74, 78]},
						{"origin": [-1.5, 9.90779, 1.59446], "size": [3, 5, 3], "inflate": -0.01, "pivot": [0, 10.40779, 2.84446], "rotation": [-48, 0, 0], "uv": [59, 15]},
						{"origin": [-2, 11.98476, 6.03252], "size": [4, 4, 4], "inflate": -0.01, "pivot": [0, 13.68476, 6.85752], "rotation": [-93.75, 0, 0], "uv": [25, 8]},
						{"origin": [-1.5, 9.08279, 8.75554], "size": [3, 5, 3], "inflate": -0.01, "pivot": [0, 9.58279, 10.50554], "rotation": [33, 0, 0], "uv": [13, 60]},
						{"origin": [-1, 5.08279, 9.45554], "size": [2, 5, 2], "inflate": -0.01, "pivot": [0, 9.58279, 10.50554], "rotation": [-21.75, 0, 0], "uv": [33, 79]}
					]
				},
				{
					"name": "bone4",
					"parent": "bone3",
					"pivot": [-1.16683, 6.54364, 1.53715],
					"rotation": [-29.39311, -27.11193, -16.688],
					"cubes": [
						{"origin": [-2.16683, 5.8061, 1.19804], "size": [2, 5, 2], "inflate": -0.01, "pivot": [-1.16683, 10.3061, 2.19804], "rotation": [-8.75, 0, 0], "uv": [0, 80]},
						{"origin": [-2.66683, 9.8061, 0.94804], "size": [3, 5, 3], "inflate": -0.01, "pivot": [-1.16683, 10.3061, 2.19804], "rotation": [-48, 0, 0], "uv": [60, 60]},
						{"origin": [-3.16683, 11.88306, 5.3861], "size": [4, 4, 4], "inflate": -0.01, "pivot": [-1.16683, 13.58306, 6.2111], "rotation": [-93.75, 0, 0], "uv": [0, 34]},
						{"origin": [-2.66683, 8.9811, 8.10912], "size": [3, 5, 3], "inflate": -0.01, "pivot": [-1.16683, 9.4811, 9.85912], "rotation": [33, 0, 0], "uv": [39, 61]},
						{"origin": [-2.16683, 4.9811, 8.80912], "size": [2, 5, 2], "inflate": -0.01, "pivot": [-1.16683, 9.4811, 9.85912], "rotation": [-21.75, 0, 0], "uv": [81, 33]}
					]
				},
				{
					"name": "bone8",
					"parent": "bone3",
					"pivot": [1.16683, 6.54364, 1.53715],
					"rotation": [-29.39311, 27.11193, 16.688],
					"cubes": [
						{"origin": [0.16683, 5.8061, 1.19804], "size": [2, 5, 2], "inflate": -0.01, "pivot": [1.16683, 10.3061, 2.19804], "rotation": [-8.75, 0, 0], "uv": [85, 12]},
						{"origin": [-0.33317, 9.8061, 0.94804], "size": [3, 5, 3], "inflate": -0.01, "pivot": [1.16683, 10.3061, 2.19804], "rotation": [-48, 0, 0], "uv": [70, 24]},
						{"origin": [-0.83317, 11.88306, 5.3861], "size": [4, 4, 4], "inflate": -0.01, "pivot": [1.16683, 13.58306, 6.2111], "rotation": [-93.75, 0, 0], "uv": [42, 17]},
						{"origin": [-0.33317, 8.9811, 8.10912], "size": [3, 5, 3], "inflate": -0.01, "pivot": [1.16683, 9.4811, 9.85912], "rotation": [33, 0, 0], "uv": [39, 70]},
						{"origin": [0.16683, 4.9811, 8.80912], "size": [2, 5, 2], "inflate": -0.01, "pivot": [1.16683, 9.4811, 9.85912], "rotation": [-21.75, 0, 0], "uv": [18, 86]}
					]
				},
				{
					"name": "bone5",
					"parent": "bone3",
					"pivot": [-1.80444, 4.89119, 0.27275],
					"rotation": [-31.50194, -39.34974, -14.4368],
					"cubes": [
						{"origin": [-2.80444, 4.15364, -0.06636], "size": [2, 5, 2], "inflate": -0.01, "pivot": [-1.80444, 8.65364, 0.93364], "rotation": [-8.75, 0, 0], "uv": [83, 24]},
						{"origin": [-3.30444, 8.15364, -0.31636], "size": [3, 5, 3], "inflate": -0.01, "pivot": [-1.80444, 8.65364, 0.93364], "rotation": [-48, 0, 0], "uv": [0, 62]},
						{"origin": [-3.80444, 10.23061, 4.12169], "size": [4, 4, 4], "inflate": -0.01, "pivot": [-1.80444, 11.93061, 4.94669], "rotation": [-93.75, 0, 0], "uv": [38, 33]},
						{"origin": [-3.30444, 7.32864, 6.84472], "size": [3, 5, 3], "inflate": -0.01, "pivot": [-1.80444, 7.82864, 8.59472], "rotation": [33, 0, 0], "uv": [66, 41]},
						{"origin": [-2.80444, 3.32864, 7.54472], "size": [2, 5, 2], "inflate": -0.01, "pivot": [-1.80444, 7.82864, 8.59472], "rotation": [-21.75, 0, 0], "uv": [83, 76]}
					]
				},
				{
					"name": "bone9",
					"parent": "bone3",
					"pivot": [1.80444, 4.89119, 0.27275],
					"rotation": [-31.50194, 39.34974, 14.4368],
					"cubes": [
						{"origin": [0.80444, 4.15364, -0.06636], "size": [2, 5, 2], "inflate": -0.01, "pivot": [1.80444, 8.65364, 0.93364], "rotation": [-8.75, 0, 0], "uv": [86, 49]},
						{"origin": [0.30444, 8.15364, -0.31636], "size": [3, 5, 3], "inflate": -0.01, "pivot": [1.80444, 8.65364, 0.93364], "rotation": [-48, 0, 0], "uv": [0, 71]},
						{"origin": [-0.19556, 10.23061, 4.12169], "size": [4, 4, 4], "inflate": -0.01, "pivot": [1.80444, 11.93061, 4.94669], "rotation": [-93.75, 0, 0], "uv": [34, 42]},
						{"origin": [0.30444, 7.32864, 6.84472], "size": [3, 5, 3], "inflate": -0.01, "pivot": [1.80444, 7.82864, 8.59472], "rotation": [33, 0, 0], "uv": [72, 15]},
						{"origin": [0.80444, 3.32864, 7.54472], "size": [2, 5, 2], "inflate": -0.01, "pivot": [1.80444, 7.82864, 8.59472], "rotation": [-21.75, 0, 0], "uv": [86, 57]}
					]
				},
				{
					"name": "bone6",
					"parent": "bone3",
					"pivot": [-1.80444, 4.89119, 0.27275],
					"rotation": [-129.75962, 5.4865, 70.41719],
					"cubes": [
						{"origin": [-2.80444, 4.15364, -0.06636], "size": [2, 5, 2], "inflate": -0.01, "pivot": [-1.80444, 8.65364, 0.93364], "rotation": [-8.75, 0, 0], "uv": [51, 84]},
						{"origin": [-3.30444, 8.15364, -0.31636], "size": [3, 5, 3], "inflate": -0.01, "pivot": [-1.80444, 8.65364, 0.93364], "rotation": [-48, 0, 0], "uv": [13, 69]},
						{"origin": [-3.17944, 4.99397, 2.43242], "size": [4, 4, 4], "inflate": -0.01, "pivot": [-1.29423, 8.7484, 6.46212], "rotation": [-93.75, -8.25, -14.5], "uv": [42, 8]},
						{"origin": [-1.9604, 6.91666, 6.4411], "size": [3, 5, 3], "inflate": -0.01, "pivot": [-0.4604, 7.85994, 7.23503], "rotation": [33, -8.25, -23.25], "uv": [26, 69]},
						{"origin": [-1.4604, 2.45987, 7.09881], "size": [2, 5, 2], "inflate": -0.01, "pivot": [-0.4604, 7.85994, 7.23503], "rotation": [20, -8.25, -23.25], "uv": [60, 84]}
					]
				},
				{
					"name": "bone10",
					"parent": "bone3",
					"pivot": [1.80444, 4.89119, 0.27275],
					"rotation": [-129.75962, -5.4865, -70.41719],
					"cubes": [
						{"origin": [0.80444, 4.15364, -0.06636], "size": [2, 5, 2], "inflate": -0.01, "pivot": [1.80444, 8.65364, 0.93364], "rotation": [-8.75, 0, 0], "uv": [69, 86]},
						{"origin": [0.30444, 8.15364, -0.31636], "size": [3, 5, 3], "inflate": -0.01, "pivot": [1.80444, 8.65364, 0.93364], "rotation": [-48, 0, 0], "uv": [73, 50]},
						{"origin": [-0.82056, 4.99397, 2.43242], "size": [4, 4, 4], "inflate": -0.01, "pivot": [1.29423, 8.7484, 6.46212], "rotation": [-93.75, 8.25, 14.5], "uv": [0, 43]},
						{"origin": [-1.0396, 6.91666, 6.4411], "size": [3, 5, 3], "inflate": -0.01, "pivot": [0.4604, 7.85994, 7.23503], "rotation": [33, 8.25, 23.25], "uv": [73, 59]},
						{"origin": [-0.5396, 2.45987, 7.09881], "size": [2, 5, 2], "inflate": -0.01, "pivot": [0.4604, 7.85994, 7.23503], "rotation": [20, 8.25, 23.25], "uv": [87, 0]}
					]
				},
				{
					"name": "bone2",
					"parent": "bone3",
					"pivot": [-0.14526, 6.39573, 1.84611],
					"rotation": [-9.25, -12, -16.5],
					"cubes": [
						{"origin": [-1.14526, 5.65819, 1.507], "size": [2, 5, 2], "inflate": -0.01, "pivot": [-0.14526, 10.15819, 2.507], "rotation": [-8.75, 0, 0], "uv": [79, 41]},
						{"origin": [-1.64526, 9.65819, 1.257], "size": [3, 5, 3], "inflate": -0.01, "pivot": [-0.14526, 10.15819, 2.507], "rotation": [-48, 0, 0], "uv": [26, 60]},
						{"origin": [-2.14526, 11.73516, 5.69506], "size": [4, 4, 4], "inflate": -0.01, "pivot": [-0.14526, 13.43516, 6.52006], "rotation": [-93.75, 0, 0], "uv": [21, 33]},
						{"origin": [-1.64526, 8.83319, 8.41808], "size": [3, 5, 3], "inflate": -0.01, "pivot": [-0.14526, 9.33319, 10.16808], "rotation": [33, 0, 0], "uv": [60, 51]},
						{"origin": [-1.14526, 4.83319, 9.11808], "size": [2, 5, 2], "inflate": -0.01, "pivot": [-0.14526, 9.33319, 10.16808], "rotation": [-21.75, 0, 0], "uv": [42, 79]}
					]
				},
				{
					"name": "bone7",
					"parent": "bone3",
					"pivot": [0.14526, 6.39573, 1.84611],
					"rotation": [-9.25, 12, 16.5],
					"cubes": [
						{"origin": [-0.85474, 5.65819, 1.507], "size": [2, 5, 2], "inflate": -0.01, "pivot": [0.14526, 10.15819, 2.507], "rotation": [-8.75, 0, 0], "uv": [83, 84]},
						{"origin": [-1.35474, 9.65819, 1.257], "size": [3, 5, 3], "inflate": -0.01, "pivot": [0.14526, 10.15819, 2.507], "rotation": [-48, 0, 0], "uv": [52, 69]},
						{"origin": [-1.85474, 11.73516, 5.69506], "size": [4, 4, 4], "inflate": -0.01, "pivot": [0.14526, 13.43516, 6.52006], "rotation": [-93.75, 0, 0], "uv": [17, 42]},
						{"origin": [-1.35474, 8.83319, 8.41808], "size": [3, 5, 3], "inflate": -0.01, "pivot": [0.14526, 9.33319, 10.16808], "rotation": [33, 0, 0], "uv": [65, 69]},
						{"origin": [-0.85474, 4.83319, 9.11808], "size": [2, 5, 2], "inflate": -0.01, "pivot": [0.14526, 9.33319, 10.16808], "rotation": [-21.75, 0, 0], "uv": [9, 85]}
					]
				}
			]
		}
	]
}