{
	"format_version": "1.12.0",
	"minecraft:geometry": [
		{
			"description": {
				"identifier": "geometry.unknown",
				"texture_width": 32,
				"texture_height": 32,
				"visible_bounds_width": 2,
				"visible_bounds_height": 2.5,
				"visible_bounds_offset": [0, 0.75, 0]
			},
			"bones": [
				{
					"name": "bone11",
					"pivot": [0, 0, 0],
					"cubes": [
						{"origin": [-2, 6, -2], "size": [4, 3, 4], "uv": [0, 12]},
						{"origin": [-0.5, 6.5, -2.025], "size": [1, 1, 0], "uv": [2, 15]},
						{"origin": [-0.5, 7, -2.026], "size": [1, 1, 0], "uv": [5, 17]},
						{"origin": [-2, 9, 0], "size": [4, 3, 0], "uv": [12, 12]},
						{"origin": [-0.5, 9, -0.025], "size": [1, 3, 0], "uv": [12, 12]},
						{"origin": [-0.5, 9, 0.025], "size": [1, 3, 0], "uv": [12, 12]},
						{"origin": [-1.5, 12, 0], "size": [3, 3, 0], "uv": [0, 3]},
						{"origin": [-1.5, 15, 0], "size": [3, 3, 0], "uv": [0, 0]},
						{"origin": [-2, 9, 0], "size": [4, 3, 0], "uv": [12, 12]},
						{"origin": [-0.5, 9, -0.025], "size": [1, 3, 0], "uv": [12, 12]},
						{"origin": [-0.5, 9, 0.025], "size": [1, 3, 0], "uv": [12, 12]},
						{"origin": [-1.5, 12, 0], "size": [3, 3, 0], "uv": [0, 3]},
						{"origin": [-1.5, 15, 0], "size": [3, 3, 0], "uv": [0, 0]},
						{"origin": [-2, 9, 0], "size": [4, 3, 0], "uv": [12, 12]},
						{"origin": [-0.5, 9, -0.025], "size": [1, 3, 0], "uv": [12, 12]},
						{"origin": [-0.5, 9, 0.025], "size": [1, 3, 0], "uv": [12, 12]},
						{"origin": [-1.5, 12, 0], "size": [3, 3, 0], "uv": [0, 3]},
						{"origin": [-1.5, 15, 0], "size": [3, 3, 0], "uv": [0, 0]},
						{"origin": [-2, 9, 0], "size": [4, 3, 0], "uv": [12, 12]},
						{"origin": [-0.5, 9, -0.025], "size": [1, 3, 0], "uv": [12, 12]},
						{"origin": [-0.5, 9, 0.025], "size": [1, 3, 0], "uv": [12, 12]},
						{"origin": [-1.5, 12, 0], "size": [3, 3, 0], "uv": [0, 3]},
						{"origin": [-1.5, 15, 0], "size": [3, 3, 0], "uv": [0, 0]},
						{"origin": [-2, 9, 0], "size": [4, 3, 0], "uv": [12, 12]},
						{"origin": [-0.5, 9, -0.025], "size": [1, 3, 0], "uv": [12, 12]},
						{"origin": [-0.5, 9, 0.025], "size": [1, 3, 0], "uv": [12, 12]},
						{"origin": [-1.5, 12, 0], "size": [3, 3, 0], "uv": [0, 3]},
						{"origin": [-1.5, 15, 0], "size": [3, 3, 0], "uv": [0, 0]},
						{"origin": [-3, 0, -3], "size": [6, 6, 6], "uv": [0, 0]}
					]
				},
				{
					"name": "Leaf3",
					"parent": "bone11",
					"pivot": [0, 9, 0],
					"rotation": [-6, 0, 45]
				},
				{
					"name": "bone5",
					"parent": "Leaf3",
					"pivot": [0, 12, 0],
					"rotation": [-5, 0, 0]
				},
				{
					"name": "bone6",
					"parent": "bone5",
					"pivot": [0, 15, 0],
					"rotation": [-5, 0, 0]
				},
				{
					"name": "Leaf2",
					"parent": "bone11",
					"pivot": [0, 9, 0],
					"rotation": [-6, 0, -45]
				},
				{
					"name": "bone3",
					"parent": "Leaf2",
					"pivot": [0, 12, 0],
					"rotation": [-5, 0, 0]
				},
				{
					"name": "bone4",
					"parent": "bone3",
					"pivot": [0, 15, 0],
					"rotation": [-5, 0, 0]
				},
				{
					"name": "Leaf4",
					"parent": "bone11",
					"pivot": [0, 9, 0],
					"rotation": [-10, 0, -18]
				},
				{
					"name": "bone7",
					"parent": "Leaf4",
					"pivot": [0, 12, 0],
					"rotation": [-5, 0, 0]
				},
				{
					"name": "bone8",
					"parent": "bone7",
					"pivot": [0, 15, 0],
					"rotation": [-5, 0, 0]
				},
				{
					"name": "Leaf5",
					"parent": "bone11",
					"pivot": [0, 9, 0],
					"rotation": [-10, 0, 18]
				},
				{
					"name": "bone9",
					"parent": "Leaf5",
					"pivot": [0, 12, 0],
					"rotation": [-5, 0, 0]
				},
				{
					"name": "bone10",
					"parent": "bone9",
					"pivot": [0, 15, 0],
					"rotation": [-5, 0, 0]
				},
				{
					"name": "Leaf",
					"parent": "bone11",
					"pivot": [0, 9, 0]
				},
				{
					"name": "bone",
					"parent": "Leaf",
					"pivot": [0, 12, 0],
					"rotation": [-5, 0, 0]
				},
				{
					"name": "bone2",
					"parent": "bone",
					"pivot": [0, 15, 0],
					"rotation": [-5, 0, 0]
				}
			]
		}
	]
}