{
	"format_version": "1.12.0",
	"minecraft:geometry": [
		{
			"description": {
				"identifier": "geometry.unknown",
				"texture_width": 32,
				"texture_height": 32,
				"visible_bounds_width": 3,
				"visible_bounds_height": 2.5,
				"visible_bounds_offset": [0, 0.75, 0]
			},
			"bones": [
				{
					"name": "bone",
					"pivot": [-2, 2, -1],
					"cubes": [
						{"origin": [-2, 0, -1], "size": [4, 4, 5], "uv": [0, 16]},
						{"origin": [-3, 1.45, -0.2], "size": [6, 8, 8], "inflate": 0.01, "pivot": [0, 5.5, 3.5], "rotation": [-45, 0, 0], "uv": [0, 0]},
						{"origin": [-1, 0, -3], "size": [2, 2, 2], "inflate": 0.01, "uv": [22, 17]},
						{"origin": [2, 0, 0], "size": [2, 2, 2], "inflate": 0.01, "uv": [22, 23]},
						{"origin": [-4, 0, 0], "size": [2, 2, 2], "inflate": 0.01, "uv": [4, 8], "mirror": true},
						{"origin": [-3, 2.5, -2], "size": [2, 2, 2], "uv": [24, 24]},
						{"origin": [1, 2.5, -2], "size": [2, 2, 2], "uv": [24, 24]},
						{"origin": [1, 0, -3], "size": [2, 2, 3], "pivot": [2, 2, -1], "rotation": [0, -45, 0], "uv": [20, 20]},
						{"origin": [1, -1, -4], "size": [2, 2, 3], "inflate": 0.01, "pivot": [2, 2, -1], "rotation": [-45, -45, 0], "uv": [6, 9]},
						{"origin": [-3, 0, -3], "size": [2, 2, 3], "pivot": [-2, 2, -1], "rotation": [0, 45, 0], "uv": [12, 21], "mirror": true},
						{"origin": [-3, -1, -4], "size": [2, 2, 3], "inflate": 0.01, "pivot": [-2, 2, -1], "rotation": [-45, 45, 0], "uv": [21, 21]}
					]
				}
			]
		}
	]
}