{
	"format_version": "1.12.0",
	"minecraft:geometry": [
		{
			"description": {
				"identifier": "geometry.unknown",
				"texture_width": 64,
				"texture_height": 64,
				"visible_bounds_width": 2,
				"visible_bounds_height": 2.5,
				"visible_bounds_offset": [0, 0.75, 0]
			},
			"bones": [
				{
					"name": "bone4",
					"pivot": [0, 0, 0],
					"cubes": [
						{"origin": [-4, 1.25, -5], "size": [8, 2, 8], "pivot": [0, 0, 0], "rotation": [-22.5, 0, 0], "uv": [0, 0]},
						{"origin": [-3, 5.25, -4], "size": [6, 3, 6], "pivot": [0, 0, 0], "rotation": [-22.5, 0, 0], "uv": [0, 19]},
						{"origin": [-3.5, 3.25, -4.5], "size": [7, 2, 7], "pivot": [0, 0, 0], "rotation": [-22.5, 0, 0], "uv": [0, 10]},
						{"origin": [-2, 0, -7], "size": [4, 3, 4], "inflate": 0.001, "pivot": [0, 0, 0], "rotation": [-17.5, 0, 0], "uv": [34, 27]}
					]
				},
				{
					"name": "bone",
					"parent": "bone4",
					"pivot": [2, 1, -3],
					"rotation": [0, -22.5, 0],
					"cubes": [
						{"origin": [2, 0, -8], "size": [4, 1, 6], "uv": [14, 31]},
						{"origin": [2, 0.25, -8], "size": [4, 3, 6], "inflate": 0.01, "pivot": [4, 1, -3], "rotation": [-22.5, 0, 0], "uv": [18, 22]}
					]
				},
				{
					"name": "bone3",
					"parent": "bone4",
					"pivot": [-3.5, 0.5, 4],
					"cubes": [
						{"origin": [-2, 0, -3], "size": [4, 2, 6], "uv": [24, 0]},
						{"origin": [4, 0, 1], "size": [1, 1, 5], "pivot": [3.5, 0.5, 4], "rotation": [0, 45, 0], "uv": [0, 35]},
						{"origin": [-5, 0, 1], "size": [1, 1, 5], "pivot": [-3.5, 0.5, 4], "rotation": [0, -45, 0], "uv": [29, 34]}
					]
				},
				{
					"name": "bone2",
					"parent": "bone4",
					"pivot": [-2, 1, -3],
					"rotation": [0, 22.5, 0],
					"cubes": [
						{"origin": [-6, 0, -8], "size": [4, 1, 6], "uv": [0, 28]},
						{"origin": [-6, 0.25, -8], "size": [4, 3, 6], "inflate": 0.01, "pivot": [-4, 1, -3], "rotation": [-22.5, 0, 0], "uv": [22, 13]}
					]
				}
			]
		}
	]
}