{
	"format_version": "1.12.0",
	"minecraft:geometry": [
		{
			"description": {
				"identifier": "geometry.unknown",
				"texture_width": 64,
				"texture_height": 64,
				"visible_bounds_width": 2,
				"visible_bounds_height": 1.5,
				"visible_bounds_offset": [0, 0.25, 0]
			},
			"bones": [
				{
					"name": "bb_main",
					"pivot": [0, 0, 0],
					"cubes": [
						{"origin": [-3, 1, -3], "size": [6, 6, 6], "uv": [0, 0]},
						{"origin": [-1, 2, 3], "size": [2, 1, 1], "uv": [0, 0]},
						{"origin": [-3, 0, -3], "size": [2, 1, 2], "uv": [12, 21]},
						{"origin": [1, 0, 1], "size": [2, 1, 2], "uv": [18, 12]},
						{"origin": [1, 0, -3], "size": [2, 1, 2], "uv": [6, 19]},
						{"origin": [-3, 0, 1], "size": [2, 1, 2], "uv": [0, 21]},
						{"origin": [3, 7, -3], "size": [6, 0, 6], "pivot": [3, 7, 0], "rotation": [0, 0, 67.5], "uv": [12, 0]},
						{"origin": [-9, 7, -3], "size": [6, 0, 6], "pivot": [-3, 7, 0], "rotation": [0, 0, -67.5], "uv": [0, 12]},
						{"origin": [-1.5, 3.5, -3.5], "size": [3, 3, 3], "pivot": [0, 6, -3], "rotation": [-45, 0, 0], "uv": [15, 15]},
						{"origin": [-1, 1, -4], "size": [2, 3, 2], "pivot": [0, 6, -3], "rotation": [-22.5, 0, 0], "uv": [0, 16]}
					]
				}
			]
		}
	]
}