{
	"format_version": "1.12.0",
	"minecraft:geometry": [
		{
			"description": {
				"identifier": "geometry.unknown",
				"texture_width": 32,
				"texture_height": 32,
				"visible_bounds_width": 3,
				"visible_bounds_height": 2.5,
				"visible_bounds_offset": [0, 0.75, 0]
			},
			"bones": [
				{
					"name": "bone9",
					"pivot": [0, 0, 0],
					"cubes": [
						{"origin": [-2, 0, -2], "size": [4, 2, 4], "uv": [0, 11]},
						{"origin": [-1.5, 2, -1.5], "size": [3, 1, 3], "uv": [0, 17]},
						{"origin": [-2.5, 0, -3], "size": [1, 1, 1], "uv": [0, 2]},
						{"origin": [1.5, 0, -3], "size": [1, 1, 1], "uv": [0, 0]},
						{"origin": [-0.5, 0.5, -2.05], "size": [1, 1, 0], "uv": [1, 5]},
						{"origin": [0.5, 6.5, -3.05], "size": [1, 1, 0], "uv": [3, 0]},
						{"origin": [-1.5, 6.5, -3.05], "size": [1, 1, 0], "uv": [3, 0]},
						{"origin": [-2.5, 4.25, -3.05], "size": [1, 2, 0], "uv": [0, 4]},
						{"origin": [1.5, 4.25, -3.05], "size": [1, 2, 0], "uv": [0, 4]},
						{"origin": [-3, 3, -3], "size": [6, 5, 6], "uv": [0, 0]},
						{"origin": [-2, 8, -2], "size": [4, 2, 4], "uv": [0, 26]}
					]
				},
				{
					"name": "bone5",
					"parent": "bone9",
					"pivot": [1.5, 2.5, 0],
					"rotation": [0, 0, 37.5],
					"cubes": [
						{"origin": [1.5, 2.5, -2], "size": [3, 0, 4], "uv": [12, 15]}
					]
				},
				{
					"name": "bone6",
					"parent": "bone5",
					"pivot": [4.5, 2.5, 0],
					"rotation": [0, 0, -25],
					"cubes": [
						{"origin": [4.5, 2.5, -2], "size": [3, 0, 4], "uv": [14, 11]}
					]
				},
				{
					"name": "bone8",
					"parent": "bone9",
					"pivot": [-1.5, 2.5, 0],
					"rotation": [0, 0, -37.5],
					"cubes": [
						{"origin": [-4.5, 2.5, -2], "size": [3, 0, 4], "uv": [14, 0]}
					]
				},
				{
					"name": "bone7",
					"parent": "bone8",
					"pivot": [-4.5, 2.5, 0],
					"rotation": [0, 0, 25],
					"cubes": [
						{"origin": [-7.5, 2.5, -2], "size": [3, 0, 4], "uv": [8, 11]}
					]
				},
				{
					"name": "bone10",
					"parent": "bone9",
					"pivot": [0, 10, 0],
					"rotation": [-49.62111, -1.91134, 0.07713],
					"cubes": [
						{"origin": [-2.5, 10, 0], "size": [5, 3, 0], "uv": [22, 15]}
					]
				},
				{
					"name": "bone11",
					"parent": "bone10",
					"pivot": [0, 13, 0],
					"rotation": [-22.5, 0, 0],
					"cubes": [
						{"origin": [-2.5, 13, 0], "size": [5, 3, 0], "uv": [10, 22]}
					]
				},
				{
					"name": "bone12",
					"parent": "bone11",
					"pivot": [0, 16, 0],
					"rotation": [-22.5, 0, 0],
					"cubes": [
						{"origin": [-2.5, 16, 0], "size": [5, 3, 0], "uv": [0, 21]}
					]
				},
				{
					"name": "bone13",
					"parent": "bone12",
					"pivot": [0, 19, 0],
					"rotation": [-22.5, 0, 0],
					"cubes": [
						{"origin": [-2.5, 19, 0], "size": [5, 3, 0], "uv": [12, 19]}
					]
				}
			]
		}
	]
}