{
	"format_version": "1.12.0",
	"minecraft:geometry": [
		{
			"description": {
				"identifier": "geometry.unknown",
				"texture_width": 64,
				"texture_height": 64,
				"visible_bounds_width": 3,
				"visible_bounds_height": 2.5,
				"visible_bounds_offset": [0, 0.75, 0]
			},
			"bones": [
				{
					"name": "pidgeot_plushie",
					"pivot": [0, 0.375, -2.575],
					"cubes": [
						{"origin": [-3, 10.72223, -2.59356], "size": [6, 2, 4], "pivot": [0, 11.43077, 1.19611], "rotation": [-37.25, 0, 0], "uv": [25, 38]},
						{"origin": [0.5, 10.72223, 0.98578], "size": [2, 2, 3], "pivot": [0, 11.43077, 1.19611], "rotation": [-55.75, 0, 0], "uv": [9, 51]},
						{"origin": [-0.5, 10.72223, 0.98578], "size": [1, 2, 4], "pivot": [0, 11.43077, 1.19611], "rotation": [-55.75, 0, 0], "uv": [7, 40]},
						{"origin": [-2.5, 10.72223, 0.98578], "size": [2, 2, 3], "pivot": [0, 11.43077, 1.19611], "rotation": [-55.75, 0, 0], "uv": [-2, 51]},
						{"origin": [-3, 0.575, -3.775], "size": [6, 7, 6], "pivot": [0, 3.375, -1.575], "rotation": [15.5, 0, 0], "uv": [0, 0]},
						{"origin": [-1.78425, 0.6841, 2.28705], "size": [2, 1, 6], "pivot": [0, 1.0341, 4.7423], "rotation": [-11.66395, -9.55241, 1.96205], "uv": [40, 0]},
						{"origin": [-3.41725, 0.3841, 2.62501], "size": [2, 1, 5], "pivot": [0, 1.0341, 4.7423], "rotation": [-12.10863, -18.11557, 3.81641], "uv": [50, 21]},
						{"origin": [1.41725, 0.3841, 2.62501], "size": [2, 1, 5], "pivot": [0, 1.0341, 4.7423], "rotation": [-12.10863, 18.11557, -3.81641], "uv": [42, 31], "mirror": true},
						{"origin": [-0.21575, 0.6841, 2.28705], "size": [2, 1, 6], "pivot": [0, 1.0341, 4.7423], "rotation": [-11.66395, 9.55241, -1.96205], "uv": [48, 10], "mirror": true},
						{"origin": [1.425, 0.325, -3.775], "size": [2, 2, 2], "pivot": [2.94164, 2.63345, -4.2125], "rotation": [0, -16.25, 0], "uv": [33, 0]},
						{"origin": [1.70499, -0.13623, -6.15], "size": [2, 2, 1], "pivot": [2.94164, 2.63345, -4.2125], "rotation": [-2.32294, -16.08754, 8.32832], "uv": [36, 13]},
						{"origin": [1.58747, 1.9001, -6.15], "size": [1, 2, 1], "pivot": [2.94164, 2.63345, -4.2125], "rotation": [0.87395, -16.22711, -3.1246], "uv": [0, 24]},
						{"origin": [1.58747, 3.9001, -5.65], "size": [1, 1, 0], "pivot": [2.94164, 2.63345, -4.2125], "rotation": [0.87395, -16.22711, -3.1246], "uv": [13, 28]},
						{"origin": [2.87051, 1.79196, -6.15], "size": [1, 2, 1], "pivot": [2.94164, 2.63345, -4.2125], "rotation": [-5.42082, -15.34221, 19.73068], "uv": [0, 13]},
						{"origin": [2.87051, 3.79196, -5.65], "size": [1, 1, 0], "pivot": [2.94164, 2.63345, -4.2125], "rotation": [-5.42082, -15.34221, 19.73068], "uv": [0, 27]},
						{"origin": [1.925, 0.56957, -5.85325], "size": [1, 1, 2], "pivot": [2.94164, 2.63345, -4.2125], "rotation": [14.75, -16.25, 0], "uv": [36, 24]},
						{"origin": [-3.425, 0.325, -3.775], "size": [2, 2, 2], "pivot": [-2.94164, 2.63345, -4.2125], "rotation": [0, 16.25, 0], "uv": [33, 0], "mirror": true},
						{"origin": [-2.58747, 1.9001, -6.15], "size": [1, 2, 1], "pivot": [-2.94164, 2.63345, -4.2125], "rotation": [0.87395, 16.22711, 3.1246], "uv": [0, 24], "mirror": true},
						{"origin": [-3.87051, 1.79196, -6.15], "size": [1, 2, 1], "pivot": [-2.94164, 2.63345, -4.2125], "rotation": [-5.42082, 15.34221, -19.73068], "uv": [0, 13], "mirror": true},
						{"origin": [-3.70499, -0.13623, -6.15], "size": [2, 2, 1], "pivot": [-2.94164, 2.63345, -4.2125], "rotation": [-2.32294, 16.08754, -8.32832], "uv": [36, 13], "mirror": true},
						{"origin": [-3.87051, 3.79196, -5.65], "size": [1, 1, 0], "pivot": [-2.94164, 2.63345, -4.2125], "rotation": [-5.42082, 15.34221, -19.73068], "uv": [0, 27], "mirror": true},
						{"origin": [-2.58747, 3.9001, -5.65], "size": [1, 1, 0], "pivot": [-2.94164, 2.63345, -4.2125], "rotation": [0.87395, 16.22711, 3.1246], "uv": [13, 28], "mirror": true},
						{"origin": [-2.925, 0.56957, -5.85325], "size": [1, 1, 2], "pivot": [-2.94164, 2.63345, -4.2125], "rotation": [14.75, 16.25, 0], "uv": [36, 24], "mirror": true},
						{"origin": [2.45, 2.8132, -1.34472], "size": [1, 7, 5], "pivot": [0, 2.7632, 2.33028], "rotation": [28, 0, 0], "uv": [25, 0]},
						{"origin": [2.45, 0.8132, -0.34472], "size": [1, 2, 3], "pivot": [0, 2.7632, 2.33028], "rotation": [28, 0, 0], "uv": [19, 34]},
						{"origin": [2.45, -0.1868, 1.65528], "size": [1, 1, 1], "pivot": [0, 2.7632, 2.33028], "rotation": [28, 0, 0], "uv": [16, 34]},
						{"origin": [-3.45, 2.8132, -1.34472], "size": [1, 7, 5], "pivot": [0, 2.7632, 2.33028], "rotation": [28, 0, 0], "uv": [0, 24]},
						{"origin": [-3.45, 0.8132, -0.34472], "size": [1, 2, 3], "pivot": [0, 2.7632, 2.33028], "rotation": [28, 0, 0], "uv": [10, 34]},
						{"origin": [-3.45, -0.1868, 1.65528], "size": [1, 1, 1], "pivot": [0, 2.7632, 2.33028], "rotation": [28, 0, 0], "uv": [25, 28]},
						{"origin": [-2.5, 8.225, -4.75], "size": [5, 5, 5], "inflate": 0.01, "uv": [0, 13]},
						{"origin": [-1, 9.225, -7.25], "size": [2, 2, 3], "inflate": 0.01, "uv": [18, -1]},
						{"origin": [-1, 9.025, -6.6], "size": [2, 1, 2], "pivot": [0, 8.725, -5.875], "rotation": [-16.75, 0, 0], "uv": [16, 13]},
						{"origin": [-2.5, 12.225, -4.75], "size": [5, 2, 4], "pivot": [0, 13.725, -2.25], "rotation": [22.5, 0, 0], "uv": [21, 13]},
						{"origin": [-2.5, 6.55, -3.575], "size": [5, 3, 4], "pivot": [0, 9.375, -2.95], "rotation": [-21.75, 0, 0], "uv": [17, 20]}
					]
				}
			]
		}
	]
}