{
	"format_version": "1.12.0",
	"minecraft:geometry": [
		{
			"description": {
				"identifier": "geometry.unknown",
				"texture_width": 64,
				"texture_height": 64,
				"visible_bounds_width": 2,
				"visible_bounds_height": 2.5,
				"visible_bounds_offset": [0, 0.75, 0]
			},
			"bones": [
				{
					"name": "pidgeotto_plushie",
					"pivot": [0, 0, 0],
					"cubes": [
						{"origin": [-3, 3.74851, -6.37039], "size": [6, 6, 6], "pivot": [0, 9.72256, -1.49881], "rotation": [35.5, 0, 0], "uv": [0, 0]},
						{"origin": [-1, -0.21843, 5.59905], "size": [2, 6, 1], "pivot": [0, 2.78157, 4.22405], "rotation": [66.5, 0, 0], "uv": [0, 44]},
						{"origin": [-1.8, 2.10043, 3.61318], "size": [1, 5, 1], "pivot": [-1.5, 4.60043, 4.51318], "rotation": [56.13469, -5.50076, 2.39987], "uv": [16, 44]},
						{"origin": [-2.6, 2.87543, 3.41318], "size": [1, 4, 1], "pivot": [-1.5, 4.60043, 4.51318], "rotation": [63.49224, -13.35577, 6.31104], "uv": [24, 44]},
						{"origin": [0.8, 2.10043, 3.61318], "size": [1, 5, 1], "pivot": [1.5, 4.60043, 4.51318], "rotation": [56.13469, 5.50076, -2.39987], "uv": [16, 44], "mirror": true},
						{"origin": [1.6, 2.87543, 3.41318], "size": [1, 4, 1], "pivot": [1.5, 4.60043, 4.51318], "rotation": [63.49224, 13.35577, -6.31104], "uv": [24, 44], "mirror": true},
						{"origin": [0.75, -0.425, -2.05], "size": [2, 2, 2], "pivot": [0, 1.38414, -2.4875], "rotation": [96.75, 0, 0], "uv": [33, 0]},
						{"origin": [0.93844, -0.12563, -4.675], "size": [2, 2, 1], "pivot": [0, 1.83414, -2.7375], "rotation": [93.02943, -7.98896, -0.42142], "uv": [36, 13]},
						{"origin": [0.93549, 1.48079, -4.675], "size": [1, 1, 1], "pivot": [0, 1.83414, -2.7375], "rotation": [93.00411, 2.99588, 0.15715], "uv": [0, 24]},
						{"origin": [0.93549, 2.48079, -4.175], "size": [1, 1, 0], "pivot": [0, 1.83414, -2.7375], "rotation": [93.00411, 2.99588, 0.15715], "uv": [13, 28]},
						{"origin": [1.90946, 2.2027, -4.675], "size": [1, 1, 1], "pivot": [0, 1.83414, -2.7375], "rotation": [93.17252, -18.97296, -1.0324], "uv": [0, 13]},
						{"origin": [1.90946, 3.2027, -4.175], "size": [1, 1, 0], "pivot": [0, 1.83414, -2.7375], "rotation": [93.17252, -18.97296, -1.0324], "uv": [0, 27]},
						{"origin": [1.25, -0.19688, -4.00112], "size": [1, 1, 2], "pivot": [0, 1.38414, -2.4875], "rotation": [111.5, 0, 0], "uv": [36, 24]},
						{"origin": [-2.93844, -0.12563, -4.675], "size": [2, 2, 1], "pivot": [0, 1.83414, -2.7375], "rotation": [93.02943, 7.98896, 0.42142], "uv": [28, 34]},
						{"origin": [-1.93549, 1.48079, -4.675], "size": [1, 1, 1], "pivot": [0, 1.83414, -2.7375], "rotation": [93.00411, -2.99588, -0.15715], "uv": [0, 0]},
						{"origin": [-2.90946, 2.2027, -4.675], "size": [1, 1, 1], "pivot": [0, 1.83414, -2.7375], "rotation": [93.17252, 18.97296, 1.0324], "uv": [0, 3]},
						{"origin": [-1.93549, 2.48079, -4.175], "size": [1, 1, 0], "pivot": [0, 1.83414, -2.7375], "rotation": [93.00411, -2.99588, -0.15715], "uv": [0, 16]},
						{"origin": [-2.90946, 3.2027, -4.175], "size": [1, 1, 0], "pivot": [0, 1.83414, -2.7375], "rotation": [93.17252, 18.97296, 1.0324], "uv": [26, 0]},
						{"origin": [-2.25, -0.19688, -4.00112], "size": [1, 1, 2], "pivot": [0, 1.38414, -2.4875], "rotation": [111.5, 0, 0], "uv": [35, 34]},
						{"origin": [-2.75, -0.425, -2.05], "size": [2, 2, 2], "pivot": [0, 1.38414, -2.4875], "rotation": [96.75, 0, 0], "uv": [32, 19]},
						{"origin": [2.45, 5.27604, -2.60191], "size": [1, 6, 5], "pivot": [0, 6.04695, 1.43594], "rotation": [46.25, 0, 0], "uv": [25, 0]},
						{"origin": [2.45, 3.27604, -1.60191], "size": [1, 2, 3], "pivot": [0, 6.04695, 1.43594], "rotation": [46.25, 0, 0], "uv": [19, 34]},
						{"origin": [2.45, 2.27604, 0.39809], "size": [1, 1, 1], "pivot": [0, 6.04695, 1.43594], "rotation": [46.25, 0, 0], "uv": [16, 34]},
						{"origin": [-3.45, 5.27604, -2.60191], "size": [1, 6, 5], "pivot": [0, 6.04695, 1.43594], "rotation": [46.25, 0, 0], "uv": [0, 24]},
						{"origin": [-3.45, 3.27604, -1.60191], "size": [1, 2, 3], "pivot": [0, 6.04695, 1.43594], "rotation": [46.25, 0, 0], "uv": [10, 34]},
						{"origin": [-3.45, 2.27604, 0.39809], "size": [1, 1, 1], "pivot": [0, 6.04695, 1.43594], "rotation": [46.25, 0, 0], "uv": [25, 28]},
						{"origin": [-2.5, 8.61065, -5.77039], "size": [5, 5, 5], "inflate": 0.01, "pivot": [0, 12.44669, -4.03156], "rotation": [-7.25, 0, 0], "uv": [0, 13]},
						{"origin": [-1, 9.86065, -7.77039], "size": [2, 2, 2], "inflate": 0.01, "pivot": [0, 12.44669, -4.03156], "rotation": [-7.25, 0, 0], "uv": [19, 0]},
						{"origin": [-1, 9.23489, -7.29738], "size": [2, 1, 2], "pivot": [0, 10.35989, -6.29738], "rotation": [-15.25, 0, 0], "uv": [16, 13]},
						{"origin": [-2.5, 13.1927, -5.19156], "size": [5, 1, 4], "pivot": [0, 12.44669, -4.03156], "rotation": [15.25, 0, 0], "uv": [21, 13]},
						{"origin": [-0.5, 14.66643, -5.78521], "size": [1, 1, 4], "pivot": [0, 15.10002, -2.62746], "rotation": [33.25, 0, 0], "uv": [40, 13]},
						{"origin": [-1, 14.00362, -1.89234], "size": [2, 1, 2], "pivot": [0, 12.44669, -4.03156], "rotation": [-3.25, 0, 0], "uv": [8, 24]},
						{"origin": [1.5, 14.00362, -1.89234], "size": [1, 1, 1], "pivot": [0, 12.44669, -4.03156], "rotation": [-3.25, 0, 0], "uv": [5, 37]},
						{"origin": [-0.5, 14.9044, -2.00846], "size": [1, 1, 2], "pivot": [0, 15.10002, -2.62746], "rotation": [14.75, 0, 0], "uv": [19, 40]},
						{"origin": [-2.5, 14.00362, -1.89234], "size": [1, 1, 1], "pivot": [0, 12.44669, -4.03156], "rotation": [-3.25, 0, 0], "uv": [0, 37]},
						{"origin": [1, 12.55047, 0.62997], "size": [1, 1, 1], "pivot": [0, 12.76023, 0.26017], "rotation": [-31.25, 0, 0], "uv": [5, 53]},
						{"origin": [-2, 12.39229, -3.13839], "size": [4, 1, 4], "pivot": [0, 12.76023, 0.26017], "rotation": [-12.75, 0, 0], "uv": [25, 38]},
						{"origin": [-0.5, 12.55047, 0.62997], "size": [1, 1, 2], "pivot": [0, 12.76023, 0.26017], "rotation": [-31.25, 0, 0], "uv": [8, 40]},
						{"origin": [-2, 12.55047, 0.62997], "size": [1, 1, 1], "pivot": [0, 12.76023, 0.26017], "rotation": [-31.25, 0, 0], "uv": [0, 53]},
						{"origin": [-2.5, 7.02741, -5.11076], "size": [5, 3, 4], "pivot": [0, 9.72256, -1.49881], "rotation": [-1.75, 0, 0], "uv": [17, 20]}
					]
				}
			]
		}
	]
}