{
	"format_version": "1.12.0",
	"minecraft:geometry": [
		{
			"description": {
				"identifier": "geometry.unknown",
				"texture_width": 64,
				"texture_height": 64,
				"visible_bounds_width": 2,
				"visible_bounds_height": 2.5,
				"visible_bounds_offset": [0, 0.75, 0]
			},
			"bones": [
				{
					"name": "pidgey_plushie",
					"pivot": [0, 0, 0],
					"cubes": [
						{"origin": [-3, 0.575, -3.775], "size": [6, 6, 6], "pivot": [0, 3.375, -1.575], "rotation": [15.5, 0, 0], "uv": [0, 0]},
						{"origin": [0.75, 0.325, -3.775], "size": [2, 2, 2], "uv": [33, 0]},
						{"origin": [0.95, -0.1, -6.15], "size": [2, 2, 1], "pivot": [1.96759, 2.07963, -5.65], "rotation": [0, 0, 8], "uv": [36, 13]},
						{"origin": [0.94104, 1.88369, -6.15], "size": [1, 1, 1], "pivot": [1.96759, 2.07963, -5.65], "rotation": [0, 0, -3], "uv": [0, 24]},
						{"origin": [0.94104, 2.88369, -5.65], "size": [1, 1, 0], "pivot": [1.96759, 2.07963, -5.65], "rotation": [0, 0, -3], "uv": [13, 28]},
						{"origin": [1.99891, 1.85914, -6.15], "size": [1, 1, 1], "pivot": [1.96759, 2.07963, -5.65], "rotation": [0, 0, 19], "uv": [0, 13]},
						{"origin": [1.99891, 2.85914, -5.65], "size": [1, 1, 0], "pivot": [1.96759, 2.07963, -5.65], "rotation": [0, 0, 19], "uv": [0, 27]},
						{"origin": [1.25, 0.375, -5.475], "size": [1, 1, 2], "pivot": [1.75, 1.075, -4.775], "rotation": [14.75, 0, 0], "uv": [36, 24]},
						{"origin": [-2.95, -0.1, -6.15], "size": [2, 2, 1], "pivot": [-1.96759, 2.07963, -5.65], "rotation": [0, 0, -8], "uv": [28, 34]},
						{"origin": [-1.94104, 1.88369, -6.15], "size": [1, 1, 1], "pivot": [-1.96759, 2.07963, -5.65], "rotation": [0, 0, 3], "uv": [0, 0]},
						{"origin": [-2.99891, 1.85914, -6.15], "size": [1, 1, 1], "pivot": [-1.96759, 2.07963, -5.65], "rotation": [0, 0, -19], "uv": [0, 3]},
						{"origin": [-1.94104, 2.88369, -5.65], "size": [1, 1, 0], "pivot": [-1.96759, 2.07963, -5.65], "rotation": [0, 0, 3], "uv": [0, 16]},
						{"origin": [-2.99891, 2.85914, -5.65], "size": [1, 1, 0], "pivot": [-1.96759, 2.07963, -5.65], "rotation": [0, 0, -19], "uv": [26, 0]},
						{"origin": [-2.25, 0.375, -5.475], "size": [1, 1, 2], "pivot": [-1.75, 1.075, -4.775], "rotation": [14.75, 0, 0], "uv": [35, 34]},
						{"origin": [-2.75, 0.325, -3.775], "size": [2, 2, 2], "uv": [32, 19]},
						{"origin": [-1.5, -0.425, 1.225], "size": [3, 2, 3], "pivot": [0, 3.375, -1.575], "rotation": [15.5, 0, 0], "uv": [28, 28]},
						{"origin": [-2, 2.03723, 4.46595], "size": [4, 2, 3], "pivot": [0, 2.53723, 5.96595], "rotation": [35.25, 0, 0], "uv": [13, 28]},
						{"origin": [2.45, 0.65832, -1.86711], "size": [1, 7, 5], "pivot": [3.5, 3.43332, -0.24211], "rotation": [44.25, 0, 0], "uv": [25, 0]},
						{"origin": [2.45, -1.34168, -0.86711], "size": [1, 2, 3], "pivot": [3.5, 3.43332, -0.24211], "rotation": [44.25, 0, 0], "uv": [19, 34]},
						{"origin": [2.45, -2.34168, 1.13289], "size": [1, 1, 1], "pivot": [3.5, 3.43332, -0.24211], "rotation": [44.25, 0, 0], "uv": [16, 34]},
						{"origin": [-3.45, 0.65832, -1.86711], "size": [1, 7, 5], "pivot": [-3.5, 3.43332, -0.24211], "rotation": [44.25, 0, 0], "uv": [0, 24]},
						{"origin": [-3.45, -1.34168, -0.86711], "size": [1, 2, 3], "pivot": [-3.5, 3.43332, -0.24211], "rotation": [44.25, 0, 0], "uv": [10, 34]},
						{"origin": [-3.45, -2.34168, 1.13289], "size": [1, 1, 1], "pivot": [-3.5, 3.43332, -0.24211], "rotation": [44.25, 0, 0], "uv": [25, 28]},
						{"origin": [-2.5, 7.225, -4.375], "size": [5, 5, 5], "inflate": 0.01, "uv": [0, 13]},
						{"origin": [-1, 8.475, -6.375], "size": [2, 2, 2], "inflate": 0.01, "uv": [19, 0]},
						{"origin": [-1, 8.2, -6.1], "size": [2, 1, 2], "pivot": [0, 8.975, -5.375], "rotation": [-16.75, 0, 0], "uv": [16, 13]},
						{"origin": [-2.5, 12.225, -4.375], "size": [5, 1, 4], "pivot": [0, 12.725, -1.875], "rotation": [22.5, 0, 0], "uv": [21, 13]},
						{"origin": [-1, 12.8145, -0.64747], "size": [2, 1, 2], "pivot": [0, 13.3145, 0.10253], "rotation": [4, 0, 0], "uv": [8, 24]},
						{"origin": [1.5, 12.8145, -0.64747], "size": [1, 1, 1], "pivot": [0, 13.3145, 0.10253], "rotation": [4, 0, 0], "uv": [5, 37]},
						{"origin": [-2.5, 12.8145, -0.64747], "size": [1, 1, 1], "pivot": [0, 13.3145, 0.10253], "rotation": [4, 0, 0], "uv": [0, 37]},
						{"origin": [-2.5, 5.55, -3.2], "size": [5, 3, 4], "pivot": [0, 8.375, -2.575], "rotation": [-21.75, 0, 0], "uv": [17, 20]}
					]
				}
			]
		}
	]
}