{
	"format_version": "1.12.0",
	"minecraft:geometry": [
		{
			"description": {
				"identifier": "geometry.unknown",
				"texture_width": 64,
				"texture_height": 64,
				"visible_bounds_width": 2,
				"visible_bounds_height": 2.5,
				"visible_bounds_offset": [0, 0.75, 0]
			},
			"bones": [
				{
					"name": "bone3",
					"pivot": [0, 0, 0],
					"cubes": [
						{"origin": [-3, 0, -5], "size": [6, 9, 5], "uv": [23, 26]},
						{"origin": [-3, 1, -4], "size": [0, 6, 4], "pivot": [-3, 7, -2], "rotation": [0, 0, 12.5], "uv": [22, 11]},
						{"origin": [3, 1, -4], "size": [0, 6, 4], "pivot": [3, 7, -2], "rotation": [0, 0, -12.5], "uv": [0, 0]},
						{"origin": [-3, 3, -5.05], "size": [3, 3, 0], "pivot": [-1, 6, -5], "rotation": [-20, 0, 10], "uv": [8, 3]},
						{"origin": [0, 3, -5.05], "size": [3, 3, 0], "pivot": [1, 6, -5], "rotation": [-15, 0, -10], "uv": [8, 0]},
						{"origin": [-1.5, 1, -6], "size": [3, 2, 1], "uv": [0, 12]},
						{"origin": [-4, 0, 0], "size": [8, 10, 6], "uv": [0, 15]},
						{"origin": [-6, 0.025, -7], "size": [12, 0, 15], "uv": [0, 0]}
					]
				},
				{
					"name": "bone",
					"parent": "bone3",
					"pivot": [-2.25, 2, -4.25],
					"rotation": [0, 45, 0],
					"cubes": [
						{"origin": [-3.25, 1, -6.25], "size": [2, 2, 2], "uv": [6, 8]},
						{"origin": [-2.25, -0.45, -6.65], "size": [1, 2, 1], "pivot": [-2.25, 0.8, -5.65], "rotation": [-35.26439, -30, -35.26439], "uv": [0, 15]}
					]
				},
				{
					"name": "bone2",
					"parent": "bone3",
					"pivot": [2.25, 2, -4.25],
					"rotation": [0, -45, 0],
					"cubes": [
						{"origin": [1.25, 1, -6.25], "size": [2, 2, 2], "uv": [0, 0]},
						{"origin": [1.25, -0.45, -6.65], "size": [1, 2, 1], "pivot": [2.25, 0.8, -5.65], "rotation": [-35.26439, 30, 35.26439], "uv": [8, 12]}
					]
				}
			]
		}
	]
}