{
	"format_version": "1.12.0",
	"minecraft:geometry": [
		{
			"description": {
				"identifier": "geometry.unknown",
				"texture_width": 32,
				"texture_height": 32,
				"visible_bounds_width": 2,
				"visible_bounds_height": 2.5,
				"visible_bounds_offset": [0, 0.75, 0]
			},
			"bones": [
				{
					"name": "bone",
					"pivot": [0, 0, 0],
					"rotation": [0, 180, 0]
				},
				{
					"name": "tail",
					"parent": "bone",
					"pivot": [12, 3, -1],
					"rotation": [-67.5, 0, 0],
					"cubes": [
						{"origin": [0.5, 3, -3], "size": [0, 1, 1], "uv": [0, 1]},
						{"origin": [0, 3, -2], "size": [1, 1, 3], "uv": [9, 7]}
					]
				},
				{
					"name": "arm3",
					"parent": "bone",
					"pivot": [4, 6, 1],
					"rotation": [43.20121, 30.35345, 25.35557],
					"cubes": [
						{"origin": [2.5, 7, -0.78667], "size": [0, 1, 1], "uv": [0, 0]},
						{"origin": [2, 7, 0.21333], "size": [1, 1, 3], "uv": [9, 2]}
					]
				},
				{
					"name": "arm2",
					"parent": "bone",
					"pivot": [3, 14, 2],
					"rotation": [81.88981, -9.54385, -49.32185],
					"cubes": [
						{"origin": [-5.5, 14, 0], "size": [0, 1, 1], "uv": [0, 4]},
						{"origin": [-6, 14, 1], "size": [1, 1, 3], "uv": [0, 10]}
					]
				},
				{
					"name": "brain",
					"parent": "bone",
					"pivot": [0, 9, -1],
					"rotation": [-80, -7.5, -10],
					"cubes": [
						{"origin": [0, 12.5, -3.5], "size": [1, 1, 1], "uv": [9, 0]},
						{"origin": [0, 14.5, -2], "size": [1, 1, 1], "uv": [20, 6]},
						{"origin": [0, 15.5, -2], "size": [1, 1, 1], "uv": [5, 10]},
						{"origin": [0.5, 12.5, -4.5], "size": [0, 1, 1], "uv": [0, 5]},
						{"origin": [-1, 12, -3], "size": [3, 2, 3], "uv": [0, 0]}
					]
				},
				{
					"name": "topbody2",
					"parent": "brain",
					"pivot": [0, 8, -1],
					"cubes": [
						{"origin": [-0.5, 13, -2.5], "size": [2, 2, 2], "uv": [20, 2]},
						{"origin": [0, 12.5, -2.5], "size": [2, 2, 2], "uv": [8, 19]},
						{"origin": [0.1, 12, -2.5], "size": [2, 2, 2], "uv": [24, 28]},
						{"origin": [1.2, 12.5, -2], "size": [1, 1, 1], "uv": [12, 30]},
						{"origin": [-1.2, 12.5, -2], "size": [1, 1, 1], "uv": [5, 30]},
						{"origin": [-0.5, 12.5, -2], "size": [2, 2, 2], "uv": [0, 18]},
						{"origin": [-1, 12.5, -2.5], "size": [2, 2, 2], "uv": [14, 17]},
						{"origin": [-0.5, 12.5, -3.0005], "size": [2, 2, 2], "uv": [8, 15]},
						{"origin": [-0.5, 13.5, -2.5], "size": [2, 1, 2], "uv": [15, 10]}
					]
				},
				{
					"name": "bottombody2",
					"parent": "brain",
					"pivot": [0, 9, -1],
					"cubes": [
						{"origin": [0, 11.5, -2.5], "size": [2, 2, 2], "uv": [14, 13]},
						{"origin": [-0.5, 11.5, -2], "size": [2, 2, 2], "uv": [14, 6]},
						{"origin": [-1, 11.5, -2.5], "size": [2, 2, 2], "uv": [14, 0]},
						{"origin": [-1.1, 12, -2.5], "size": [2, 2, 2], "uv": [16, 28]},
						{"origin": [-0.5, 11, -2.5], "size": [2, 2, 2], "uv": [0, 14]},
						{"origin": [-0.5, 11.5, -3], "size": [2, 2, 2], "uv": [8, 11]}
					]
				},
				{
					"name": "body",
					"parent": "bone",
					"pivot": [0, 2, -2],
					"rotation": [-20, 0, 0],
					"cubes": [
						{"origin": [-1, 6, -3], "size": [3, 2, 3], "uv": [0, 5]}
					]
				},
				{
					"name": "topbody",
					"parent": "body",
					"pivot": [0, 1, -2],
					"cubes": [
						{"origin": [-0.5, 8, -2.5], "size": [2, 1, 2], "uv": [20, 19]},
						{"origin": [0.0005, 7.5, -2.5], "size": [2, 1, 2], "uv": [0, 22]},
						{"origin": [-0.5, 7.5, -2.0005], "size": [2, 1, 2], "uv": [20, 22]},
						{"origin": [-0.9995, 7.5, -2.50005], "size": [2, 1, 2], "uv": [6, 23]},
						{"origin": [-0.5, 7.5, -3.0005], "size": [2, 1, 2], "uv": [12, 24]},
						{"origin": [-0.5, 7.5, -2.5], "size": [2, 1, 2], "uv": [0, 25]}
					]
				},
				{
					"name": "bottombody",
					"parent": "body",
					"pivot": [0, 2, -2],
					"cubes": [
						{"origin": [0, 5.5, -2.5], "size": [2, 1, 2], "uv": [18, 25]},
						{"origin": [-0.5, 5.5, -2.0005], "size": [2, 1, 2], "uv": [21, 8]},
						{"origin": [-1, 5.5, -2.5], "size": [2, 1, 2], "uv": [21, 11]},
						{"origin": [-0.5, 5, -2.5], "size": [2, 1, 2], "uv": [20, 15]},
						{"origin": [-0.5, 5.5, -3.0005], "size": [2, 1, 2], "uv": [14, 21]}
					]
				}
			]
		}
	]
}