{
	"format_version": "1.12.0",
	"minecraft:geometry": [
		{
			"description": {
				"identifier": "geometry.unknown",
				"texture_width": 32,
				"texture_height": 32,
				"visible_bounds_width": 2,
				"visible_bounds_height": 2.5,
				"visible_bounds_offset": [0, 0.75, 0]
			},
			"bones": [
				{
					"name": "bone",
					"pivot": [0, 0, 0],
					"cubes": [
						{"origin": [-2, 0, -4], "size": [4, 4, 8], "uv": [0, 0]},
						{"origin": [-1, -3, 4], "size": [2, 2, 4], "pivot": [0, 0, 0], "rotation": [67.5, 0, 0], "uv": [20, 8]},
						{"origin": [-1, 4, -3], "size": [2, 2, 2], "uv": [0, 0]},
						{"origin": [-2, 6, -4], "size": [4, 4, 4], "uv": [16, 0]},
						{"origin": [2.025, 7.5, -2.5], "size": [0, 1, 1], "uv": [0, 0]},
						{"origin": [-2.025, 7.5, -2.5], "size": [0, 1, 1], "uv": [0, 0]},
						{"origin": [-2, 7, -5], "size": [4, 1, 1], "uv": [10, 12]},
						{"origin": [2, 0, -3], "size": [2, 3, 6], "uv": [10, 15]},
						{"origin": [-4, 0, -3], "size": [2, 3, 6], "uv": [0, 12]}
					]
				}
			]
		}
	]
}