{
	"format_version": "1.12.0",
	"minecraft:geometry": [
		{
			"description": {
				"identifier": "geometry.unknown",
				"texture_width": 64,
				"texture_height": 64,
				"visible_bounds_width": 2,
				"visible_bounds_height": 2.5,
				"visible_bounds_offset": [0, 0.75, 0]
			},
			"bones": [
				{
					"name": "bone",
					"pivot": [0, 0, -0.8],
					"rotation": [10, 0, 0],
					"cubes": [
						{"origin": [-3, 0, -3], "size": [6, 6, 6], "uv": [0, 0]},
						{"origin": [-4, 1.7, -3.7], "size": [2, 3, 1], "pivot": [0, 1.7, 0.3], "rotation": [10, 0, -22.5], "uv": [10, 21]},
						{"origin": [2, 1.7, -3.7], "size": [2, 3, 1], "pivot": [0, 1.7, 0.3], "rotation": [10, 0, 22.5], "uv": [0, 0]},
						{"origin": [-2, 0, 3], "size": [4, 2, 2], "uv": [14, 23]},
						{"origin": [-1.5, 0.5, 5], "size": [3, 1, 2], "uv": [24, 5]},
						{"origin": [-2.1, 4.35, -1.5], "size": [4, 2, 3], "pivot": [0, 0, 0], "rotation": [0, 0, 45], "uv": [17, 18]},
						{"origin": [-1.9, 4.35, -1.5], "size": [4, 2, 3], "pivot": [0, 0, 0], "rotation": [0, 0, -45], "uv": [18, 0]},
						{"origin": [-0.5, 9.5, -1.8], "size": [1, 3, 0], "pivot": [0, -0.4, -0.8], "rotation": [-10, 0, 0], "uv": [15, 12]},
						{"origin": [-3.1, 10.1, -3.5], "size": [1, 3, 0], "pivot": [0, 0.6, -4.5], "rotation": [-22.5, 0, 22.5], "uv": [2, 12]},
						{"origin": [2.1, 10.1, -3.5], "size": [1, 3, 0], "pivot": [0, 0.6, -4.5], "rotation": [-22.5, 0, -22.5], "uv": [0, 12]},
						{"origin": [-2.5, 5.6, -3.3], "size": [5, 4, 5], "uv": [0, 12]},
						{"origin": [-2, 6.6, -7.3], "size": [4, 1, 4], "uv": [15, 12]},
						{"origin": [-1.5, 5.6, -6.8], "size": [3, 1, 4], "uv": [0, 21]}
					]
				}
			]
		}
	]
}