{
	"format_version": "1.12.0",
	"minecraft:geometry": [
		{
			"description": {
				"identifier": "geometry.unknown",
				"texture_width": 32,
				"texture_height": 32,
				"visible_bounds_width": 3,
				"visible_bounds_height": 2.5,
				"visible_bounds_offset": [0, 0.75, 0]
			},
			"bones": [
				{
					"name": "bone",
					"pivot": [0, 0, 0],
					"cubes": [
						{"origin": [-3.5, 0, -3.5], "size": [7, 7, 7], "uv": [0, 0]},
						{"origin": [-1.5, 2, -4], "size": [3, 2, 1], "uv": [15, 17]},
						{"origin": [-0.5, 2.5, -4.1], "size": [1, 1, 0], "uv": [0, 6]}
					]
				},
				{
					"name": "bone2",
					"parent": "bone",
					"pivot": [0, 0, 0],
					"cubes": [
						{"origin": [-1.5, -3, 0], "size": [3, 3, 0], "pivot": [0, 0, 0], "rotation": [29, 0, 0], "uv": [0, 0]},
						{"origin": [-1.5, 6.5, 0], "size": [3, 3, 0], "pivot": [0, 0, 0], "rotation": [-13, 0, 0], "uv": [0, 3]}
					]
				},
				{
					"name": "bone5",
					"parent": "bone",
					"pivot": [0, 3, 0]
				},
				{
					"name": "bone4",
					"parent": "bone5",
					"pivot": [0, 3, 0],
					"rotation": [30.5, 0, -45],
					"cubes": [
						{"origin": [-1.5, -3, 0], "size": [3, 3, 0], "uv": [0, 0]},
						{"origin": [-1.5, 7, 0], "size": [3, 3, 0], "uv": [0, 3]},
						{"origin": [-0.25, 5, 2], "size": [3, 3, 0], "pivot": [0, 0, 0], "rotation": [0, 0, -22.5], "uv": [0, 3]}
					]
				},
				{
					"name": "bone3",
					"parent": "bone5",
					"pivot": [0, 3, 0],
					"rotation": [-30.5, 0, 45],
					"cubes": [
						{"origin": [-1.5, -4, 0], "size": [3, 3, 0], "uv": [0, 0]},
						{"origin": [-2, 8, 0], "size": [3, 3, 0], "uv": [0, 3]},
						{"origin": [-3, 5.7, 0], "size": [3, 3, 0], "pivot": [0, 0, 0], "rotation": [13.9042, -5.68422, 21.80633], "uv": [0, 3]}
					]
				},
				{
					"name": "bone6",
					"parent": "bone",
					"pivot": [0, 3, 0],
					"rotation": [0, 90, 0]
				},
				{
					"name": "bone7",
					"parent": "bone6",
					"pivot": [0, 3, 0],
					"rotation": [30.5, 0, -45],
					"cubes": [
						{"origin": [-1.5, -4, 1], "size": [3, 3, 0], "uv": [0, 0]},
						{"origin": [-1.25, 7.5, 0], "size": [3, 3, 0], "uv": [0, 3]}
					]
				},
				{
					"name": "bone8",
					"parent": "bone6",
					"pivot": [0, 3, 0],
					"rotation": [-30.5, 0, 45],
					"cubes": [
						{"origin": [-1.5, -4, 0], "size": [3, 3, 0], "uv": [0, 0]},
						{"origin": [-1.95, 7.6, 1], "size": [3, 3, 0], "uv": [0, 3]}
					]
				},
				{
					"name": "bone9",
					"parent": "bone",
					"pivot": [0, 0, 3.5],
					"rotation": [22.5, 0, 0],
					"cubes": [
						{"origin": [-1.5, 0, 3.5], "size": [3, 0, 3], "uv": [12, 14]}
					]
				},
				{
					"name": "bone10",
					"parent": "bone9",
					"pivot": [0, 0, 6.5],
					"rotation": [22.5, 0, 0],
					"cubes": [
						{"origin": [-2.5, 0, 6.5], "size": [5, 0, 5], "uv": [0, 14]}
					]
				}
			]
		}
	]
}