{
	"format_version": "1.12.0",
	"minecraft:geometry": [
		{
			"description": {
				"identifier": "geometry.unknown",
				"texture_width": 128,
				"texture_height": 128,
				"visible_bounds_width": 3,
				"visible_bounds_height": 3.5,
				"visible_bounds_offset": [0, 1.25, 0]
			},
			"bones": [
				{
					"name": "bone3",
					"pivot": [-0.503, 3.32901, 0.84312],
					"cubes": [
						{"origin": [-2.503, 5.15986, 8.70307], "size": [5, 6, 5], "inflate": 0.001, "pivot": [-0.003, 2.70986, 6.30307], "rotation": [85.5, 0, 0], "uv": [46, 0]},
						{"origin": [-0.003, -3.84014, 8.70307], "size": [0, 9, 10], "inflate": 0.001, "pivot": [-0.003, 2.70986, 6.30307], "rotation": [85.5, 0, 0], "uv": [0, 22]},
						{"origin": [-3.003, 6.47101, 4.79304], "size": [6, 6, 5], "inflate": 0.001, "pivot": [-1.003, 4.02101, 2.39304], "rotation": [102, 0, 0], "uv": [38, 36]},
						{"origin": [-0.003, 1.47101, 4.79304], "size": [0, 11, 9], "inflate": 0.001, "pivot": [-1.003, 4.02101, 2.39304], "rotation": [96, 0, 0], "uv": [20, 27]}
					]
				},
				{
					"name": "bone4",
					"parent": "bone3",
					"pivot": [-1.003, 28.30326, -4.36317],
					"rotation": [6.25, 0, 0],
					"cubes": [
						{"origin": [-2.003, 8.1158, 1.7812], "size": [4, 4, 9], "inflate": 0.01, "pivot": [0.497, 3.6658, -0.6188], "rotation": [94.5, 0, 0], "uv": [20, 23]}
					]
				},
				{
					"name": "bone5",
					"parent": "bone4",
					"pivot": [-1.003, 28.30326, -4.36317],
					"rotation": [-3, 0, 0],
					"cubes": [
						{"origin": [-2.002, 16.07227, 1.6274], "size": [4, 4, 8], "pivot": [0.498, 11.62227, -0.7726], "rotation": [89.5, 0, 0], "uv": [38, 15]},
						{"origin": [-10.002, 12.994, -8.91117], "size": [20, 20, 3], "pivot": [0.498, 22.62227, -7.7726], "rotation": [99.5, 0, 0], "uv": [0, 0]},
						{"origin": [-3.002, 16.97227, 8.6274], "size": [6, 8, 4], "pivot": [0.498, 13.52227, -0.7726], "rotation": [89.5, 0, 0], "uv": [0, 41]},
						{"origin": [-6.002, 24.97227, 8.6274], "size": [12, 0, 3], "pivot": [0.498, 13.52227, -0.7726], "rotation": [89.5, 0, 0], "uv": [34, 27]},
						{"origin": [-5.002, 17.97227, 12.6274], "size": [10, 0, 3], "pivot": [0.498, 13.52227, -0.7726], "rotation": [89.5, 0, 0], "uv": [43, 11]},
						{"origin": [-0.002, 18.97227, 12.6274], "size": [0, 6, 2], "pivot": [0.498, 13.52227, -0.7726], "rotation": [89.5, 0, 0], "uv": [25, 21]},
						{"origin": [-4.002, 27.10459, -4.09373], "size": [8, 0, 9], "pivot": [-0.002, 27.02227, -4.0226], "rotation": [79.5, 0, 0], "uv": [0, 23]}
					]
				},
				{
					"name": "bone9",
					"parent": "bone3",
					"pivot": [0, 0, 0]
				},
				{
					"name": "bone",
					"parent": "bone9",
					"pivot": [0, 0, 4],
					"cubes": [
						{"origin": [1, 8.01596, 6.77939], "size": [4, 3, 5], "inflate": 0.001, "pivot": [0, 4.31596, 7.87939], "rotation": [70, 0, 0], "uv": [38, 47]},
						{"origin": [2.5, 2, 4], "size": [2, 3, 2], "inflate": 0.001, "uv": [11, 53]},
						{"origin": [2.5, 3.77592, 5.76879], "size": [2, 4, 2], "pivot": [0, 2.77592, 5.76879], "rotation": [57.5, 0, 0], "uv": [59, 28]},
						{"origin": [2, 0, 2], "size": [3, 2, 4], "uv": [30, 55]}
					]
				},
				{
					"name": "bone2",
					"parent": "bone9",
					"pivot": [0, 0, 0],
					"cubes": [
						{"origin": [1.999, 10.22442, 0.43088], "size": [3, 4, 5], "inflate": 0.001, "pivot": [-0.501, 5.77442, 1.03088], "rotation": [92.5, 0, 0], "uv": [0, 53]},
						{"origin": [2.5, 1.49023, -8.06694], "size": [2, 4, 2], "pivot": [0.5, 0.49023, -6.31694], "rotation": [-18.5, 0, 0], "uv": [58, 34]},
						{"origin": [2, 0, -9.5], "size": [3, 2, 4], "uv": [16, 55]},
						{"origin": [2, 2, -7.7], "size": [3, 3, 0], "uv": [43, 0]}
					]
				},
				{
					"name": "bone8",
					"parent": "bone3",
					"pivot": [0, 0, 0]
				},
				{
					"name": "bone6",
					"parent": "bone8",
					"pivot": [0, 0, 0],
					"cubes": [
						{"origin": [-4.999, 10.22442, 0.43088], "size": [3, 4, 5], "inflate": 0.001, "pivot": [0.501, 5.77442, 1.03088], "rotation": [92.5, 0, 0], "uv": [51, 50]},
						{"origin": [-4.5, 1.49023, -8.06694], "size": [2, 4, 2], "pivot": [-0.5, 0.49023, -6.31694], "rotation": [-18.5, 0, 0], "uv": [44, 57]},
						{"origin": [-5, 0, -9.5], "size": [3, 2, 4], "uv": [54, 14]},
						{"origin": [-5, 2, -7.7], "size": [3, 3, 0], "uv": [0, 29]}
					]
				},
				{
					"name": "bone7",
					"parent": "bone8",
					"pivot": [0, 0, 4],
					"cubes": [
						{"origin": [-5, 8.01596, 6.77939], "size": [4, 3, 5], "inflate": 0.001, "pivot": [0, 4.31596, 7.87939], "rotation": [70, 0, 0], "uv": [20, 47]},
						{"origin": [-4.5, 2, 4], "size": [2, 3, 2], "inflate": 0.001, "uv": [33, 47]},
						{"origin": [-4.5, 3.77592, 5.76879], "size": [2, 4, 2], "pivot": [0, 2.77592, 5.76879], "rotation": [57.5, 0, 0], "uv": [0, 23]},
						{"origin": [-5, 0, 2], "size": [3, 2, 4], "uv": [46, 30]}
					]
				}
			]
		}
	]
}