{
	"format_version": "1.12.0",
	"minecraft:geometry": [
		{
			"description": {
				"identifier": "geometry.unknown",
				"texture_width": 64,
				"texture_height": 64,
				"visible_bounds_width": 3,
				"visible_bounds_height": 2.5,
				"visible_bounds_offset": [0, 0.75, 0]
			},
			"bones": [
				{
					"name": "bone12",
					"pivot": [0, 0, 0]
				},
				{
					"name": "Raikou",
					"parent": "bone12",
					"pivot": [0, 0, 0],
					"rotation": [0, 180, 0],
					"cubes": [
						{"origin": [-2, 6, -5], "size": [4, 5, 9], "inflate": 0.001, "uv": [0, 0]},
						{"origin": [-2, 6, -8], "size": [4, 4, 3], "pivot": [0, 6, -5], "rotation": [-22.5, 0, 0], "uv": [14, 30]},
						{"origin": [-2, 11, -1], "size": [4, 1, 5], "inflate": 0.01, "pivot": [0, 12, 4], "rotation": [11.5, 0, 0], "uv": [15, 24]},
						{"origin": [-2, 10, 0], "size": [4, 5, 4], "inflate": 0.01, "pivot": [0, 12, 4], "rotation": [-123.5, 0, 0], "uv": [17, 0]},
						{"origin": [-1, 12, 9], "size": [2, 2, 1], "uv": [28, 24]},
						{"origin": [-3, 9, 4], "size": [6, 5, 5], "uv": [16, 14]},
						{"origin": [-2, 8, 4], "size": [4, 1, 4], "inflate": 0.001, "uv": [33, 13]},
						{"origin": [-5, 7, 9.1], "size": [10, 5, 0], "uv": [0, 24]},
						{"origin": [-2, 5.1, 2.4], "size": [4, 5, 3], "inflate": 0.0001, "pivot": [0, 9, 7], "rotation": [-22.5, 0, 0], "uv": [0, 29]},
						{"origin": [0, 6, -13], "size": [0, 10, 8], "uv": [0, 6]}
					]
				},
				{
					"name": "bone5",
					"parent": "Raikou",
					"pivot": [0, 9.5, -1.25],
					"rotation": [22.5, 0, 0],
					"cubes": [
						{"origin": [0.5, 9.5, -4.25], "size": [2, 3, 3], "pivot": [0, 9.5, -1.25], "rotation": [-22.5, 0, 45], "uv": [0, 49]},
						{"origin": [0.5, 9.5, -4.25], "size": [2, 4, 3], "pivot": [0, 9.5, -1.25], "rotation": [0, 0, 22.5], "uv": [21, 45]},
						{"origin": [-1, 9.5, -4.25], "size": [2, 4, 4], "inflate": 0.001, "uv": [12, 37]},
						{"origin": [-2.5, 9.5, -4.25], "size": [2, 4, 3], "pivot": [0, 9.5, -1.25], "rotation": [0, 0, -22.5], "uv": [46, 15]},
						{"origin": [-2.5, 9.5, -4.25], "size": [2, 3, 3], "pivot": [0, 9.5, -1.25], "rotation": [-22.5, 0, -45], "uv": [28, 49]}
					]
				},
				{
					"name": "bone3",
					"parent": "Raikou",
					"pivot": [4, 9, 5],
					"rotation": [-22.5, 0, 0],
					"cubes": [
						{"origin": [2, 5, 2], "size": [2, 4, 3], "inflate": 0.001, "uv": [46, 42]}
					]
				},
				{
					"name": "bone4",
					"parent": "bone3",
					"pivot": [3, 7.1, 4.15],
					"rotation": [45, 0, 0],
					"cubes": [
						{"origin": [1, 0.5, 1.25], "size": [3, 6, 3], "pivot": [3, 7.1, 4.15], "rotation": [-12.5, 0, 0], "uv": [25, 36]},
						{"origin": [1, 0.1, 2.15], "size": [3, 2, 4], "inflate": 0.001, "pivot": [3, 7.1, 4.15], "rotation": [-22.5, 0, 0], "uv": [41, 5]},
						{"origin": [1, 0.1, 6.15], "size": [3, 1, 1], "inflate": 0.001, "pivot": [3, 7.1, 4.15], "rotation": [-22.5, 0, 0], "uv": [42, 32]},
						{"origin": [2, 0.1, 6.15], "size": [1, 2, 2], "inflate": 0.001, "pivot": [3, 7.1, 4.15], "rotation": [-22.5, 0, 0], "uv": [48, 22]}
					]
				},
				{
					"name": "bone",
					"parent": "Raikou",
					"pivot": [-2, 9, 5],
					"rotation": [-22.5, 0, 0],
					"cubes": [
						{"origin": [-4, 5, 2], "size": [2, 4, 3], "inflate": 0.001, "uv": [47, 32]}
					]
				},
				{
					"name": "bone2",
					"parent": "bone",
					"pivot": [-2, 7.1, 4.15],
					"rotation": [45, 0, 0],
					"cubes": [
						{"origin": [-4, 0.5, 1.25], "size": [3, 6, 3], "pivot": [-2, 7.1, 4.15], "rotation": [-12.5, 0, 0], "uv": [0, 37]},
						{"origin": [-4, 0.1, 2.15], "size": [3, 2, 4], "inflate": 0.001, "pivot": [-2, 7.1, 4.15], "rotation": [-22.5, 0, 0], "uv": [42, 26]},
						{"origin": [-4, 0.1, 6.15], "size": [3, 1, 1], "inflate": 0.001, "pivot": [-2, 7.1, 4.15], "rotation": [-22.5, 0, 0], "uv": [45, 2]},
						{"origin": [-3, 0.1, 6.15], "size": [1, 2, 2], "inflate": 0.001, "pivot": [-2, 7.1, 4.15], "rotation": [-22.5, 0, 0], "uv": [38, 49]}
					]
				},
				{
					"name": "bone8",
					"parent": "Raikou",
					"pivot": [4, 9, -3.75],
					"rotation": [-2.5, 0, 0],
					"cubes": [
						{"origin": [1, 5, -6.75], "size": [3, 4, 3], "inflate": 0.001, "uv": [9, 45]}
					]
				},
				{
					"name": "bone9",
					"parent": "bone8",
					"pivot": [3, 7.1, -4.3],
					"rotation": [25, 0, 0],
					"cubes": [
						{"origin": [1, 0.5, -7.2], "size": [3, 6, 3], "pivot": [3, 7.1, -4.3], "rotation": [-12.5, 0, 0], "uv": [33, 0]},
						{"origin": [1, 0.1, -6.3], "size": [3, 2, 4], "inflate": 0.001, "pivot": [3, 7.1, -4.3], "rotation": [-22.5, 0, 0], "uv": [37, 36]},
						{"origin": [1, 0.1, -2.3], "size": [3, 1, 1], "inflate": 0.001, "pivot": [3, 7.1, -4.3], "rotation": [-22.5, 0, 0], "uv": [38, 18]},
						{"origin": [2, 0.1, -2.3], "size": [1, 2, 2], "inflate": 0.001, "pivot": [3, 7.1, -4.3], "rotation": [-22.5, 0, 0], "uv": [45, 11]}
					]
				},
				{
					"name": "bone10",
					"parent": "Raikou",
					"pivot": [-1, 9, -3.75],
					"rotation": [-2.5, 0, 0],
					"cubes": [
						{"origin": [-4, 5, -6.75], "size": [3, 4, 3], "inflate": 0.001, "uv": [34, 42]}
					]
				},
				{
					"name": "bone11",
					"parent": "bone10",
					"pivot": [-2, 7.1, -4.3],
					"rotation": [25, 0, 0],
					"cubes": [
						{"origin": [-4, 0.5, -7.2], "size": [3, 6, 3], "pivot": [-2, 7.1, -4.3], "rotation": [-12.5, 0, 0], "uv": [30, 27]},
						{"origin": [-4, 0.1, -6.3], "size": [3, 2, 4], "inflate": 0.001, "pivot": [-2, 7.1, -4.3], "rotation": [-22.5, 0, 0], "uv": [34, 20]},
						{"origin": [-4, 0.1, -2.3], "size": [3, 1, 1], "inflate": 0.001, "pivot": [-2, 7.1, -4.3], "rotation": [-22.5, 0, 0], "uv": [20, 37]},
						{"origin": [-3, 0.1, -2.3], "size": [1, 2, 2], "inflate": 0.001, "pivot": [-2, 7.1, -4.3], "rotation": [-22.5, 0, 0], "uv": [39, 26]}
					]
				},
				{
					"name": "bone6",
					"parent": "Raikou",
					"pivot": [0, 13.25, 9.25],
					"rotation": [-45, 0, 0],
					"cubes": [
						{"origin": [-2, 13.25, 8.25], "size": [4, 1, 1], "uv": [42, 0]}
					]
				},
				{
					"name": "bone7",
					"parent": "bone6",
					"pivot": [0, 13.25, 8.65],
					"rotation": [22.5, 0, 0],
					"cubes": [
						{"origin": [-3, 13.25, 5.65], "size": [6, 1, 3], "inflate": 0.01, "uv": [26, 9]},
						{"origin": [-5, 13.75, 4.65], "size": [2, 0, 4], "uv": [0, 4]},
						{"origin": [3, 13.75, 4.65], "size": [2, 0, 4], "uv": [0, 0]}
					]
				}
			]
		}
	]
}