{
	"format_version": "1.12.0",
	"minecraft:geometry": [
		{
			"description": {
				"identifier": "geometry.unknown",
				"texture_width": 64,
				"texture_height": 64,
				"visible_bounds_width": 2,
				"visible_bounds_height": 2.5,
				"visible_bounds_offset": [0, 0.75, 0]
			},
			"bones": [
				{
					"name": "bb_main",
					"pivot": [0, 0, 0],
					"cubes": [
						{"origin": [-3, 6, -3], "size": [6, 6, 6], "uv": [0, 13]},
						{"origin": [-3.5, 7, -3.5], "size": [7, 6, 7], "uv": [0, 0]},
						{"origin": [0, 10, -1.5], "size": [0, 8, 5], "pivot": [0, 0, 0], "rotation": [17.5, 0, 0], "uv": [0, 20]},
						{"origin": [-1, 0, -1], "size": [2, 6, 2], "uv": [22, 23]},
						{"origin": [0, 2, -0.5], "size": [1, 4, 1], "pivot": [1, 6, 0], "rotation": [0, 0, -45], "uv": [0, 13]},
						{"origin": [-1, 2, -0.5], "size": [1, 4, 1], "pivot": [-1, 6, 0], "rotation": [0, 0, 45], "uv": [0, 0]},
						{"origin": [-2, 0, -1.05], "size": [4, 6, 0], "pivot": [0, 6, 0], "rotation": [-10, 0, 0], "uv": [18, 13]},
						{"origin": [-2, 0, -1.05], "size": [4, 6, 0], "pivot": [0, 6, 0], "rotation": [0, -90, -10], "uv": [18, 13]},
						{"origin": [-2, 0, -1.05], "size": [4, 6, 0], "pivot": [0, 6, 0], "rotation": [170, 0, 180], "uv": [18, 13]},
						{"origin": [-2, 0, -1.05], "size": [4, 6, 0], "pivot": [0, 6, 0], "rotation": [0, 90, 10], "uv": [18, 13]}
					]
				}
			]
		}
	]
}