{
	"format_version": "1.12.0",
	"minecraft:geometry": [
		{
			"description": {
				"identifier": "geometry.unknown",
				"texture_width": 32,
				"texture_height": 32,
				"visible_bounds_width": 2,
				"visible_bounds_height": 1.5,
				"visible_bounds_offset": [0, 0.25, 0]
			},
			"bones": [
				{
					"name": "bone",
					"pivot": [0, 0, -2.25],
					"cubes": [
						{"origin": [-1.5, 0, -3.5], "size": [3, 3, 3], "uv": [0, 6]},
						{"origin": [-1, 0, -0.5], "size": [2, 2, 4], "uv": [0, 0]},
						{"origin": [0, 1, 2.5], "size": [0, 5, 3], "uv": [0, 9]},
						{"origin": [0.5, 0, -0.5], "size": [2, 1, 1], "uv": [6, 15]},
						{"origin": [-3, 0, 3], "size": [3, 1, 1], "pivot": [-1, 0.5, 3.5], "rotation": [0, 45, 0], "uv": [12, 4]},
						{"origin": [0, 0, 3], "size": [3, 1, 1], "pivot": [1, 0.5, 3.5], "rotation": [0, -45, 0], "uv": [6, 13]},
						{"origin": [-2.5, 0, -0.5], "size": [2, 1, 1], "uv": [13, 14]},
						{"origin": [-3, 2.5, -1.5], "size": [2, 2, 0], "uv": [0, 2]},
						{"origin": [1, 2.5, -1.5], "size": [2, 2, 0], "uv": [0, 0]},
						{"origin": [-2, 0, -3], "size": [4, 1, 2], "uv": [8, 0]},
						{"origin": [-3, 0.5, -2], "size": [6, 1, 0], "uv": [8, 3]},
						{"origin": [-1, 0, -4.25], "size": [2, 1, 2], "uv": [10, 10]},
						{"origin": [-1, 1.25, -4.25], "size": [2, 1, 2], "inflate": 0.01, "pivot": [0, 0, -2.25], "rotation": [25, 0, 0], "uv": [9, 6]}
					]
				}
			]
		}
	]
}