{
	"format_version": "1.12.0",
	"minecraft:geometry": [
		{
			"description": {
				"identifier": "geometry.unknown",
				"texture_width": 64,
				"texture_height": 64,
				"visible_bounds_width": 3,
				"visible_bounds_height": 2.5,
				"visible_bounds_offset": [0, 0.75, 0]
			},
			"bones": [
				{
					"name": "bone8",
					"pivot": [0, 0, 0]
				},
				{
					"name": "bone7",
					"parent": "bone8",
					"pivot": [0, 3.4, 0],
					"rotation": [0, 180, 0]
				},
				{
					"name": "bone3",
					"parent": "bone7",
					"pivot": [0, 3.4, 0],
					"rotation": [22.5, 0, 0]
				},
				{
					"name": "bone6",
					"parent": "bone3",
					"pivot": [0, 2.4, 0],
					"rotation": [-12.5, 0, 0],
					"cubes": [
						{"origin": [3, 3.9, -4], "size": [3, 8, 8], "uv": [0, 14]},
						{"origin": [-6, 3.9, -4], "size": [3, 8, 8], "uv": [20, 6]},
						{"origin": [-3.5, 4.4, -3.5], "size": [7, 7, 7], "uv": [0, 0]},
						{"origin": [-3, 3.4, -1.5], "size": [6, 1, 3], "uv": [22, 22]},
						{"origin": [-4, 2.4, -2], "size": [8, 1, 4], "uv": [21, 0]}
					]
				},
				{
					"name": "bone2",
					"parent": "bone6",
					"pivot": [-5, 7.4, 0],
					"rotation": [0, 0, 22.5],
					"cubes": [
						{"origin": [-7.5, -0.1, -1], "size": [2, 3, 2], "uv": [0, 14]},
						{"origin": [-7.5, -1.1, -1], "size": [2, 1, 0], "uv": [0, 6]},
						{"origin": [-7.5, -1.1, 0], "size": [2, 1, 0], "uv": [3, 3]},
						{"origin": [-7.5, -1.1, 1], "size": [2, 1, 0], "uv": [3, 0]},
						{"origin": [-8, 4.9, -1.5], "size": [3, 3, 3], "uv": [22, 26]},
						{"origin": [-7, 2.9, -0.5], "size": [1, 2, 1], "uv": [0, 0]}
					]
				},
				{
					"name": "bone",
					"parent": "bone6",
					"pivot": [5, 7.4, 0],
					"rotation": [0, 0, -22.5],
					"cubes": [
						{"origin": [5.5, -0.1, -1], "size": [2, 3, 2], "uv": [34, 9]},
						{"origin": [5.5, -1.1, -1], "size": [2, 1, 0], "uv": [14, 16]},
						{"origin": [5.5, -1.1, 0], "size": [2, 1, 0], "uv": [14, 15]},
						{"origin": [5.5, -1.1, 1], "size": [2, 1, 0], "uv": [14, 14]},
						{"origin": [5, 4.9, -1.5], "size": [3, 3, 3], "uv": [0, 30]},
						{"origin": [6, 2.9, -0.5], "size": [1, 2, 1], "uv": [0, 3]}
					]
				},
				{
					"name": "bone5",
					"parent": "bone3",
					"pivot": [-2, 1.4, 0],
					"rotation": [65.85133, -20.70481, 9.00717],
					"cubes": [
						{"origin": [-3.25, 0.4, -1.5], "size": [3, 1, 3], "uv": [34, 5]},
						{"origin": [-2.75, -1.6, -1], "size": [2, 2, 2], "uv": [10, 35]},
						{"origin": [-3.25, -2.6, -1.5], "size": [3, 2, 3], "uv": [31, 29]}
					]
				},
				{
					"name": "bone4",
					"parent": "bone3",
					"pivot": [2, 1.4, 0],
					"rotation": [65.85133, 20.70481, -9.00717],
					"cubes": [
						{"origin": [0.25, -2.6, -1.5], "size": [3, 2, 3], "uv": [12, 30]},
						{"origin": [0.75, -1.6, -1], "size": [2, 2, 2], "uv": [31, 34]},
						{"origin": [0.25, 0.4, -1.5], "size": [3, 1, 3], "uv": [21, 32]}
					]
				}
			]
		}
	]
}