{
	"format_version": "1.12.0",
	"minecraft:geometry": [
		{
			"description": {
				"identifier": "geometry.unknown",
				"texture_width": 128,
				"texture_height": 128,
				"visible_bounds_width": 4,
				"visible_bounds_height": 2.5,
				"visible_bounds_offset": [0, 0.75, 0]
			},
			"bones": [
				{
					"name": "bone5",
					"pivot": [0, 0, 0],
					"cubes": [
						{"origin": [-1, 3, -1], "size": [2, 1, 2], "uv": [0, 0]},
						{"origin": [-2, 5, -2], "size": [4, 1, 4], "uv": [50, 45]},
						{"origin": [-4.5, 7, -4], "size": [9, 9, 8], "uv": [0, 32]},
						{"origin": [-0.5, 11, -4.1], "size": [1, 1, 0], "uv": [6, 39]},
						{"origin": [1, 11, -4.1], "size": [1, 1, 0], "uv": [6, 39]},
						{"origin": [-2, 11, -4.1], "size": [1, 1, 0], "uv": [6, 39]},
						{"origin": [2.5, 11.75, -4.1], "size": [1, 1, 0], "uv": [6, 39]},
						{"origin": [-3.5, 10.25, -4.1], "size": [1, 1, 0], "uv": [6, 39]},
						{"origin": [-3.5, 11.75, -4.1], "size": [1, 1, 0], "uv": [6, 39]},
						{"origin": [2.5, 10.25, -4.1], "size": [1, 1, 0], "uv": [6, 39]},
						{"origin": [-4, 15, 0], "size": [8, 7, 0], "pivot": [0, 17, 0], "rotation": [-22.5, 0, 0], "uv": [18, 49]},
						{"origin": [-7, 17, 0], "size": [9, 5, 0], "pivot": [0, 17, 0], "rotation": [-43.44102, -8.42106, -20.94102], "uv": [42, 40]},
						{"origin": [-2, 17, 0], "size": [9, 5, 0], "pivot": [0, 17, 0], "rotation": [-43.44102, 8.42106, 20.94102], "uv": [0, 49]},
						{"origin": [-1.5, 4, -1.5], "size": [3, 1, 3], "uv": [0, 54]},
						{"origin": [-2.5, 6, -2.5], "size": [5, 1, 5], "uv": [40, 24]},
						{"origin": [-3, 0, 0], "size": [2, 4, 0], "pivot": [0, 4, 0], "rotation": [0, 0, -12.5], "uv": [4, 3]},
						{"origin": [-2, 3, -2], "size": [4, 0, 4], "uv": [51, 24]},
						{"origin": [1, 0, 0], "size": [2, 4, 0], "pivot": [0, 4, 0], "rotation": [0, 0, 12.5], "uv": [0, 3]}
					]
				},
				{
					"name": "bone3",
					"parent": "bone5",
					"pivot": [-0.5, 0, 0],
					"cubes": [
						{"origin": [-5.5, 8, -3], "size": [1, 6, 6], "uv": [42, 46]}
					]
				},
				{
					"name": "bone4",
					"parent": "bone3",
					"pivot": [-5.5, 11, 0],
					"rotation": [0, 0, -22.5],
					"cubes": [
						{"origin": [-21.5, 7, 0], "size": [16, 8, 0], "pivot": [-21.5, 11, 0], "rotation": [45, 0, 0], "uv": [40, 8]},
						{"origin": [-21.5, 11, -4], "size": [16, 0, 8], "pivot": [-21.5, 11, 0], "rotation": [45, 0, 0], "uv": [0, 24]},
						{"origin": [-21.5, 11, -4], "size": [16, 0, 8], "uv": [0, 16]},
						{"origin": [-21.5, 7, 0], "size": [16, 8, 0], "uv": [40, 16]}
					]
				},
				{
					"name": "bone",
					"parent": "bone5",
					"pivot": [0.5, 0, 0],
					"cubes": [
						{"origin": [4.5, 8, -3], "size": [1, 6, 6], "uv": [34, 40]}
					]
				},
				{
					"name": "bone2",
					"parent": "bone",
					"pivot": [5.5, 11, 0],
					"rotation": [0, 0, 22.5],
					"cubes": [
						{"origin": [5.5, 11, -4], "size": [16, 0, 8], "uv": [0, 8]},
						{"origin": [5.5, 11, -4], "size": [16, 0, 8], "pivot": [5.5, 11, 0], "rotation": [45, 0, 0], "uv": [0, 0]},
						{"origin": [5.5, 7, 0], "size": [16, 8, 0], "pivot": [5.5, 11, 0], "rotation": [45, 0, 0], "uv": [26, 32]},
						{"origin": [5.5, 7, 0], "size": [16, 8, 0], "uv": [40, 0]}
					]
				}
			]
		}
	]
}