{
	"format_version": "1.12.0",
	"minecraft:geometry": [
		{
			"description": {
				"identifier": "geometry.unknown",
				"texture_width": 64,
				"texture_height": 64,
				"visible_bounds_width": 3,
				"visible_bounds_height": 2.5,
				"visible_bounds_offset": [0, 0.75, 0]
			},
			"bones": [
				{
					"name": "bone11",
					"pivot": [0, 0, 0],
					"cubes": [
						{"origin": [-3, 0, -3], "size": [6, 6, 6], "uv": [0, 14]},
						{"origin": [-2, 6, -2], "size": [4, 3, 4], "uv": [16, 31]},
						{"origin": [-2, 14, -2.5], "size": [4, 4, 4], "uv": [0, 30]},
						{"origin": [-1.5, 14, -4.5], "size": [3, 2, 2], "uv": [0, 38]},
						{"origin": [-1.5, 9, -1.5], "size": [3, 2, 3], "uv": [34, 12]},
						{"origin": [2.25, 10.5, -1], "size": [9, 2, 2], "pivot": [0, 12.5, 0], "rotation": [0, 0, 45], "uv": [27, 4]},
						{"origin": [6.25, 11.5, -2], "size": [10, 0, 7], "pivot": [0, 12.5, 0], "rotation": [0, 0, 45], "uv": [0, 7]},
						{"origin": [-11.25, 10.5, -1], "size": [9, 2, 2], "pivot": [0, 12.5, 0], "rotation": [0, 0, -45], "uv": [27, 0]},
						{"origin": [-16.25, 11.5, -2], "size": [10, 0, 7], "pivot": [0, 12.5, 0], "rotation": [0, 0, -45], "uv": [0, 0]},
						{"origin": [-1, 11, -1], "size": [2, 4, 2], "uv": [10, 38]},
						{"origin": [0, 0, -5], "size": [0, 4, 3], "uv": [0, 0]},
						{"origin": [0, 0, -2], "size": [0, 4, 4], "uv": [32, 33]},
						{"origin": [-2, 0, 4], "size": [4, 4, 5], "uv": [19, 22]},
						{"origin": [-1.5, 0, 3], "size": [3, 3, 1], "uv": [40, 37]}
					]
				},
				{
					"name": "bone9",
					"parent": "bone11",
					"pivot": [2, 0, -1],
					"rotation": [0, -22.5, 0],
					"cubes": [
						{"origin": [2, 0, -5.5], "size": [1, 2, 2], "pivot": [2.5, 1, -4], "rotation": [-22.5, 0, 0], "uv": [0, 12]},
						{"origin": [2, -1, -7.5], "size": [1, 3, 2], "pivot": [2.5, 1, -4], "rotation": [-22.5, 0, 0], "uv": [0, 7]},
						{"origin": [1, 0, -4], "size": [3, 3, 3], "uv": [32, 31]},
						{"origin": [2.5, 1, -2], "size": [0, 5, 5], "uv": [32, 17]},
						{"origin": [1.5, 0, -9], "size": [2, 1, 3], "uv": [18, 38]},
						{"origin": [1.5, 0, -10], "size": [0, 1, 1], "uv": [0, 0]}
					]
				},
				{
					"name": "bone10",
					"parent": "bone11",
					"pivot": [-2, 0, -1],
					"rotation": [0, 22.5, 0],
					"cubes": [
						{"origin": [-3, 0, -5.5], "size": [1, 2, 2], "pivot": [-2.5, 1, -4], "rotation": [-22.5, 0, 0], "uv": [0, 12]},
						{"origin": [-3, -1, -7.5], "size": [1, 3, 2], "pivot": [-2.5, 1, -4], "rotation": [-22.5, 0, 0], "uv": [0, 7]},
						{"origin": [-4, 0, -4], "size": [3, 3, 3], "uv": [32, 31]},
						{"origin": [-2.5, 1, -2], "size": [0, 5, 5], "uv": [32, 17]},
						{"origin": [-3.5, 0, -9], "size": [2, 1, 3], "uv": [18, 38]},
						{"origin": [-3.5, 0, -10], "size": [0, 1, 1], "uv": [0, 0]}
					]
				},
				{
					"name": "bone",
					"parent": "bone11",
					"pivot": [0, 2, 8],
					"rotation": [22.5, 0, 0],
					"cubes": [
						{"origin": [-2, 1.61732, 8.92388], "size": [4, 0, 3], "uv": [37, 17]}
					]
				},
				{
					"name": "bone2",
					"parent": "bone",
					"pivot": [0, 2, 11],
					"rotation": [22.5, 0, 0],
					"cubes": [
						{"origin": [-2, 1.29289, 11.70711], "size": [4, 0, 3], "uv": [36, 8]}
					]
				},
				{
					"name": "bone3",
					"parent": "bone2",
					"pivot": [0, 2, 14],
					"rotation": [22.5, 0, 0],
					"cubes": [
						{"origin": [-2, 1.07612, 14.38268], "size": [4, 0, 3], "uv": [34, 27]}
					]
				},
				{
					"name": "bone4",
					"parent": "bone3",
					"pivot": [0, 2, 17],
					"rotation": [22.5, 0, 0],
					"cubes": [
						{"origin": [-2, 1, 17], "size": [4, 0, 3], "uv": [9, 31]}
					]
				},
				{
					"name": "bone5",
					"parent": "bone11",
					"pivot": [0, 18, 1.5],
					"rotation": [-22.5, 0, 0],
					"cubes": [
						{"origin": [-3, 18, 1.5], "size": [6, 0, 4], "uv": [0, 26]}
					]
				},
				{
					"name": "bone6",
					"parent": "bone5",
					"pivot": [0, 18, 5.5],
					"rotation": [-22.5, 0, 0],
					"cubes": [
						{"origin": [-4, 18, 5.5], "size": [8, 0, 4], "uv": [20, 18]}
					]
				},
				{
					"name": "bone7",
					"parent": "bone6",
					"pivot": [0, 18, 9.5],
					"rotation": [22.5, 0, 0],
					"cubes": [
						{"origin": [-4, 18, 9.5], "size": [8, 0, 4], "uv": [14, 14]}
					]
				},
				{
					"name": "bone8",
					"parent": "bone7",
					"pivot": [0, 18, 13.5],
					"rotation": [22.5, 0, 0],
					"cubes": [
						{"origin": [-3, 18, 13.5], "size": [6, 0, 4], "uv": [23, 8]}
					]
				}
			]
		}
	]
}