{
	"format_version": "1.12.0",
	"minecraft:geometry": [
		{
			"description": {
				"identifier": "geometry.unknown",
				"texture_width": 128,
				"texture_height": 128,
				"visible_bounds_width": 4,
				"visible_bounds_height": 3.5,
				"visible_bounds_offset": [0, 1.25, 0]
			},
			"bones": [
				{
					"name": "bone7",
					"pivot": [2, 19, 0],
					"cubes": [
						{"origin": [-2, 19, -4], "size": [0, 2, 6], "pivot": [-2, 19, 0], "rotation": [0, 0, -22.5], "uv": [42, 34]},
						{"origin": [-3, 10, -2], "size": [6, 5, 4], "uv": [44, 45]},
						{"origin": [-2, 15, -4], "size": [4, 1, 6], "pivot": [0, 16, 0], "rotation": [12, 0, 0], "uv": [40, 54]},
						{"origin": [-2, 16, -4], "size": [4, 3, 6], "uv": [28, 40]},
						{"origin": [-1.25, 15.75, -3.75], "size": [1, 1, 0], "pivot": [-1, 16.5, -4], "rotation": [0, 0, 45], "uv": [26, 48]},
						{"origin": [-0.25, 15.75, -3.75], "size": [1, 1, 0], "pivot": [0, 16.5, -4], "rotation": [0, 0, 45], "uv": [0, 48]},
						{"origin": [0.75, 15.75, -3.75], "size": [1, 1, 0], "pivot": [1, 16.5, -4], "rotation": [0, 0, 45], "uv": [0, 47]},
						{"origin": [1.975, 16, -3.25], "size": [0, 1, 1], "pivot": [-2, 16.5, -4.5], "rotation": [-45, 0, 0], "uv": [0, 45]},
						{"origin": [-1.975, 16, -3.25], "size": [0, 1, 1], "pivot": [-2, 16.5, -4.5], "rotation": [-45, 0, 0], "uv": [0, 44]},
						{"origin": [2, 17.5, -4], "size": [5, 0, 6], "pivot": [2, 17.5, 0], "rotation": [7.69263, -6.40865, 39.56869], "uv": [30, 54]},
						{"origin": [2, 17.5, -4], "size": [5, 0, 6], "pivot": [2, 17.5, 0], "rotation": [10, 0, 0], "uv": [10, 52]},
						{"origin": [-7, 17.5, -4], "size": [5, 0, 6], "pivot": [-2, 17.5, 0], "rotation": [10, 0, 0], "uv": [20, 49]},
						{"origin": [-7, 17.5, -4], "size": [5, 0, 6], "pivot": [-2, 17.5, 0], "rotation": [7.69263, 6.40865, -39.56869], "uv": [0, 46]},
						{"origin": [-7, 17.5, -4], "size": [5, 0, 6], "pivot": [-2, 17.5, 0], "rotation": [8.45862, -5.35355, 32.10382], "uv": [10, 46]},
						{"origin": [-9, 17.5, -4], "size": [7, 0, 6], "pivot": [-2, 17.5, 0], "rotation": [5.77509, -8.17773, 54.58682], "uv": [0, 40]},
						{"origin": [2, 17.5, -4], "size": [5, 0, 6], "pivot": [2, 17.5, 0], "rotation": [8.45862, 5.35355, -32.10382], "uv": [0, 52]},
						{"origin": [2, 17.5, -4], "size": [7, 0, 6], "pivot": [2, 17.5, 0], "rotation": [5.77509, 8.17773, -54.58682], "uv": [14, 40]},
						{"origin": [0, 19, -4], "size": [0, 1, 6], "uv": [42, 38]},
						{"origin": [2, 19, -4], "size": [0, 2, 6], "pivot": [2, 19, 0], "rotation": [0, 0, 22.5], "uv": [42, 36]},
						{"origin": [-24, 0, 1.7], "size": [48, 40, 0], "pivot": [0, 0, 0], "rotation": [-3, 0, 0], "uv": [0, 0]}
					]
				},
				{
					"name": "bone8",
					"parent": "bone7",
					"pivot": [0, 13, 0],
					"rotation": [10, -10, 0],
					"cubes": [
						{"origin": [2.5, 11.5, -8], "size": [3, 3, 4], "uv": [56, 57]},
						{"origin": [3, 12, -4], "size": [2, 2, 4], "uv": [60, 50]},
						{"origin": [4.75, 14.5, -6], "size": [1, 0, 3], "pivot": [4, 14.5, -6], "rotation": [42.73421, -15.69986, 16.32495], "uv": [0, 43]},
						{"origin": [3.5, 14.5, -6], "size": [1, 0, 3], "pivot": [4, 14.5, -6], "rotation": [45, 0, 0], "uv": [0, 46]},
						{"origin": [2.25, 14.5, -6], "size": [1, 0, 3], "pivot": [4, 14.5, -6], "rotation": [42.73421, 15.69986, -16.32495], "uv": [0, 40]},
						{"origin": [2.5, 14.5, -10], "size": [1, 0, 2], "uv": [2, 49]},
						{"origin": [3.5, 14.5, -10], "size": [1, 0, 2], "pivot": [4, 14.5, -8], "rotation": [-5, 0, 0], "uv": [0, 49]},
						{"origin": [4.5, 14.5, -10], "size": [1, 0, 2], "uv": [24, 46]}
					]
				},
				{
					"name": "bone9",
					"parent": "bone7",
					"pivot": [0, 13, 0],
					"rotation": [10, 10, 0],
					"cubes": [
						{"origin": [-5.5, 11.5, -8], "size": [3, 3, 4], "uv": [56, 57]},
						{"origin": [-5, 12, -4], "size": [2, 2, 4], "uv": [60, 50]},
						{"origin": [-3.25, 14.5, -6], "size": [1, 0, 3], "pivot": [-4, 14.5, -6], "rotation": [42.73421, -15.69986, 16.32495], "uv": [0, 43]},
						{"origin": [-4.5, 14.5, -6], "size": [1, 0, 3], "pivot": [-4, 14.5, -6], "rotation": [45, 0, 0], "uv": [0, 46]},
						{"origin": [-5.75, 14.5, -6], "size": [1, 0, 3], "pivot": [-4, 14.5, -6], "rotation": [42.73421, 15.69986, -16.32495], "uv": [0, 40]},
						{"origin": [-5.5, 14.5, -10], "size": [1, 0, 2], "uv": [2, 49]},
						{"origin": [-4.5, 14.5, -10], "size": [1, 0, 2], "pivot": [-4, 14.5, -8], "rotation": [-5, 0, 0], "uv": [0, 49]},
						{"origin": [-3.5, 14.5, -10], "size": [1, 0, 2], "uv": [24, 46]}
					]
				},
				{
					"name": "bone3",
					"parent": "bone7",
					"pivot": [0, 10, 0],
					"rotation": [-10, 0, 0],
					"cubes": [
						{"origin": [-2, 5, -2], "size": [4, 5, 4], "uv": [22, 56]}
					]
				},
				{
					"name": "bone4",
					"parent": "bone3",
					"pivot": [-0.5, 5, 1.5],
					"rotation": [-30, 0, 0],
					"cubes": [
						{"origin": [-1.5, 0, -1.5], "size": [3, 5, 3], "inflate": 0.001, "uv": [60, 40]}
					]
				},
				{
					"name": "bone5",
					"parent": "bone4",
					"pivot": [-0.5, 0, 1.5],
					"rotation": [-40, 0, 0],
					"cubes": [
						{"origin": [-1.5, -5, -1.5], "size": [3, 5, 3], "uv": [0, 58]}
					]
				},
				{
					"name": "bone6",
					"parent": "bone5",
					"pivot": [0, -5, 1],
					"rotation": [-6, 0, 0],
					"cubes": [
						{"origin": [-1, -10, -1], "size": [2, 5, 2], "uv": [50, 62]},
						{"origin": [-0.5, -10, -1.05], "size": [1, 5, 0], "uv": [0, 40]}
					]
				},
				{
					"name": "bone",
					"parent": "bone7",
					"pivot": [0, 10.25, 0],
					"rotation": [9.25249, 3.81024, -22.19157],
					"cubes": [
						{"origin": [1, 6.25, -1.5], "size": [3, 4, 3], "uv": [12, 62]},
						{"origin": [1, 5.25, -1.5], "size": [3, 1, 0], "pivot": [2.5, 6.25, -1.5], "rotation": [10, 0, 0], "uv": [36, 49]}
					]
				},
				{
					"name": "bone2",
					"parent": "bone7",
					"pivot": [0, 10.25, 0],
					"rotation": [9.25249, -3.81024, 22.19157],
					"cubes": [
						{"origin": [-4, 6.25, -1.5], "size": [3, 4, 3], "uv": [38, 61]},
						{"origin": [-4, 5.25, -1.5], "size": [3, 1, 0], "pivot": [-2.5, 6.25, -1.5], "rotation": [10, 0, 0], "uv": [42, 45]}
					]
				}
			]
		}
	]
}