{
	"format_version": "1.12.0",
	"minecraft:geometry": [
		{
			"description": {
				"identifier": "geometry.unknown",
				"texture_width": 32,
				"texture_height": 32,
				"visible_bounds_width": 2,
				"visible_bounds_height": 2.5,
				"visible_bounds_offset": [0, 0.75, 0]
			},
			"bones": [
				{
					"name": "body",
					"pivot": [0, 0, 0],
					"cubes": [
						{"origin": [-4, 0, -4], "size": [8, 8, 8], "uv": [0, 0]},
						{"origin": [-1, 7, -2.5], "size": [2, 3, 2], "pivot": [0, 0, 0], "rotation": [-10, 0, 0], "uv": [0, 0]},
						{"origin": [-1.5, 10, -3], "size": [3, 5, 3], "pivot": [0, 0, 0], "rotation": [-10, 0, 0], "uv": [0, 16]}
					]
				},
				{
					"name": "feet",
					"parent": "body",
					"pivot": [0, 0, 0],
					"cubes": [
						{"origin": [2, 1, -6], "size": [3, 5, 2], "pivot": [0, 0, 0], "rotation": [0, 0, 10], "uv": [12, 16]},
						{"origin": [-5, 1, -6], "size": [3, 5, 2], "pivot": [0, 0, 0], "rotation": [0, 0, -10], "uv": [20, 21]}
					]
				},
				{
					"name": "face",
					"parent": "body",
					"pivot": [0, 0, 0],
					"cubes": [
						{"origin": [-1, 4.5, -4.0005], "size": [2, 2, 1], "uv": [1, 29]},
						{"origin": [-1, 1.5, -4.001], "size": [2, 2, 1], "uv": [25, 29]},
						{"origin": [-1, 3, -4.0025], "size": [2, 2, 1], "uv": [25, 18]},
						{"origin": [-2, 2.5, -4.0015], "size": [2, 3, 1], "uv": [25, 1]},
						{"origin": [0, 2.5, -4.002], "size": [2, 3, 1], "uv": [15, 28]}
					]
				}
			]
		}
	]
}