{
	"format_version": "1.12.0",
	"minecraft:geometry": [
		{
			"description": {
				"identifier": "geometry.plush sableye",
				"texture_width": 64,
				"texture_height": 64,
				"visible_bounds_width": 2,
				"visible_bounds_height": 2.5,
				"visible_bounds_offset": [0, 0.75, 0]
			},
			"bones": [
				{
					"name": "bone3",
					"pivot": [0, 0, 3],
					"cubes": [
						{"origin": [-1, 0, -3], "size": [2, 2, 5], "pivot": [0, 0, 3], "rotation": [0, 27.5, 0], "uv": [9, 28]},
						{"origin": [-1, 0, -3], "size": [2, 2, 5], "pivot": [0, 0, 3], "rotation": [0, -32.5, 0], "uv": [28, 0]},
						{"origin": [-2, 0, 0], "size": [4, 3, 3], "pivot": [0, 2, 2], "rotation": [-7.5, 0, 0], "uv": [30, 22]},
						{"origin": [-2, 2.94867, 0], "size": [4, 3, 3], "pivot": [0, 3.96578, 2.5221], "rotation": [5, 0, 0], "uv": [30, 12]},
						{"origin": [-6.5, 1.55997, 1.1188], "size": [3, 2, 2], "pivot": [-3.77049, 2.59294, 2.28309], "rotation": [-1.08599, -41.99363, -51.17849], "uv": [21, 37]},
						{"origin": [-5.71661, 2.30165, 0.20143], "size": [1, 1, 0], "pivot": [-4.17165, 2.63164, -0.7362], "rotation": [-1.08599, -41.99363, -51.17849], "uv": [23, 39]},
						{"origin": [-7.5, 2.55997, 3.1188], "size": [1, 1, 0], "pivot": [-3.77049, 2.59294, 2.28309], "rotation": [-1.08599, -41.99363, -51.17849], "uv": [23, 39]},
						{"origin": [-7.5, 2.55997, 2.1188], "size": [1, 1, 0], "pivot": [-3.77049, 2.59294, 2.28309], "rotation": [-1.08599, -41.99363, -51.17849], "uv": [23, 39]},
						{"origin": [3.5, 1.55997, 1.1188], "size": [3, 2, 2], "pivot": [3.77049, 2.59294, 2.28309], "rotation": [-1.08599, 41.99363, 51.17849], "uv": [21, 37], "mirror": true},
						{"origin": [6.5, 2.55997, 1.1188], "size": [1, 1, 0], "pivot": [3.77049, 2.59294, 2.28309], "rotation": [-1.08599, 41.99363, 51.17849], "uv": [23, 39], "mirror": true},
						{"origin": [6.5, 2.55997, 2.1188], "size": [1, 1, 0], "pivot": [3.77049, 2.59294, 2.28309], "rotation": [-1.08599, 41.99363, 51.17849], "uv": [23, 39], "mirror": true},
						{"origin": [6.5, 2.55997, 3.1188], "size": [1, 1, 0], "pivot": [3.77049, 2.59294, 2.28309], "rotation": [-1.08599, 41.99363, 51.17849], "uv": [23, 39], "mirror": true},
						{"origin": [-6, 4.89562, 0.8192], "size": [4, 2, 2], "pivot": [-2, 5.89562, 1.82917], "rotation": [2.31336, 4.43385, -62.41043], "uv": [37, 0]},
						{"origin": [2, 4.89562, 0.8192], "size": [4, 2, 2], "pivot": [2, 5.89562, 1.82917], "rotation": [2.31336, -4.43385, 62.41043], "uv": [37, 0], "mirror": true},
						{"origin": [-0.5, 3, -0.5], "size": [1, 2, 1], "uv": [0, 3]}
					]
				},
				{
					"name": "bone6",
					"parent": "bone3",
					"pivot": [0, 5.96578, 0.5221],
					"rotation": [-2.50706, -0.32621, 2.47864],
					"cubes": [
						{"origin": [0.7, 7.3, -2.3], "size": [3, 3, 3], "pivot": [0, 3.96578, 2.5221], "rotation": [5, 0, 0], "uv": [32, 33]},
						{"origin": [-3.7, 7.3, -2.3], "size": [3, 3, 3], "pivot": [0, 3.96578, 2.5221], "rotation": [5, 0, 0], "uv": [9, 35]},
						{"origin": [4.5, 8.504, 1.60176], "size": [1, 1, 4], "pivot": [4, 8.604, 4.10176], "rotation": [22.5806, 25.46016, 1.33719], "uv": [18, 41]},
						{"origin": [4.4, 9.104, 1.60176], "size": [1, 2, 6], "pivot": [4, 8.604, 4.10176], "rotation": [56.26638, 22.80069, 4.88048], "uv": [22, 14]},
						{"origin": [-5.5, 8.504, 1.60176], "size": [1, 1, 4], "pivot": [-4, 8.604, 4.10176], "rotation": [22.5806, -25.46016, -1.33719], "uv": [42, 7]},
						{"origin": [-5.4, 9.104, 1.60176], "size": [1, 2, 6], "pivot": [-4, 8.604, 4.10176], "rotation": [56.26638, -22.80069, -4.88048], "uv": [22, 22]},
						{"origin": [-3.5, 5.94867, -2], "size": [7, 4, 6], "pivot": [0, 3.96578, 2.5221], "rotation": [5, 0, 0], "uv": [0, 10]}
					]
				}
			]
		}
	]
}