{
	"format_version": "1.12.0",
	"minecraft:geometry": [
		{
			"description": {
				"identifier": "geometry.unknown",
				"texture_width": 64,
				"texture_height": 64,
				"visible_bounds_width": 3,
				"visible_bounds_height": 2.5,
				"visible_bounds_offset": [0, 0.75, 0]
			},
			"bones": [
				{
					"name": "bone",
					"pivot": [0, 0, 0.45],
					"cubes": [
						{"origin": [-2.5, 1.45, -2.55], "size": [5, 4, 6], "pivot": [0, 3.73542, 1.64719], "rotation": [-4.5, 0, 0], "uv": [0, 0]},
						{"origin": [-1.5, 1.25491, -5.69331], "size": [3, 3, 5], "pivot": [0, 3.73542, 1.64719], "rotation": [-27.5, 0, 0], "uv": [0, 19]},
						{"origin": [-2, 5.625, -8.525], "size": [4, 2, 4], "uv": [17, 21]},
						{"origin": [0.9, 5.875, -6.15], "size": [1, 1, 3], "pivot": [2.3, 7.125, -6.025], "rotation": [0, 32.5, 0], "uv": [15, 43]},
						{"origin": [0.825, 6.15, -6.875], "size": [1, 1, 3], "pivot": [2.3, 7.125, -6.025], "rotation": [28.25, 26, 0], "uv": [39, 42]},
						{"origin": [0.825, 5.575, -6.375], "size": [1, 1, 3], "pivot": [2.3, 7.125, -6.025], "rotation": [-18.25, 26, 0], "uv": [9, 41]},
						{"origin": [-2, 4.725, -8.525], "size": [4, 1, 4], "inflate": -0.1, "uv": [0, 28]},
						{"origin": [-1.5, 5.625, -9.525], "size": [3, 2, 1], "uv": [44, 15]},
						{"origin": [-1.5, 4.725, -9.325], "size": [3, 1, 1], "inflate": -0.1, "uv": [12, 21]},
						{"origin": [1.1, 7.025, -8.325], "size": [1, 1, 3], "pivot": [1.6, 7.625, -6.575], "rotation": [5, 0, 0], "uv": [24, 43]},
						{"origin": [2.025, 6.125, -8.075], "size": [0, 1, 2], "uv": [0, 11]},
						{"origin": [2.075, 6.375, -7.825], "size": [0, 1, 1], "uv": [13, 28]},
						{"origin": [-1.825, 6.15, -6.875], "size": [1, 1, 3], "pivot": [-2.3, 7.125, -6.025], "rotation": [28.25, -26, 0], "uv": [38, 16]},
						{"origin": [-1.9, 5.875, -6.15], "size": [1, 1, 3], "pivot": [-2.3, 7.125, -6.025], "rotation": [0, -32.5, 0], "uv": [39, 25]},
						{"origin": [-1.825, 5.575, -6.375], "size": [1, 1, 3], "pivot": [-2.3, 7.125, -6.025], "rotation": [-18.25, -26, 0], "uv": [33, 40]},
						{"origin": [-2.1, 7.025, -8.325], "size": [1, 1, 3], "pivot": [-1.6, 7.625, -6.575], "rotation": [5, 0, 0], "uv": [0, 41]},
						{"origin": [-2.075, 6.375, -7.825], "size": [0, 1, 1], "uv": [0, 28]},
						{"origin": [-2.025, 6.125, -8.075], "size": [0, 1, 2], "uv": [0, 0]},
						{"origin": [-1.5, 1.5, -2.8], "size": [3, 1, 6], "uv": [17, 5]},
						{"origin": [0.875, 0.65, -2.075], "size": [2, 4, 2], "pivot": [3.25, 4, -1.85], "rotation": [-8.75, 0, -25.5], "uv": [27, 36]},
						{"origin": [2.40913, -0.07767, -2.58939], "size": [2, 1, 2], "uv": [45, 38]},
						{"origin": [2.93413, 0.12233, -3.18939], "size": [1, 0, 1], "pivot": [2.90913, -0.07767, -3.08939], "rotation": [0, -45, 0], "uv": [28, 0]},
						{"origin": [3.43413, 0.09733, -3.68939], "size": [1, 0, 1], "pivot": [2.90913, -0.07767, -3.08939], "rotation": [0, -45, 0], "uv": [0, 21]},
						{"origin": [-2.875, 0.65, -2.075], "size": [2, 4, 2], "pivot": [-3.25, 4, -1.85], "rotation": [-8.75, 0, 25.5], "uv": [18, 36]},
						{"origin": [-4.40913, -0.07767, -2.58939], "size": [2, 1, 2], "uv": [45, 33]},
						{"origin": [-3.93413, 0.12233, -3.18939], "size": [1, 0, 1], "pivot": [-2.90913, -0.07767, -3.08939], "rotation": [0, 45, 0], "uv": [17, 4]},
						{"origin": [-4.43413, 0.09733, -3.68939], "size": [1, 0, 1], "pivot": [-2.90913, -0.07767, -3.08939], "rotation": [0, 45, 0], "uv": [0, 19]},
						{"origin": [1.37752, -1.02349, 1.55812], "size": [2, 4, 2], "pivot": [0, 2.09733, 2.38561], "rotation": [3.47648, 5.76801, -24.88171], "uv": [0, 34]},
						{"origin": [2.40913, -0.07767, 1.41061], "size": [2, 1, 2], "uv": [45, 3]},
						{"origin": [2.93413, 0.12233, 0.81061], "size": [1, 0, 1], "pivot": [2.90913, -0.07767, 0.91061], "rotation": [0, -45, 0], "uv": [0, 4]},
						{"origin": [3.43413, 0.09733, 0.31061], "size": [1, 0, 1], "pivot": [2.90913, -0.07767, 0.91061], "rotation": [0, -45, 0], "uv": [0, 15]},
						{"origin": [-4.43413, 0.09733, 0.31061], "size": [1, 0, 1], "pivot": [-2.90913, -0.07767, 0.91061], "rotation": [0, 45, 0], "uv": [15, 13]},
						{"origin": [-3.93413, 0.12233, 0.81061], "size": [1, 0, 1], "pivot": [-2.90913, -0.07767, 0.91061], "rotation": [0, 45, 0], "uv": [15, 15]},
						{"origin": [-4.40913, -0.07767, 1.41061], "size": [2, 1, 2], "uv": [45, 24]},
						{"origin": [-3.37752, -1.02349, 1.55812], "size": [2, 4, 2], "pivot": [0, 2.09733, 2.38561], "rotation": [3.47648, -5.76801, 24.88171], "uv": [9, 34]},
						{"origin": [-1.64446, 2.57049, 2.11863], "size": [3, 3, 4], "pivot": [0, 4.06042, 1.64719], "rotation": [-25.97461, 10.59141, -5.11699], "uv": [30, 0]},
						{"origin": [-4.10313, 2.57049, 4.04678], "size": [3, 3, 4], "inflate": -0.2, "pivot": [0, 4.06042, 1.64719], "rotation": [-36.72029, 43.94323, -27.36759], "uv": [17, 28]},
						{"origin": [-6.88157, 4.19247, 3.22285], "size": [2, 2, 3], "pivot": [0, 4.06042, 1.64719], "rotation": [-123.5911, 64.13217, -100.35984], "uv": [30, 13]},
						{"origin": [1.58577, 3.88984, -0.12491], "size": [3, 1, 2], "pivot": [0, 3.73542, 1.64719], "rotation": [0.31889, -12.33398, -22.5811], "uv": [36, 36]},
						{"origin": [4.00546, 5.23922, -2.12491], "size": [4, 1, 6], "pivot": [0, 3.73542, 1.64719], "rotation": [-3.45899, -11.85047, -4.68754], "uv": [15, 13]},
						{"origin": [3.00546, 5.23922, 3.87509], "size": [4, 1, 2], "pivot": [0, 3.73542, 1.64719], "rotation": [-3.45899, -11.85047, -4.68754], "uv": [32, 32]},
						{"origin": [2.00546, 5.23922, 5.87509], "size": [4, 1, 1], "pivot": [0, 3.73542, 1.64719], "rotation": [-3.45899, -11.85047, -4.68754], "uv": [43, 30]},
						{"origin": [2.00546, 5.23922, -5.12491], "size": [4, 1, 1], "pivot": [0, 3.73542, 1.64719], "rotation": [-3.45899, -11.85047, -4.68754], "uv": [43, 21]},
						{"origin": [3.00546, 5.23922, -4.12491], "size": [4, 1, 2], "pivot": [0, 3.73542, 1.64719], "rotation": [-3.45899, -11.85047, -4.68754], "uv": [30, 21]},
						{"origin": [-4.58577, 3.88984, -0.12491], "size": [3, 1, 2], "pivot": [0, 3.73542, 1.64719], "rotation": [0.31889, 12.33398, 22.5811], "uv": [36, 8]},
						{"origin": [-8.00546, 5.23922, -2.12491], "size": [4, 1, 6], "pivot": [0, 3.73542, 1.64719], "rotation": [-3.45899, 11.85047, 4.68754], "uv": [0, 11]},
						{"origin": [-7.00546, 5.23922, 3.87509], "size": [4, 1, 2], "pivot": [0, 3.73542, 1.64719], "rotation": [-3.45899, 11.85047, 4.68754], "uv": [17, 0]},
						{"origin": [-6.00546, 5.23922, 5.87509], "size": [4, 1, 1], "pivot": [0, 3.73542, 1.64719], "rotation": [-3.45899, 11.85047, 4.68754], "uv": [38, 12]},
						{"origin": [-7.00546, 5.23922, -4.12491], "size": [4, 1, 2], "pivot": [0, 3.73542, 1.64719], "rotation": [-3.45899, 11.85047, 4.68754], "uv": [28, 28]},
						{"origin": [-6.00546, 5.23922, -5.12491], "size": [4, 1, 1], "pivot": [0, 3.73542, 1.64719], "rotation": [-3.45899, 11.85047, 4.68754], "uv": [41, 0]}
					]
				}
			]
		}
	]
}