{
	"format_version": "1.12.0",
	"minecraft:geometry": [
		{
			"description": {
				"identifier": "geometry.unknown",
				"texture_width": 64,
				"texture_height": 64,
				"visible_bounds_width": 5,
				"visible_bounds_height": 3.5,
				"visible_bounds_offset": [0, 1.25, 0]
			},
			"bones": [
				{
					"name": "sandyshocks",
					"pivot": [0, 0, 0]
				},
				{
					"name": "bone7",
					"parent": "sandyshocks",
					"pivot": [0, 12.8, 0]
				},
				{
					"name": "bone",
					"parent": "bone7",
					"pivot": [0, 12.8, 0],
					"rotation": [0, 90, -5],
					"cubes": [
						{"origin": [-6, -0.2, 4], "size": [2, 10, 2], "uv": [24, 30]},
						{"origin": [-6, 9.8, 4], "size": [12, 2, 2], "uv": [0, 16]},
						{"origin": [-8, -0.2, 2], "size": [6, 0, 6], "uv": [12, 20]},
						{"origin": [4, -0.2, 4], "size": [2, 10, 2], "uv": [16, 30]},
						{"origin": [2, -0.2, 2], "size": [6, 0, 6], "uv": [12, 20]}
					]
				},
				{
					"name": "bone6",
					"parent": "bone7",
					"pivot": [0, 12.8, 0],
					"rotation": [0, 90, 5],
					"cubes": [
						{"origin": [-6, -0.2, -6], "size": [2, 10, 2], "uv": [8, 26]},
						{"origin": [-6, 9.8, -6], "size": [12, 2, 2], "uv": [0, 12]},
						{"origin": [-8, -0.2, -8], "size": [6, 0, 6], "uv": [12, 20]},
						{"origin": [4, -0.2, -6], "size": [2, 10, 2], "uv": [0, 24]},
						{"origin": [2, -0.2, -8], "size": [6, 0, 6], "uv": [12, 20]}
					]
				},
				{
					"name": "bone5",
					"parent": "sandyshocks",
					"pivot": [0, 13, 0],
					"cubes": [
						{"origin": [-3, 20, -3], "size": [6, 6, 6], "uv": [40, 52]},
						{"origin": [-1, 27, -1], "size": [2, 1, 2], "uv": [40, 39]},
						{"origin": [-2.5, 28, 0], "size": [5, 7, 0], "uv": [38, 11]},
						{"origin": [-2.5, 28, 0], "size": [5, 7, 0], "pivot": [0, 13, 0], "rotation": [0, 135, 0], "uv": [38, 11]},
						{"origin": [-2.5, 28, 0], "size": [5, 7, 0], "pivot": [0, 13, 0], "rotation": [0, 45, 0], "uv": [38, 11]},
						{"origin": [-0.5, 26, -0.5], "size": [1, 1, 1], "uv": [0, 36]}
					]
				},
				{
					"name": "bone3",
					"parent": "bone5",
					"pivot": [2.5, 21, -2.75],
					"rotation": [0, -22.5, 0],
					"cubes": [
						{"origin": [1.5, 20, -4.75], "size": [2, 2, 1], "uv": [18, 42]},
						{"origin": [2, 20.5, -3.75], "size": [1, 1, 1], "uv": [10, 38]}
					]
				},
				{
					"name": "bone2",
					"parent": "bone5",
					"pivot": [-2.5, 21, -2.75],
					"rotation": [0, 22.5, 0],
					"cubes": [
						{"origin": [-3, 20.5, -3.75], "size": [1, 1, 1], "uv": [4, 36]},
						{"origin": [-3.5, 20, -4.75], "size": [2, 2, 1], "uv": [31, 41]}
					]
				},
				{
					"name": "bone4",
					"parent": "bone5",
					"pivot": [0, 23, 0],
					"rotation": [0, 0, -8],
					"cubes": [
						{"origin": [4, 22, -1], "size": [2, 2, 2], "uv": [10, 40]},
						{"origin": [4, 24, -1], "size": [6, 2, 2], "uv": [30, 0]},
						{"origin": [10, 25, -2], "size": [5, 0, 4], "pivot": [10, 25, 0], "rotation": [45, 0, 0], "uv": [24, 16]},
						{"origin": [10, 23, 0], "size": [5, 4, 0], "pivot": [10, 25, 0], "rotation": [45, 0, 0], "uv": [28, 16]},
						{"origin": [10, 21, -2], "size": [5, 0, 4], "pivot": [10, 21, 0], "rotation": [45, 0, 0], "uv": [24, 16]},
						{"origin": [10, 19, 0], "size": [5, 4, 0], "pivot": [10, 21, 0], "rotation": [45, 0, 0], "uv": [28, 16]},
						{"origin": [4, 20, -1], "size": [6, 2, 2], "uv": [16, 26]}
					]
				},
				{
					"name": "bone16",
					"parent": "bone5",
					"pivot": [0, 23, 0],
					"rotation": [180, 0, -172],
					"cubes": [
						{"origin": [4, 22, -1], "size": [2, 2, 2], "uv": [10, 40]},
						{"origin": [4, 24, -1], "size": [6, 2, 2], "uv": [30, 0]},
						{"origin": [10, 25, -2], "size": [5, 0, 4], "pivot": [10, 25, 0], "rotation": [45, 0, 0], "uv": [24, 16]},
						{"origin": [10, 23, 0], "size": [5, 4, 0], "pivot": [10, 25, 0], "rotation": [45, 0, 0], "uv": [28, 12]},
						{"origin": [10, 21, -2], "size": [5, 0, 4], "pivot": [10, 21, 0], "rotation": [45, 0, 0], "uv": [24, 16]},
						{"origin": [10, 19, 0], "size": [5, 4, 0], "pivot": [10, 21, 0], "rotation": [45, 0, 0], "uv": [28, 12]},
						{"origin": [4, 20, -1], "size": [6, 2, 2], "uv": [16, 26]}
					]
				},
				{
					"name": "bone8",
					"parent": "sandyshocks",
					"pivot": [0, 14, 4],
					"rotation": [35, 0, 0],
					"cubes": [
						{"origin": [-0.5, 12, 3.5], "size": [1, 2, 1], "uv": [0, 61]},
						{"origin": [-1, 13, 3], "size": [2, 0, 2], "uv": [2, 62]}
					]
				},
				{
					"name": "bone9",
					"parent": "bone8",
					"pivot": [0, 12, 4],
					"rotation": [22.5, 0, 0],
					"cubes": [
						{"origin": [-0.5, 10, 3.5], "size": [1, 2, 1], "uv": [0, 61]},
						{"origin": [-1, 11, 3], "size": [2, 0, 2], "uv": [2, 62]}
					]
				},
				{
					"name": "bone10",
					"parent": "bone9",
					"pivot": [0, 10, 4],
					"rotation": [22.5, 0, 0],
					"cubes": [
						{"origin": [-0.5, 8, 3.5], "size": [1, 2, 1], "uv": [0, 61]},
						{"origin": [-1, 9, 3], "size": [2, 0, 2], "uv": [2, 62]}
					]
				},
				{
					"name": "bone11",
					"parent": "bone10",
					"pivot": [0, 8, 4],
					"rotation": [10, 0, 0],
					"cubes": [
						{"origin": [-0.5, 6, 3.5], "size": [1, 2, 1], "uv": [0, 61]},
						{"origin": [-1, 7, 3], "size": [2, 0, 2], "uv": [2, 62]}
					]
				},
				{
					"name": "bone12",
					"parent": "bone11",
					"pivot": [0, 6, 4],
					"rotation": [10, 0, 0],
					"cubes": [
						{"origin": [-0.5, 4, 3.5], "size": [1, 2, 1], "uv": [0, 61]},
						{"origin": [-1, 5, 3], "size": [2, 0, 2], "uv": [2, 62]}
					]
				},
				{
					"name": "bone13",
					"parent": "bone12",
					"pivot": [0, 4, 4],
					"rotation": [5, 0, 0],
					"cubes": [
						{"origin": [-0.5, 2, 3.5], "size": [1, 2, 1], "uv": [0, 61]},
						{"origin": [-1, 3, 3], "size": [2, 0, 2], "uv": [2, 62]}
					]
				},
				{
					"name": "bone14",
					"parent": "bone13",
					"pivot": [0, 2, 4],
					"rotation": [8, 0, 0],
					"cubes": [
						{"origin": [-0.5, 0, 3.5], "size": [1, 2, 1], "uv": [0, 61]},
						{"origin": [-1, 1, 3], "size": [2, 0, 2], "uv": [2, 62]}
					]
				},
				{
					"name": "bone15",
					"parent": "bone14",
					"pivot": [0, 0, 4],
					"rotation": [10, 0, 0],
					"cubes": [
						{"origin": [-0.5, -2, 3.5], "size": [1, 2, 1], "uv": [0, 61]},
						{"origin": [-1, -1, 3], "size": [2, 0, 2], "uv": [2, 62]},
						{"origin": [-2.5, -9, 4], "size": [5, 7, 0], "uv": [48, 11]},
						{"origin": [-2.5, -9, 4], "size": [5, 7, 0], "pivot": [0, -24, 4], "rotation": [0, 45, 0], "uv": [48, 11]},
						{"origin": [-2.5, -9, 4], "size": [5, 7, 0], "pivot": [0, -24, 4], "rotation": [0, 135, 0], "uv": [48, 11]}
					]
				},
				{
					"name": "bone17",
					"parent": "sandyshocks",
					"pivot": [-3.5, 21, 0],
					"rotation": [0, 0, 10],
					"cubes": [
						{"origin": [-6.5, 13, -3], "size": [6, 6, 6], "uv": [0, 0]}
					]
				},
				{
					"name": "bone18",
					"parent": "bone17",
					"pivot": [-1, 14, -2.75],
					"rotation": [0, -22.5, 0],
					"cubes": [
						{"origin": [-2, 13, -4.75], "size": [2, 2, 1], "uv": [18, 42]},
						{"origin": [-1.5, 13.5, -3.75], "size": [1, 1, 1], "uv": [10, 38]}
					]
				},
				{
					"name": "bone19",
					"parent": "bone17",
					"pivot": [-6, 14, -2.75],
					"rotation": [0, 22.5, 0],
					"cubes": [
						{"origin": [-6.5, 13.5, -3.75], "size": [1, 1, 1], "uv": [4, 36]},
						{"origin": [-7, 13, -4.75], "size": [2, 2, 1], "uv": [31, 41]}
					]
				},
				{
					"name": "bone20",
					"parent": "sandyshocks",
					"pivot": [3.5, 21, 0],
					"rotation": [0, 0, -10],
					"cubes": [
						{"origin": [0.5, 13, -3], "size": [6, 6, 6], "uv": [0, 0]}
					]
				},
				{
					"name": "bone21",
					"parent": "bone20",
					"pivot": [6, 14, -2.75],
					"rotation": [0, -22.5, 0],
					"cubes": [
						{"origin": [5, 13, -4.75], "size": [2, 2, 1], "uv": [18, 42]},
						{"origin": [5.5, 13.5, -3.75], "size": [1, 1, 1], "uv": [10, 38]}
					]
				},
				{
					"name": "bone22",
					"parent": "bone20",
					"pivot": [1, 14, -2.75],
					"rotation": [0, 22.5, 0],
					"cubes": [
						{"origin": [0.5, 13.5, -3.75], "size": [1, 1, 1], "uv": [4, 36]},
						{"origin": [0, 13, -4.75], "size": [2, 2, 1], "uv": [31, 41]}
					]
				}
			]
		}
	]
}