{
	"format_version": "1.12.0",
	"minecraft:geometry": [
		{
			"description": {
				"identifier": "geometry.unknown",
				"texture_width": 64,
				"texture_height": 64,
				"visible_bounds_width": 2,
				"visible_bounds_height": 2.5,
				"visible_bounds_offset": [0, 0.75, 0]
			},
			"bones": [
				{
					"name": "sandshrew_plushie",
					"pivot": [0, 0, 0],
					"cubes": [
						{"origin": [-2.5, 7.31581, -4.33531], "size": [5, 5, 6], "pivot": [0, 9.51581, -1.26031], "rotation": [13, 0, 0], "uv": [0, 15]},
						{"origin": [2.55, 9.16596, -4.00053], "size": [0, 2, 3], "pivot": [2.55, 10.16596, -2.00053], "rotation": [32.25, 0, 0], "uv": [37, 35]},
						{"origin": [-2.55, 9.16596, -4.00053], "size": [0, 2, 3], "pivot": [-2.55, 10.16596, -2.00053], "rotation": [32.25, 0, 0], "uv": [18, 37]},
						{"origin": [1.25, 10.23999, -1.57577], "size": [2, 3, 2], "pivot": [2.5, 11.73999, -1.85077], "rotation": [24.71911, -6.16185, 27.88062], "uv": [31, 32]},
						{"origin": [1.75, 13.23999, -1.57577], "size": [1, 1, 2], "pivot": [2.5, 11.73999, -1.85077], "rotation": [24.71911, -6.16185, 27.88062], "uv": [40, 31]},
						{"origin": [-2.75, 13.23999, -1.57577], "size": [1, 1, 2], "pivot": [-2.5, 11.73999, -1.85077], "rotation": [24.71911, 6.16185, -27.88062], "uv": [32, 39]},
						{"origin": [-3.25, 10.23999, -1.57577], "size": [2, 3, 2], "pivot": [-2.5, 11.73999, -1.85077], "rotation": [24.71911, 6.16185, -27.88062], "uv": [22, 32]},
						{"origin": [-2, 7.31581, -5.33531], "size": [4, 4, 1], "pivot": [0, 9.51581, -1.26031], "rotation": [13, 0, 0], "uv": [32, 7]},
						{"origin": [-1.5, 6.31581, -4.83531], "size": [3, 1, 2], "pivot": [0, 9.51581, -1.26031], "rotation": [13, 0, 0], "uv": [0, 35]},
						{"origin": [-3, 0.075, -3], "size": [6, 8, 6], "pivot": [0, 3.575, 0], "rotation": [3, 0, 0], "uv": [0, 0]},
						{"origin": [-1.5, 1.40651, 1.98433], "size": [3, 3, 3], "pivot": [0, 3.83535, 5.29714], "rotation": [21.75, 0, 0], "uv": [25, 0]},
						{"origin": [-1, 2.26419, 3.90721], "size": [2, 2, 3], "pivot": [0, 3.83535, 5.29714], "rotation": [53.25, 0, 0], "uv": [30, 20]},
						{"origin": [-0.5, 1.84272, 5.68317], "size": [1, 1, 2], "pivot": [0, 3.83535, 5.29714], "rotation": [96, 0, 0], "uv": [0, 39]},
						{"origin": [2, 4.61751, -3.58665], "size": [2, 2, 4], "pivot": [3, 5.61751, -2.08665], "rotation": [18.72973, -18.30021, -6.07701], "uv": [9, 30]},
						{"origin": [1.69704, 3.66025, -4.57713], "size": [2, 2, 2], "pivot": [2.69704, 4.66025, -5.07713], "rotation": [18.65189, 17.58977, 5.82438], "uv": [9, 37]},
						{"origin": [-3.69704, 3.66025, -4.57713], "size": [2, 2, 2], "pivot": [-2.69704, 4.66025, -5.07713], "rotation": [18.65189, -17.58977, -5.82438], "uv": [35, 26]},
						{"origin": [-4, 4.61751, -3.58665], "size": [2, 2, 4], "pivot": [-3, 5.61751, -2.08665], "rotation": [18.72973, 18.30021, 6.07701], "uv": [0, 27]},
						{"origin": [2.92204, 4.63645, -5.72956], "size": [0, 1, 1], "pivot": [2.69704, 5.13645, -5.22956], "rotation": [-3.54918, 25.18815, -50.6297], "uv": [0, 18]},
						{"origin": [3.27204, 4.26145, -5.72956], "size": [0, 1, 1], "pivot": [2.69704, 5.13645, -5.22956], "rotation": [15.60891, 20.32071, -3.52231], "uv": [17, 15]},
						{"origin": [3.5924, 3.51124, -5.83462], "size": [0, 1, 1], "pivot": [3.2924, 4.81124, -5.33462], "rotation": [24.75722, -5.96143, 60.35399], "uv": [3, 15]},
						{"origin": [-3.5924, 3.51124, -5.83462], "size": [0, 1, 1], "pivot": [-3.2924, 4.81124, -5.33462], "rotation": [24.75722, 5.96143, -60.35399], "uv": [0, 0]},
						{"origin": [-3.27204, 4.26145, -5.72956], "size": [0, 1, 1], "pivot": [-2.69704, 5.13645, -5.22956], "rotation": [15.60891, -20.32071, 3.52231], "uv": [2, 2]},
						{"origin": [-2.92204, 4.63645, -5.72956], "size": [0, 1, 1], "pivot": [-2.69704, 5.13645, -5.22956], "rotation": [-3.54918, -25.18815, 50.6297], "uv": [0, 15]},
						{"origin": [1.5, 0, -4.425], "size": [3, 4, 5], "pivot": [0, 0, 0], "rotation": [0, -11, 0], "uv": [18, 22]},
						{"origin": [2, 1.25, -6.125], "size": [2, 3, 1], "pivot": [0, 0, 0], "rotation": [16, -11, 0], "uv": [25, 38]},
						{"origin": [3.17732, 2.22771, -6.53775], "size": [1, 1, 0], "pivot": [3.82732, 2.87771, -6.53775], "rotation": [18.05744, -7.02907, -13.06765], "uv": [19, 0]},
						{"origin": [4.42732, 2.45271, -6.53775], "size": [1, 1, 0], "pivot": [3.82732, 2.87771, -6.53775], "rotation": [12.9151, -14.51294, 13.89925], "uv": [17, 18]},
						{"origin": [-5.42732, 2.45271, -6.53775], "size": [1, 1, 0], "pivot": [-3.82732, 2.87771, -6.53775], "rotation": [12.9151, 14.51294, -13.89925], "uv": [3, 0]},
						{"origin": [-4.17732, 2.22771, -6.53775], "size": [1, 1, 0], "pivot": [-3.82732, 2.87771, -6.53775], "rotation": [18.05744, 7.02907, 13.06765], "uv": [3, 18]},
						{"origin": [2, 1.25, -5.125], "size": [2, 2, 2], "pivot": [0, 0, 0], "rotation": [16, -11, 0], "uv": [38, 0]},
						{"origin": [-4.5, 0, -4.425], "size": [3, 4, 5], "pivot": [0, 0, 0], "rotation": [0, 11, 0], "uv": [20, 10]},
						{"origin": [-4, 1.25, -5.125], "size": [2, 2, 2], "pivot": [0, 0, 0], "rotation": [16, 11, 0], "uv": [37, 13]},
						{"origin": [-4, 1.25, -6.125], "size": [2, 3, 1], "pivot": [0, 0, 0], "rotation": [16, 11, 0], "uv": [38, 18]}
					]
				}
			]
		}
	]
}