{
	"format_version": "1.12.0",
	"minecraft:geometry": [
		{
			"description": {
				"identifier": "geometry.unknown",
				"texture_width": 128,
				"texture_height": 128,
				"visible_bounds_width": 3,
				"visible_bounds_height": 2.5,
				"visible_bounds_offset": [0, 0.75, 0]
			},
			"bones": [
				{
					"name": "sandslash_plushie",
					"pivot": [0, 0, 0],
					"cubes": [
						{"origin": [-2.5, 9.51581, -4.56031], "size": [5, 5, 6], "pivot": [0, 11.71581, -1.48531], "rotation": [13, 0, 0], "uv": [0, 13]},
						{"origin": [-1, 14.13941, -5.2751], "size": [2, 1, 1], "pivot": [0, 14.68941, -3.2751], "rotation": [39.75, 0, 0], "uv": [41, 34]},
						{"origin": [-1.5, 13.63941, -4.2751], "size": [3, 2, 2], "pivot": [0, 14.68941, -3.2751], "rotation": [39.75, 0, 0], "uv": [57, 17]},
						{"origin": [-1, 14.13941, -2.2751], "size": [2, 1, 1], "pivot": [0, 14.68941, -3.2751], "rotation": [39.75, 0, 0], "uv": [36, 9]},
						{"origin": [-0.5, 14.13941, -1.2751], "size": [1, 1, 1], "pivot": [0, 14.68941, -3.2751], "rotation": [39.75, 0, 0], "uv": [0, 38]},
						{"origin": [2.90391, 17.25508, -1.94379], "size": [2, 1, 2], "pivot": [2.57891, 16.45508, 1.55621], "rotation": [71.39555, -2.92492, 46.47916], "uv": [7, 61]},
						{"origin": [2.40391, 16.75508, 0.05621], "size": [3, 2, 2], "pivot": [2.57891, 16.45508, 1.55621], "rotation": [71.39555, -2.92492, 46.47916], "uv": [52, 25]},
						{"origin": [3.40391, 17.25508, 4.05621], "size": [1, 1, 1], "pivot": [2.57891, 16.45508, 1.55621], "rotation": [71.39555, -2.92492, 46.47916], "uv": [0, 35]},
						{"origin": [2.90391, 17.25508, 2.05621], "size": [2, 1, 2], "pivot": [2.57891, 16.45508, 1.55621], "rotation": [71.39555, -2.92492, 46.47916], "uv": [61, 13]},
						{"origin": [-4.90391, 17.25508, -1.94379], "size": [2, 1, 2], "pivot": [-2.57891, 16.45508, 1.55621], "rotation": [71.39555, 2.92492, -46.47916], "uv": [48, 0]},
						{"origin": [-5.40391, 16.75508, 0.05621], "size": [3, 2, 2], "pivot": [-2.57891, 16.45508, 1.55621], "rotation": [71.39555, 2.92492, -46.47916], "uv": [12, 28]},
						{"origin": [-4.90391, 17.25508, 2.05621], "size": [2, 1, 2], "pivot": [-2.57891, 16.45508, 1.55621], "rotation": [71.39555, 2.92492, -46.47916], "uv": [0, 59]},
						{"origin": [-4.40391, 17.25508, 4.05621], "size": [1, 1, 1], "pivot": [-2.57891, 16.45508, 1.55621], "rotation": [71.39555, 2.92492, -46.47916], "uv": [30, 31]},
						{"origin": [-1.5, 8.7546, -6.68559], "size": [3, 2, 3], "pivot": [0, 10.0046, -5.78559], "rotation": [40, 0, 0], "uv": [56, 7]},
						{"origin": [-1, 8.0046, -6.18559], "size": [2, 1, 2], "pivot": [0, 10.0046, -5.78559], "rotation": [40, 0, 0], "uv": [16, 61]},
						{"origin": [-3, 0.075, -3], "size": [6, 6, 6], "pivot": [0, 4.575, 0], "rotation": [3, 0, 0], "uv": [0, 0]},
						{"origin": [-2.5, 5.075, -2.5], "size": [5, 4, 5], "pivot": [0, 4.575, 0], "rotation": [3, 0, 0], "uv": [20, 8]},
						{"origin": [-1, 7.075, 2.5], "size": [2, 2, 5], "pivot": [0, 4.575, 0], "rotation": [3, 0, 0], "uv": [47, 17]},
						{"origin": [-1, 4.6, 2.15], "size": [2, 2, 7], "pivot": [0, 4.575, 0], "rotation": [-6.25, 0, 0], "uv": [16, 18]},
						{"origin": [0.475, 3.5, 2.15], "size": [2, 2, 5], "pivot": [0, 4.575, 0], "rotation": [-6.35558, 10.43689, -1.15592], "uv": [42, 26]},
						{"origin": [-0.375, 6.5, 2.15], "size": [2, 2, 6], "pivot": [0, 4.575, 0], "rotation": [-6.48392, 15.40558, -1.72932], "uv": [30, 22]},
						{"origin": [-1.625, 6.5, 2.15], "size": [2, 2, 6], "pivot": [0, 4.575, 0], "rotation": [-6.48392, -15.40558, 1.72932], "uv": [19, 28]},
						{"origin": [-2.475, 3.5, 2.15], "size": [2, 2, 5], "pivot": [0, 4.575, 0], "rotation": [-6.35558, -10.43689, 1.15592], "uv": [34, 40]},
						{"origin": [-1, 13.92366, 0.34596], "size": [2, 2, 6], "pivot": [0, 14.32366, 4.49596], "rotation": [34.75, 0, 0], "uv": [35, 12]},
						{"origin": [-1, 13.95133, -1.10593], "size": [2, 2, 5], "pivot": [0, 14.87633, 0.29407], "rotation": [55.5, 0, 0], "uv": [15, 46]},
						{"origin": [-1, 10.27777, -0.52204], "size": [2, 2, 7], "pivot": [0, 11.32777, 4.65296], "rotation": [18.75, 0, 0], "uv": [0, 25]},
						{"origin": [0.98293, 7.31893, 1.14167], "size": [2, 2, 6], "pivot": [0, 8.63151, 2.83264], "rotation": [1.75112, 37.01243, -10.42766], "uv": [0, 35]},
						{"origin": [0.98293, 2.67176, 4.36106], "size": [2, 2, 4], "pivot": [0, 8.63151, 2.83264], "rotation": [-23.24888, 37.01243, -10.42766], "uv": [54, 30]},
						{"origin": [0.98293, 5.3245, 3.75714], "size": [2, 2, 5], "pivot": [0, 8.63151, 2.83264], "rotation": [-13.99888, 37.01243, -10.42766], "uv": [44, 43]},
						{"origin": [0.98293, 9.56983, 3.53797], "size": [2, 2, 5], "pivot": [0, 8.63151, 2.83264], "rotation": [17.75112, 37.01243, -10.42766], "uv": [46, 9]},
						{"origin": [0.98293, 11.01374, 4.52268], "size": [2, 2, 4], "pivot": [0, 8.63151, 2.83264], "rotation": [38.50112, 37.01243, -10.42766], "uv": [54, 54]},
						{"origin": [1.53293, 11.13874, 4.52268], "size": [2, 2, 4], "pivot": [0, 8.63151, 2.83264], "rotation": [31.44775, 55.44662, 2.7997], "uv": [0, 52]},
						{"origin": [-3.53293, 11.13874, 4.52268], "size": [2, 2, 4], "pivot": [0, 8.63151, 2.83264], "rotation": [31.44775, -55.44662, -2.7997], "uv": [45, 51]},
						{"origin": [-2.98293, 7.31893, 1.14167], "size": [2, 2, 6], "pivot": [0, 8.63151, 2.83264], "rotation": [1.75112, -37.01243, 10.42766], "uv": [30, 31]},
						{"origin": [-2.98293, 2.67176, 4.36106], "size": [2, 2, 4], "pivot": [0, 8.63151, 2.83264], "rotation": [-23.24888, -37.01243, 10.42766], "uv": [53, 0]},
						{"origin": [-2.98293, 5.3245, 3.75714], "size": [2, 2, 5], "pivot": [0, 8.63151, 2.83264], "rotation": [-13.99888, -37.01243, 10.42766], "uv": [0, 44]},
						{"origin": [-2.98293, 9.56983, 3.53797], "size": [2, 2, 5], "pivot": [0, 8.63151, 2.83264], "rotation": [17.75112, -37.01243, 10.42766], "uv": [44, 35]},
						{"origin": [-2.98293, 11.01374, 4.52268], "size": [2, 2, 4], "pivot": [0, 8.63151, 2.83264], "rotation": [38.50112, -37.01243, 10.42766], "uv": [13, 54]},
						{"origin": [-2, 8.525, -2.125], "size": [4, 2, 3], "pivot": [0, 4.275, 0.775], "rotation": [3, 0, 0], "uv": [19, 0]},
						{"origin": [-1.5, -0.30024, 2.36265], "size": [3, 3, 4], "pivot": [0, 2.04265, 6.29048], "rotation": [-20.25, 0, 0], "uv": [30, 48]},
						{"origin": [-1, 0.33811, 4.95371], "size": [2, 2, 3], "pivot": [0, 2.04265, 6.29048], "rotation": [11.25, 0, 0], "uv": [11, 35]},
						{"origin": [-0.5, 0.36599, 7.52501], "size": [1, 1, 2], "pivot": [0, 2.04265, 6.29048], "rotation": [27, 0, 0], "uv": [61, 23]},
						{"origin": [5.54791, 4.61325, -2.6217], "size": [1, 2, 4], "pivot": [4.2645, 5.33794, -3.15039], "rotation": [46.28336, -37.2137, -34.68948], "uv": [55, 47]},
						{"origin": [4.05882, 4.14181, -4.24908], "size": [2, 3, 3], "pivot": [4.2645, 5.33794, -3.15039], "rotation": [35.55119, -8.12025, -8.13993], "uv": [37, 56]},
						{"origin": [4.87472, 5.74181, -5.54569], "size": [1, 1, 2], "pivot": [4.2645, 5.33794, -3.15039], "rotation": [35.56005, 8.20664, 3.45073], "uv": [48, 59]},
						{"origin": [4.87472, 4.44181, -5.54569], "size": [1, 1, 2], "pivot": [4.2645, 5.33794, -3.15039], "rotation": [35.56005, 8.20664, 3.45073], "uv": [22, 54]},
						{"origin": [5.85107, 4.44181, -5.43096], "size": [1, 1, 1], "pivot": [4.2645, 5.33794, -3.15039], "rotation": [42.49713, 31.5654, 23.24775], "uv": [0, 13]},
						{"origin": [5.85107, 5.74181, -5.43096], "size": [1, 1, 1], "pivot": [4.2645, 5.33794, -3.15039], "rotation": [42.49713, 31.5654, 23.24775], "uv": [0, 16]},
						{"origin": [-5.87472, 4.44181, -5.54569], "size": [1, 1, 2], "pivot": [-4.2645, 5.33794, -3.15039], "rotation": [35.56005, -8.20664, -3.45073], "uv": [34, 0]},
						{"origin": [-6.85107, 5.74181, -5.43096], "size": [1, 1, 1], "pivot": [-4.2645, 5.33794, -3.15039], "rotation": [42.49713, -31.5654, -23.24775], "uv": [0, 0]},
						{"origin": [-5.87472, 5.74181, -5.54569], "size": [1, 1, 2], "pivot": [-4.2645, 5.33794, -3.15039], "rotation": [35.56005, -8.20664, -3.45073], "uv": [9, 52]},
						{"origin": [-6.85107, 4.44181, -5.43096], "size": [1, 1, 1], "pivot": [-4.2645, 5.33794, -3.15039], "rotation": [42.49713, -31.5654, -23.24775], "uv": [0, 3]},
						{"origin": [-6.05882, 4.14181, -4.24908], "size": [2, 3, 3], "pivot": [-4.2645, 5.33794, -3.15039], "rotation": [35.55119, 8.12025, 8.13993], "uv": [26, 56]},
						{"origin": [-6.54791, 4.61325, -2.6217], "size": [1, 2, 4], "pivot": [-4.2645, 5.33794, -3.15039], "rotation": [46.28336, 37.2137, 34.68948], "uv": [55, 39]},
						{"origin": [0.75, 0, -4.425], "size": [3, 3, 5], "pivot": [-0.75, 0, 0], "rotation": [0, -11, 0], "uv": [17, 37]},
						{"origin": [1.25, 1.25, -6.125], "size": [2, 3, 1], "pivot": [-0.75, 0, 0], "rotation": [16, -11, 0], "uv": [28, 18]},
						{"origin": [2.42732, 2.22771, -6.53775], "size": [1, 2, 0], "pivot": [3.07732, 2.87771, -6.53775], "rotation": [18.05744, -7.02907, -13.06765], "uv": [19, 0]},
						{"origin": [3.67732, 2.45271, -6.53775], "size": [1, 2, 0], "pivot": [3.07732, 2.87771, -6.53775], "rotation": [12.9151, -14.51294, 13.89925], "uv": [17, 17]},
						{"origin": [-4.67732, 2.45271, -6.53775], "size": [1, 2, 0], "pivot": [-3.07732, 2.87771, -6.53775], "rotation": [12.9151, 14.51294, -13.89925], "uv": [17, 13]},
						{"origin": [-3.42732, 2.22771, -6.53775], "size": [1, 2, 0], "pivot": [-3.07732, 2.87771, -6.53775], "rotation": [18.05744, 7.02907, 13.06765], "uv": [17, 15]},
						{"origin": [1.25, 1.25, -5.125], "size": [2, 2, 2], "pivot": [-0.75, 0, 0], "rotation": [16, -11, 0], "uv": [25, 46]},
						{"origin": [-3.75, 0, -4.425], "size": [3, 3, 5], "pivot": [0.75, 0, 0], "rotation": [0, 11, 0], "uv": [36, 0]},
						{"origin": [-3.25, 1.25, -5.125], "size": [2, 2, 2], "pivot": [0.75, 0, 0], "rotation": [16, 11, 0], "uv": [10, 44]},
						{"origin": [-3.25, 1.25, -6.125], "size": [2, 3, 1], "pivot": [0.75, 0, 0], "rotation": [16, 11, 0], "uv": [0, 25]}
					]
				}
			]
		}
	]
}