{
	"format_version": "1.12.0",
	"minecraft:geometry": [
		{
			"description": {
				"identifier": "geometry.unknown",
				"texture_width": 64,
				"texture_height": 64,
				"visible_bounds_width": 4,
				"visible_bounds_height": 2.5,
				"visible_bounds_offset": [0, 0.75, 0]
			},
			"bones": [
				{
					"name": "bone14",
					"pivot": [0, 0, 0],
					"cubes": [
						{"origin": [-6.75, 8, 1], "size": [4, 4, 0], "pivot": [-5, 10, 1], "rotation": [-9.25249, -3.81024, -22.19157], "uv": [0, 24]},
						{"origin": [2.75, 8, 1], "size": [4, 4, 0], "pivot": [5, 10, 1], "rotation": [-9.25249, 3.81024, 22.19157], "uv": [0, 20]},
						{"origin": [5, 3, -0.5], "size": [3, 3, 3], "pivot": [5, 6, 1], "rotation": [0, 0, 20], "uv": [16, 40]},
						{"origin": [-8, 3, -0.5], "size": [3, 3, 3], "pivot": [-5, 6, 1], "rotation": [0, 0, -20], "uv": [16, 20]}
					]
				},
				{
					"name": "bone5",
					"parent": "bone14",
					"pivot": [0, 10, -2],
					"rotation": [-35, 0, 0],
					"cubes": [
						{"origin": [-3, 10, -2], "size": [6, 6, 6], "uv": [24, 20]}
					]
				},
				{
					"name": "bone6",
					"parent": "bone5",
					"pivot": [0, 16, -1],
					"rotation": [-45, 0, 0],
					"cubes": [
						{"origin": [-2, 16, -1], "size": [4, 4, 4], "inflate": 0.001, "uv": [40, 8]}
					]
				},
				{
					"name": "bone7",
					"parent": "bone6",
					"pivot": [0, 20, -1],
					"rotation": [-45, 0, 0],
					"cubes": [
						{"origin": [-2, 20, -1], "size": [4, 4, 4], "uv": [0, 40]},
						{"origin": [0, 20, -4], "size": [0, 4, 3], "uv": [0, 0]}
					]
				},
				{
					"name": "bone8",
					"parent": "bone7",
					"pivot": [0, 24, -1],
					"rotation": [-22.5, 0, 0],
					"cubes": [
						{"origin": [-2, 24, -1], "size": [4, 4, 4], "inflate": 0.001, "uv": [32, 32]}
					]
				},
				{
					"name": "bone9",
					"parent": "bone8",
					"pivot": [0, 28, 3],
					"rotation": [9, 0, 0],
					"cubes": [
						{"origin": [-2, 28, -1], "size": [4, 4, 4], "uv": [16, 32]},
						{"origin": [0, 28, -3], "size": [0, 4, 2], "uv": [6, 0]}
					]
				},
				{
					"name": "bone10",
					"parent": "bone9",
					"pivot": [0, 32, 3],
					"rotation": [5, 0, 0],
					"cubes": [
						{"origin": [-2, 32, -1], "size": [4, 4, 4], "inflate": 0.001, "uv": [0, 32]}
					]
				},
				{
					"name": "bone11",
					"parent": "bone10",
					"pivot": [0, 36, 3],
					"rotation": [22.5, 0, 0],
					"cubes": [
						{"origin": [-2, 36, -1], "size": [4, 4, 4], "uv": [30, 0]}
					]
				},
				{
					"name": "bone12",
					"parent": "bone11",
					"pivot": [0, 40, 3],
					"rotation": [27.5, 0, 0],
					"cubes": [
						{"origin": [-2, 40, -5], "size": [4, 4, 8], "inflate": 0.001, "uv": [0, 20]}
					]
				},
				{
					"name": "bone13",
					"parent": "bone14",
					"pivot": [5, 8, -3],
					"cubes": [
						{"origin": [-8, 7, -3], "size": [4, 2, 0], "pivot": [-5, 8, -3], "rotation": [0, 22.5, 22.5], "uv": [0, 0]},
						{"origin": [-5, 0, -4], "size": [10, 10, 10], "uv": [0, 0]},
						{"origin": [4, 7, -3], "size": [4, 2, 0], "pivot": [5, 8, -3], "rotation": [0, -22.5, -22.5], "uv": [0, 7]}
					]
				},
				{
					"name": "bone3",
					"parent": "bone14",
					"pivot": [0, 5, -4],
					"rotation": [0, 0, -5],
					"cubes": [
						{"origin": [-4, 4, -4.025], "size": [3, 3, 0], "uv": [40, 16]},
						{"origin": [-5, 7, -4.025], "size": [3, 1, 0], "pivot": [-2.5, 7, -4], "rotation": [22.5, 0, 0], "uv": [0, 9]}
					]
				},
				{
					"name": "bone4",
					"parent": "bone14",
					"pivot": [0, 5, -4],
					"rotation": [0, 0, 5],
					"cubes": [
						{"origin": [1, 4, -4.025], "size": [3, 3, 0], "uv": [12, 40]},
						{"origin": [2, 7, -4.025], "size": [3, 1, 0], "pivot": [2.5, 7, -4], "rotation": [22.5, 0, 0], "uv": [0, 2]}
					]
				},
				{
					"name": "bone",
					"parent": "bone14",
					"pivot": [0, 0, 0],
					"cubes": [
						{"origin": [3.5, 0, -5], "size": [1, 1, 1], "uv": [16, 26]},
						{"origin": [3, 0, -6], "size": [2, 3, 1], "uv": [28, 32]}
					]
				},
				{
					"name": "bone2",
					"parent": "bone14",
					"pivot": [0, 0, 0],
					"cubes": [
						{"origin": [-4.5, 0, -5], "size": [1, 1, 1], "uv": [25, 20]},
						{"origin": [-5, 0, -6], "size": [2, 3, 1], "uv": [12, 32]}
					]
				}
			]
		}
	]
}