{
	"format_version": "1.12.0",
	"minecraft:geometry": [
		{
			"description": {
				"identifier": "geometry.unknown",
				"texture_width": 64,
				"texture_height": 64,
				"visible_bounds_width": 3,
				"visible_bounds_height": 2.5,
				"visible_bounds_offset": [0, 0.75, 0]
			},
			"bones": [
				{
					"name": "bone4",
					"pivot": [-2, 0, 0],
					"cubes": [
						{"origin": [0, 7, 0], "size": [3, 6, 0], "pivot": [2, 7, 0], "rotation": [22.5, 0, 22.5], "uv": [0, 0]},
						{"origin": [-3, 7, 0], "size": [3, 6, 0], "pivot": [-2, 7, 0], "rotation": [22.5, 0, -22.5], "uv": [0, 14]},
						{"origin": [2, 0, -5], "size": [2, 1, 3], "pivot": [3, 0, -3], "rotation": [0, -30, 0], "uv": [18, 0]},
						{"origin": [-4, 0, -5], "size": [2, 1, 3], "pivot": [-3, 0, -3], "rotation": [0, 30, 0], "uv": [24, 4]},
						{"origin": [-3, 0, -3], "size": [6, 8, 6], "uv": [0, 0]},
						{"origin": [-1, 5.5, -3.02], "size": [2, 1, 0], "uv": [0, 25]},
						{"origin": [-1, 5, -3.021], "size": [2, 1, 0], "uv": [18, 25]}
					]
				},
				{
					"name": "bone",
					"parent": "bone4",
					"pivot": [0, 2, 2.6],
					"rotation": [17.5, 0, 0],
					"cubes": [
						{"origin": [-1, 0.5, 2.6], "size": [2, 3, 1], "uv": [24, 18]},
						{"origin": [-2, 0, 3.2], "size": [4, 4, 7], "pivot": [0, 2, 3.6], "rotation": [18, 0, 0], "uv": [0, 14]}
					]
				},
				{
					"name": "bone2",
					"parent": "bone4",
					"pivot": [2, 6, 0],
					"rotation": [0, 0, -22.5],
					"cubes": [
						{"origin": [2, 2, -2.5], "size": [1, 4, 5], "uv": [17, 20]},
						{"origin": [2, 1, -1], "size": [1, 1, 2], "uv": [24, 22]}
					]
				},
				{
					"name": "bone3",
					"parent": "bone4",
					"pivot": [-2, 6, 0],
					"rotation": [0, 0, 22.5],
					"cubes": [
						{"origin": [-3, 2, -2.5], "size": [1, 4, 5], "uv": [19, 9]},
						{"origin": [-3, 1, -1], "size": [1, 1, 2], "uv": [15, 16]}
					]
				}
			]
		}
	]
}