{
	"format_version": "1.12.0",
	"minecraft:geometry": [
		{
			"description": {
				"identifier": "geometry.unknown",
				"texture_width": 64,
				"texture_height": 64,
				"visible_bounds_width": 2,
				"visible_bounds_height": 2.5,
				"visible_bounds_offset": [0, 0.75, 0]
			},
			"bones": [
				{
					"name": "bone",
					"pivot": [0, 0, 0],
					"cubes": [
						{"origin": [-2, 0, -2], "size": [4, 5, 4], "uv": [0, 55]},
						{"origin": [-5, 0, -5], "size": [10, 0, 10], "uv": [0, 35]},
						{"origin": [-3.5, 6, -2.5], "size": [7, 5, 5], "uv": [0, 45]},
						{"origin": [-2.5, 10.4, -0.5], "size": [5, 6, 0], "pivot": [0, 11, 0], "rotation": [-22.5, 0, 0], "uv": [16, 55]},
						{"origin": [-1, 5, -1], "size": [2, 2, 2], "uv": [0, 35]}
					]
				}
			]
		}
	]
}