{
	"format_version": "1.12.0",
	"minecraft:geometry": [
		{
			"description": {
				"identifier": "geometry.unknown",
				"texture_width": 32,
				"texture_height": 32,
				"visible_bounds_width": 2,
				"visible_bounds_height": 2.5,
				"visible_bounds_offset": [0, 0.75, 0]
			},
			"bones": [
				{
					"name": "Torso",
					"pivot": [-0.5, 0, -1.75],
					"cubes": [
						{"origin": [-2, 0, -2.75], "size": [4, 3, 5], "uv": [0, 11]},
						{"origin": [0, 1.5, 1.25], "size": [0, 3, 5], "pivot": [-0.5, 3, 2.25], "rotation": [37.5, 0, 0], "uv": [13, 6]},
						{"origin": [-1.5, 5.25, 2.2], "size": [3, 4, 3], "uv": [15, 16]},
						{"origin": [1, 8.25, 3.7], "size": [1, 3, 0], "pivot": [1.5, 9.25, 3.75], "rotation": [0, 0, 45], "uv": [10, 19]},
						{"origin": [-0.5, 9.25, 3.7], "size": [1, 3, 0], "uv": [2, 11]},
						{"origin": [-2, 8.25, 3.7], "size": [1, 3, 0], "pivot": [-1.5, 9.25, 3.75], "rotation": [0, 0, -45], "uv": [0, 11]},
						{"origin": [-3, 0, -2.75], "size": [2, 1, 1], "pivot": [-2, 0, -2.25], "rotation": [0, -45, 0], "uv": [19, 3]},
						{"origin": [1, 0, -2.75], "size": [2, 1, 1], "pivot": [2, 0, -2.25], "rotation": [0, 45, 0], "uv": [13, 14]},
						{"origin": [2, 0, 1.25], "size": [1, 1, 1], "uv": [0, 2]},
						{"origin": [-3, 0, 1.25], "size": [1, 1, 1], "uv": [0, 0]}
					]
				},
				{
					"name": "Head",
					"parent": "Torso",
					"pivot": [0, 2.5, -2.15],
					"rotation": [10, 0, 0],
					"cubes": [
						{"origin": [-3.5, 2.5, -4.15], "size": [7, 6, 5], "uv": [0, 0]},
						{"origin": [-0.5, 4.25, -4.25], "size": [1, 1, 0], "uv": [2, 25]},
						{"origin": [-0.5, 3.75, -4.275], "size": [1, 1, 1], "uv": [-1, 25]},
						{"origin": [0.5, 2.5, -4.25], "size": [1, 1, 0], "uv": [9, 10]},
						{"origin": [-1.5, 2.5, -4.25], "size": [1, 1, 0], "uv": [9, 10]},
						{"origin": [-1, 3, -4.2], "size": [2, 1, 0], "uv": [0, 25]},
						{"origin": [-3, 5.4, -4.2], "size": [2, 1, 0], "pivot": [0, 5.9, -4.15], "rotation": [0, 0, -22.5], "uv": [0, 25]},
						{"origin": [0.35, 5, -4.225], "size": [3, 1, 0], "pivot": [0, 5.5, -4.175], "rotation": [0, 0, 22.5], "uv": [0, 26]},
						{"origin": [-3.325, 5, -4.225], "size": [3, 1, 0], "pivot": [0, 5.5, -4.175], "rotation": [0, 0, -22.5], "uv": [0, 26]},
						{"origin": [1, 5.4, -4.2], "size": [2, 1, 0], "pivot": [0, 5.9, -4.15], "rotation": [0, 0, 22.5], "uv": [0, 25]},
						{"origin": [-1, 10.7, -1.65], "size": [3, 3, 0], "pivot": [0.5, 2.5, -2.15], "rotation": [0, 0, 22.5], "uv": [23, 11]},
						{"origin": [-1, 6.7, -2.65], "size": [3, 4, 2], "pivot": [0.5, 2.5, -1.65], "rotation": [0, 0, 22.5], "uv": [8, 23]},
						{"origin": [-2, 6.7, -2.65], "size": [3, 4, 2], "pivot": [-0.5, 2.5, -1.65], "rotation": [0, 0, -22.5], "uv": [0, 19]},
						{"origin": [-2, 10.7, -1.65], "size": [3, 3, 0], "pivot": [-0.5, 2.5, -2.15], "rotation": [0, 0, -22.5], "uv": [19, 0]}
					]
				}
			]
		}
	]
}