{
	"format_version": "1.12.0",
	"minecraft:geometry": [
		{
			"description": {
				"identifier": "geometry.unknown",
				"texture_width": 64,
				"texture_height": 64,
				"visible_bounds_width": 3,
				"visible_bounds_height": 2.5,
				"visible_bounds_offset": [0, 0.75, 0]
			},
			"bones": [
				{
					"name": "bone4",
					"pivot": [0, 0, 0],
					"cubes": [
						{"origin": [3, 0, -4], "size": [3, 2, 2], "uv": [36, 19]},
						{"origin": [-6, 0, 1], "size": [3, 2, 2], "uv": [28, 17]},
						{"origin": [-6, 0, -4], "size": [3, 2, 2], "uv": [20, 32]},
						{"origin": [3, 0, 1], "size": [3, 2, 2], "uv": [30, 32]},
						{"origin": [-3, 1, -4], "size": [6, 4, 7], "uv": [0, 0]},
						{"origin": [-2, 2, -8], "size": [4, 3, 4], "pivot": [0, 5, -4], "rotation": [22.5, 0, 0], "uv": [28, 10]},
						{"origin": [2, 2.54433, -8.19553], "size": [3, 0, 7], "pivot": [0, 2.5, -6], "rotation": [52.5, 0, 0], "uv": [18, 0]},
						{"origin": [-5, 2.54433, -8.19553], "size": [3, 0, 7], "pivot": [0, 2.5, -6], "rotation": [52.5, 0, 0], "uv": [12, 0]}
					]
				},
				{
					"name": "bone5",
					"parent": "bone4",
					"pivot": [0, 1, 3],
					"rotation": [-14, 0, 0],
					"cubes": [
						{"origin": [-2, 1, 2], "size": [4, 3, 5], "uv": [26, 2]}
					]
				},
				{
					"name": "bone6",
					"parent": "bone5",
					"pivot": [0, 1, 7],
					"rotation": [14, 0, 0],
					"cubes": [
						{"origin": [-1, 1, 7], "size": [2, 2, 4], "uv": [12, 32]}
					]
				},
				{
					"name": "bone",
					"parent": "bone4",
					"pivot": [0, 5, -3],
					"cubes": [
						{"origin": [0, 5, -4], "size": [0, 11, 7], "pivot": [0, 5, 0], "rotation": [0, 0, -5], "uv": [0, 4]},
						{"origin": [0, 5, -4], "size": [0, 11, 7], "pivot": [0, 5, 0], "rotation": [0, 0, 5], "uv": [14, 4]}
					]
				},
				{
					"name": "bone2",
					"parent": "bone4",
					"pivot": [0, 5, -1],
					"rotation": [-22.5, 0, 0],
					"cubes": [
						{"origin": [0, 5, -1], "size": [0, 10, 6], "pivot": [0, 5, 2], "rotation": [0, 0, -3], "uv": [0, 26]},
						{"origin": [0, 5, -1], "size": [0, 10, 6], "pivot": [0, 5, 2], "rotation": [0, 0, 3], "uv": [24, 16]}
					]
				},
				{
					"name": "bone3",
					"parent": "bone2",
					"pivot": [0, 5, -1],
					"rotation": [-22.5, 0, 0],
					"cubes": [
						{"origin": [0, 5, -1], "size": [0, 10, 6], "pivot": [0, 5, 2], "rotation": [0, 0, -5], "uv": [12, 16]},
						{"origin": [0, 5, -1], "size": [0, 10, 6], "pivot": [0, 5, 2], "rotation": [0, 0, 5], "uv": [0, 16]}
					]
				}
			]
		}
	]
}