{
	"format_version": "1.12.0",
	"minecraft:geometry": [
		{
			"description": {
				"identifier": "geometry.unknown",
				"texture_width": 64,
				"texture_height": 64,
				"visible_bounds_width": 3,
				"visible_bounds_height": 2.5,
				"visible_bounds_offset": [0, 0.75, 0]
			},
			"bones": [
				{
					"name": "bone",
					"pivot": [0, 0, 0],
					"cubes": [
						{"origin": [-8, 7, -2.1], "size": [4, 5, 6.2], "pivot": [-6.5, 9.5, 2], "rotation": [0, 0, 22.5], "uv": [1, 39]},
						{"origin": [4.25, 7, -2.1], "size": [4, 5, 6.3], "pivot": [6.75, 9.5, 2], "rotation": [0, 0, -22.5], "uv": [39, 26]},
						{"origin": [-5, 5, -3], "size": [10, 7, 8], "uv": [0, 0]},
						{"origin": [-5.15, 0, -3.75], "size": [10.5, 5, 9.5], "uv": [17, 49]},
						{"origin": [-3.25, 7.5, -3.1], "size": [2, 3, 0], "uv": [0, 53]},
						{"origin": [-0.75, 7.5, -3.1], "size": [1.5, 1, 0], "uv": [14, 48]},
						{"origin": [-3.75, 5.75, -3.1], "size": [1.5, 1, 0], "uv": [15, 54]},
						{"origin": [-2.75, 5.25, -3.1], "size": [1.5, 1, 0], "uv": [15, 54]},
						{"origin": [-1.75, 5.75, -3.1], "size": [1.5, 1, 0], "uv": [15, 54]},
						{"origin": [-0.25, 5.75, -3.1], "size": [1.5, 1, 0], "uv": [15, 54]},
						{"origin": [1.75, 5.75, -3.1], "size": [1.5, 1, 0], "uv": [15, 54]},
						{"origin": [0.75, 5.25, -3.1], "size": [1.5, 1, 0], "uv": [15, 54]},
						{"origin": [-2.75, 8.25, -3.2], "size": [1, 1.75, 0], "uv": [20, 15]},
						{"origin": [1.75, 8.25, -3.2], "size": [1, 1.75, 0], "uv": [20, 15]},
						{"origin": [1.25, 7.5, -3.1], "size": [2, 3, 0], "uv": [7, 53]},
						{"origin": [-3, 9, 3.75], "size": [6, 3, 3], "pivot": [0, 10.5, 5.25], "rotation": [22.5, 0, 0], "uv": [46, 39]},
						{"origin": [-7, 2, 0], "size": [2, 4, 2], "pivot": [-6, 4, 1], "rotation": [0, 0, 45], "uv": [0, 18]},
						{"origin": [5, 2, 0], "size": [2, 4, 2], "pivot": [6, 4, 1], "rotation": [0, 0, -45], "uv": [0, 0]},
						{"origin": [-2, 15, -1], "size": [4, 4, 4], "pivot": [0, 17.5, 1], "rotation": [0, 0, 10], "uv": [28, 0]},
						{"origin": [-2, 15, -3], "size": [2, 2, 2], "pivot": [0, 17.5, -3], "rotation": [0, 0, -12.5], "uv": [0, 24]},
						{"origin": [-7, 10.25, -4], "size": [8, 5, 10], "pivot": [-3.5, 12.75, 1], "rotation": [0, 0, -17.5], "uv": [26, 8]},
						{"origin": [2.65301, 8.99558, 4], "size": [3, 3, 3], "pivot": [4.15301, 10.49558, 5.5], "rotation": [45, 22.5, -5], "uv": [1, 58]},
						{"origin": [-5.65301, 8.99558, 4], "size": [3, 3, 3], "pivot": [-4.15301, 10.49558, 5.5], "rotation": [45, -22.5, 5], "uv": [52, 50]},
						{"origin": [-1, 10.25, -3.9], "size": [8, 5, 10], "pivot": [3.5, 12.75, 1.1], "rotation": [0, 0, 17.5], "uv": [0, 18]},
						{"origin": [2, 0, -5.75], "size": [4, 3, 2], "uv": [16, 33]},
						{"origin": [-6, 0, -5.75], "size": [4, 3, 2], "uv": [44, 0]},
						{"origin": [1, 5, -4.2], "size": [2, 2, 0], "pivot": [2, 5, -5.2], "rotation": [-45, 0, 0], "uv": [49, 46]},
						{"origin": [1.5, 5.1, -4.2], "size": [1, 2, 0], "pivot": [1.5, 5.1, -5.2], "rotation": [-45, 0, 0], "uv": [50, 49]}
					]
				}
			]
		}
	]
}