{
	"format_version": "1.12.0",
	"minecraft:geometry": [
		{
			"description": {
				"identifier": "geometry.unknown",
				"texture_width": 64,
				"texture_height": 64,
				"visible_bounds_width": 3,
				"visible_bounds_height": 2.5,
				"visible_bounds_offset": [0, 0.75, 0]
			},
			"bones": [
				{
					"name": "bone",
					"pivot": [0, 0, 0],
					"cubes": [
						{"origin": [0.90183, 10.86318, -2.27051], "size": [2, 1, 0], "pivot": [0.1, 11.3166, -0.7625], "rotation": [-7.75, 0, 7], "uv": [16, 32]},
						{"origin": [-2.70183, 10.86318, -2.27051], "size": [2, 1, 0], "pivot": [0.1, 11.3166, -0.7625], "rotation": [-7.75, 0, -2], "uv": [28, 5]},
						{"origin": [0.41708, 7.50157, -2.3], "size": [4, 3, 0], "pivot": [0, 9.91732, -2.3], "rotation": [2.57914, 1.88812, -17.23358], "uv": [0, 49]},
						{"origin": [-4.41708, 7.50157, -2.3], "size": [4, 3, 0], "pivot": [0, 9.91732, -2.3], "rotation": [2.62473, -1.4139, 19.22443], "uv": [0, 49], "mirror": true},
						{"origin": [-3.4, 8.375, -2.25], "size": [7, 5, 6], "pivot": [0.1, 11.3166, -0.7625], "rotation": [0, 0, 2.5], "uv": [25, 21]},
						{"origin": [-0.89793, 9.92813, -2.675], "size": [2, 1, 2], "pivot": [0.10207, 10.92813, -1.675], "rotation": [-2.49762, -44.94549, 3.53329], "uv": [0, 57]},
						{"origin": [-0.38801, 10.65042, -2.54719], "size": [1, 1, 1], "pivot": [0.11199, 11.15042, -2.04719], "rotation": [0, 0, 2.5], "uv": [1, 58]},
						{"origin": [-1.9, 9.49939, -2.51313], "size": [4, 1, 0], "pivot": [0.1, 11.3166, -0.7625], "rotation": [10.25, 0, 2.5], "uv": [28, 0]},
						{"origin": [-1.9, 8.22439, -2.36313], "size": [4, 2, 0], "pivot": [0.1, 11.0416, -0.6125], "rotation": [0, 0, 2.5], "uv": [0, 54]},
						{"origin": [1.33199, 11.04549, -2.39311], "size": [1, 1, 0], "pivot": [0.1, 11.3166, -0.7625], "rotation": [4.95159, -4.21617, 50.56762], "uv": [24, 17]},
						{"origin": [-2.13199, 11.04549, -2.39311], "size": [1, 1, 0], "pivot": [0.1, 11.3166, -0.7625], "rotation": [4.95159, 4.21617, -45.56762], "uv": [24, 15]},
						{"origin": [-0.95248, 13.78436, -0.25], "size": [2, 2, 2], "pivot": [0.1, 11.3166, -0.7625], "rotation": [0, 0, 65.75], "uv": [44, 8]},
						{"origin": [-0.84752, 13.78436, -0.25], "size": [2, 2, 2], "pivot": [0.1, 11.3166, -0.7625], "rotation": [0, 0, -60.75], "uv": [16, 27]},
						{"origin": [-4, 5, -2.725], "size": [8, 4, 7], "uv": [0, 15]},
						{"origin": [3.15, 4.575, -1.225], "size": [3, 4, 4], "inflate": 0.01, "pivot": [4.65, 6.575, 0.775], "rotation": [0, 0, -52], "uv": [15, 41]},
						{"origin": [4.7589, 2.18971, -1.225], "size": [3, 4, 4], "pivot": [6.2589, 4.18971, 0.775], "rotation": [0, 0, -16], "uv": [0, 39]},
						{"origin": [5.7589, 1.18971, 0.275], "size": [1, 1, 1], "pivot": [6.2589, 4.18971, 1.275], "rotation": [0, 0, -16], "uv": [0, 30]},
						{"origin": [6.44799, 1.41156, 1.45], "size": [1, 1, 1], "pivot": [6.94799, 1.91156, 1.95], "rotation": [11.54787, 3.28532, -15.66771], "uv": [28, 2]},
						{"origin": [6.44799, 1.41156, -0.9], "size": [1, 1, 1], "pivot": [6.94799, 1.91156, -0.4], "rotation": [-11.54787, -3.28532, -15.66771], "uv": [0, 27]},
						{"origin": [-6.15, 4.575, -1.225], "size": [3, 4, 4], "inflate": 0.01, "pivot": [-4.65, 6.575, 0.775], "rotation": [0, 0, 52], "uv": [23, 32]},
						{"origin": [-7.7589, 2.18971, -1.225], "size": [3, 4, 4], "pivot": [-6.2589, 4.18971, 0.775], "rotation": [0, 0, 16], "uv": [34, 37]},
						{"origin": [-7.44799, 1.41156, -0.9], "size": [1, 1, 1], "pivot": [-6.94799, 1.91156, -0.4], "rotation": [-11.54787, 3.28532, 15.66771], "uv": [0, 4]},
						{"origin": [-6.7589, 1.18971, 0.275], "size": [1, 1, 1], "pivot": [-6.2589, 4.18971, 1.275], "rotation": [0, 0, 16], "uv": [0, 19]},
						{"origin": [-7.44799, 1.41156, 1.45], "size": [1, 1, 1], "pivot": [-6.94799, 1.91156, 1.95], "rotation": [11.54787, -3.28532, 15.66771], "uv": [24, 19]},
						{"origin": [-5, 0, -3], "size": [10, 7, 7], "pivot": [0, 3.5, 0.5], "rotation": [-11.5, 0, 0], "uv": [0, 0]},
						{"origin": [1.75, 0, -4.325], "size": [4, 4, 7], "pivot": [3.7, 2.5, -0.825], "rotation": [0, -8.75, 0], "uv": [28, 8]},
						{"origin": [2.02413, -0.05, -5.27572], "size": [5, 5, 2], "pivot": [4.53414, 3.74883, -4.22572], "rotation": [0, -8.75, 12.25], "uv": [45, 32]},
						{"origin": [2.67771, 3.5911, -4.77572], "size": [2, 2, 1], "pivot": [4.53414, 3.74883, -4.22572], "rotation": [-6.21129, -6.17511, 57.58537], "uv": [0, 15]},
						{"origin": [1.82936, 3.27422, -4.72572], "size": [1, 1, 1], "pivot": [4.53414, 3.74883, -4.22572], "rotation": [-5.26158, 7.00116, 155.17791], "uv": [26, 41]},
						{"origin": [4.24454, 1.07814, -4.72572], "size": [1, 1, 1], "pivot": [4.53414, 3.74883, -4.22572], "rotation": [-6.65068, 5.69886, 142.6686], "uv": [11, 39]},
						{"origin": [-7.02413, -0.05, -5.27572], "size": [5, 5, 2], "pivot": [-4.53414, 3.74883, -4.22572], "rotation": [0, 8.75, -12.25], "uv": [45, 32], "mirror": true},
						{"origin": [-5.24454, 1.07814, -4.72572], "size": [1, 1, 1], "pivot": [-4.53414, 3.74883, -4.22572], "rotation": [-6.65068, -5.69886, -142.6686], "uv": [11, 39], "mirror": true},
						{"origin": [-4.67771, 3.5911, -4.77572], "size": [2, 2, 1], "pivot": [-4.53414, 3.74883, -4.22572], "rotation": [-6.21129, 6.17511, -57.58537], "uv": [0, 15], "mirror": true},
						{"origin": [-2.82936, 3.27422, -4.72572], "size": [1, 1, 1], "pivot": [-4.53414, 3.74883, -4.22572], "rotation": [-5.26158, -7.00116, -155.17791], "uv": [26, 41], "mirror": true},
						{"origin": [-5.75, 0, -4.325], "size": [4, 4, 7], "pivot": [-3.7, 2.5, -0.825], "rotation": [0, 8.75, 0], "uv": [0, 27]}
					]
				}
			]
		}
	]
}