{
	"format_version": "1.12.0",
	"minecraft:geometry": [
		{
			"description": {
				"identifier": "geometry.unknown",
				"texture_width": 64,
				"texture_height": 64,
				"visible_bounds_width": 2,
				"visible_bounds_height": 2.5,
				"visible_bounds_offset": [0, 0.75, 0]
			},
			"bones": [
				{
					"name": "bone",
					"pivot": [0, 0, 0],
					"cubes": [
						{"origin": [-3, 1, -3], "size": [6, 2, 5], "uv": [0, 14]},
						{"origin": [-2, 5, -2], "size": [4, 2, 4], "uv": [48, 0]},
						{"origin": [-3, 3, -2], "size": [6, 2, 4], "uv": [0, 28]},
						{"origin": [-1, 7, -2], "size": [2, 2, 4], "uv": [52, 58]},
						{"origin": [-3, 1, -5], "size": [2, 2, 2], "pivot": [0, 0, 0], "rotation": [0, 22.5, 0], "uv": [25, 7]},
						{"origin": [1, 1, -5], "size": [2, 2, 2], "pivot": [0, 0, 0], "rotation": [0, -22.5, 0], "uv": [12, 21]},
						{"origin": [-3, 3, -2.5], "size": [6, 2, 4], "uv": [18, 17]},
						{"origin": [-2, 5, -2.5], "size": [4, 3, 4], "uv": [0, 21]},
						{"origin": [-1.7, 4.5, -2.55], "size": [1, 1, 0], "uv": [0, 24]},
						{"origin": [-2.2, 3, -2.55], "size": [1, 1, 0], "uv": [31, 25]},
						{"origin": [1.3, 3, -2.55], "size": [1, 1, 0], "uv": [31, 25]},
						{"origin": [-0.5, 3, -2.55], "size": [1, 1, 0], "uv": [31, 25]},
						{"origin": [0.7, 4.5, -2.55], "size": [1, 1, 0], "uv": [0, 24]},
						{"origin": [-1, 8, -2.5], "size": [2, 1, 4], "uv": [16, 23]},
						{"origin": [-3.9, 5.625, -3], "size": [10, 2, 5], "inflate": 0.002, "pivot": [0, 4, 0], "rotation": [0, 0, -67.5], "uv": [0, 7]},
						{"origin": [-3.9, 0.425, -3], "size": [10, 2, 5], "inflate": 0.001, "pivot": [0, 4, 0], "rotation": [0, 0, -112.5], "uv": [0, 0]},
						{"origin": [-2.75, 0, -2], "size": [2, 1, 3], "uv": [24, 23]},
						{"origin": [0.5, 0, -2], "size": [2, 1, 3], "uv": [25, 0]}
					]
				}
			]
		}
	]
}