{
	"format_version": "1.12.0",
	"minecraft:geometry": [
		{
			"description": {
				"identifier": "geometry.unknown",
				"texture_width": 64,
				"texture_height": 64,
				"visible_bounds_width": 3,
				"visible_bounds_height": 2.5,
				"visible_bounds_offset": [0, 0.75, 0]
			},
			"bones": [
				{
					"name": "Spearow_plushie",
					"pivot": [0,0,0],
					"cubes": [
						{"origin": [-3.5, 0.99976, -2.81584], "size": [7, 7, 6], "pivot": [-0.5, 4.49976, 0.18416], "rotation": [43.75, 0, 0], "uv": [0, 0]},
						{"origin": [2.9, 3.94714, 0.93933], "size": [2, 6, 5], "pivot": [3.67644, 4.12088, 4.02719], "rotation": [67.5, 8.5, 0], "uv": [0, 25]},
						{"origin": [2.70885, 1.93119, 1.50327], "size": [2, 4, 4], "pivot": [3.67644, 4.12088, 4.02719], "rotation": [85, 4.25, 0], "uv": [30, 32]},
						{"origin": [3.90167, 0.36951, 2.26097], "size": [1, 2, 3], "pivot": [3.67644, 4.12088, 4.02719], "rotation": [89.78476, -10.93383, -1.61326], "uv": [45, 26]},
						{"origin": [-4.9, 3.94714, 0.93933], "size": [2, 6, 5], "pivot": [-3.67644, 4.12088, 4.02719], "rotation": [67.5, -8.5, 0], "uv": [15, 25]},
						{"origin": [-4.70885, 1.93119, 1.50327], "size": [2, 4, 4], "pivot": [-3.67644, 4.12088, 4.02719], "rotation": [85, -4.25, 0], "uv": [0, 37]},
						{"origin": [-4.90167, 0.36951, 2.26097], "size": [1, 2, 3], "pivot": [-3.67644, 4.12088, 4.02719], "rotation": [89.78476, 10.93383, 1.61326], "uv": [0, 46]},
						{"origin": [-3, 1.56142, 0.7894], "size": [6, 5, 5], "pivot": [0, 3.06142, 3.7894], "rotation": [92.75, 0, 0], "uv": [0, 14]},
						{"origin": [-1, 3.65319, 5.93738], "size": [2, 4, 1], "pivot": [0, 5.72429, 6.43719], "rotation": [129.75, 0, 0], "uv": [24, 47]},
						{"origin": [0.98384, 3.28481, 5.74469], "size": [1, 4, 1], "pivot": [0, 5.57429, 6.26219], "rotation": [130.55383, 10.94254, 8.37735], "uv": [45, 47]},
						{"origin": [-1.98384, 3.28481, 5.74469], "size": [1, 4, 1], "pivot": [0, 5.57429, 6.26219], "rotation": [130.55383, -10.94254, -8.37735], "uv": [9, 49]},
						{"origin": [-2.5, 7.17476, -5.51584], "size": [5, 5, 5], "uv": [23, 14]},
						{"origin": [0.4, 9.17476, -5.54084], "size": [2, 2, 0], "uv": [23, 16]},
						{"origin": [0.825, 9.42476, -5.56584], "size": [1, 2, 0], "pivot": [1.325, 10.42476, -5.56584], "rotation": [0, 0, -6.5], "uv": [39, 16]},
						{"origin": [-0.45, 10.44976, -5.59084], "size": [3, 1, 1], "pivot": [1, 10.67476, -5.59084], "rotation": [0, 0, -27], "uv": [43, 38]},
						{"origin": [-1.825, 9.42476, -5.56584], "size": [1, 2, 0], "pivot": [-1.325, 10.42476, -5.56584], "rotation": [0, 0, 6.5], "uv": [39, 16], "mirror": true},
						{"origin": [-2.4, 9.17476, -5.54084], "size": [2, 2, 0], "uv": [23, 16], "mirror": true},
						{"origin": [-2.55, 10.44976, -5.59084], "size": [3, 1, 1], "pivot": [-1, 10.67476, -5.59084], "rotation": [0, 0, 27], "uv": [43, 38], "mirror": true},
						{"origin": [-2, 5.27476, -4.26584], "size": [4, 3, 3], "pivot": [0.5, 5.77476, -1.76584], "rotation": [15.5, 0, 0], "uv": [30, 25]},
						{"origin": [-2.5, 4.22069, -5.03882], "size": [5, 3, 0], "pivot": [0, 4.72069, -5.03882], "rotation": [11, 0, 0], "uv": [45, 22]},
						{"origin": [0.99772, 13.09119, -6.31161], "size": [4, 0, 5], "pivot": [0, 10.80095, -1.59817], "rotation": [42.10241, -44.82744, 37.95937], "uv": [27, 0]},
						{"origin": [-4.99772, 13.09119, -6.31161], "size": [4, 0, 5], "pivot": [0, 10.80095, -1.59817], "rotation": [42.10241, 44.82744, -37.95937], "uv": [27, 6]},
						{"origin": [0.10654, 10.79638, -3.57267], "size": [3, 3, 0], "pivot": [0, 10.80095, -1.59817], "rotation": [-43.49929, 20.31684, 2.79392], "uv": [31, 47]},
						{"origin": [0.42138, 8.15261, -4.39841], "size": [5, 5, 0], "pivot": [0, 10.80095, -1.59817], "rotation": [46.57664, -41.85449, -35.18428], "uv": [28, 41]},
						{"origin": [0.42138, 12.48978, -4.84103], "size": [5, 0, 2], "pivot": [0, 10.80095, -1.59817], "rotation": [34.07664, -41.85449, -35.18428], "uv": [13, 37]},
						{"origin": [-3.10654, 10.79638, -3.57267], "size": [3, 3, 0], "pivot": [0, 10.80095, -1.59817], "rotation": [-43.49929, -20.31684, -2.79392], "uv": [38, 47]},
						{"origin": [-5.42138, 12.48978, -4.84103], "size": [5, 0, 2], "pivot": [0, 10.80095, -1.59817], "rotation": [34.07664, 41.85449, 35.18428], "uv": [13, 40]},
						{"origin": [-5.42138, 8.15261, -4.39841], "size": [5, 5, 0], "pivot": [0, 10.80095, -1.59817], "rotation": [46.57664, 41.85449, 35.18428], "uv": [39, 41]},
						{"origin": [-1.5, 7.16699, -6.10323], "size": [3, 2, 1], "pivot": [0, 8.01226, -6.3239], "rotation": [-2.25, 0, 0], "uv": [46, 5]},
						{"origin": [-0.5, 8.13902, -7.79128], "size": [1, 1, 3], "pivot": [0, 8.96402, -6.86628], "rotation": [42.5, 0, 0], "uv": [46, 0]},
						{"origin": [-1, 7.87476, -8.31584], "size": [2, 1, 3], "inflate": 0.1, "pivot": [0, 8.01226, -6.3239], "rotation": [8.25, 0, 0], "uv": [44, 12]},
						{"origin": [-1, 7.14976, -7.91584], "size": [2, 1, 3], "pivot": [0, 8.01226, -6.3239], "rotation": [8.25, 0, 0], "uv": [44, 17]}
					]
				},
				{
					"name": "bone",
					"parent": "Spearow_plushie",
					"pivot": [4.68836, 2.43205, -4.12337],
					"rotation": [0, -19.5, 0],
					"cubes": [
						{"origin": [3.10249, 0.54976, -3.62337], "size": [1, 1, 4], "pivot": [3.60249, 0.87476, -1.74837], "rotation": [16.25, 0, 0], "uv": [13, 43]},
						{"origin": [3.10249, 0.233, -3.61741], "size": [1, 1, 1], "inflate": 0.2, "pivot": [3.60249, 0.658, -3.11741], "rotation": [7.25, 0, 0], "uv": [50, 49]},
						{"origin": [3.10249, 0.07476, -4.62337], "size": [1, 3, 1], "inflate": 0.1, "pivot": [4.68836, 2.43205, -4.12337], "rotation": [20, 0, 0], "uv": [14, 49]},
						{"origin": [3.10249, 0.04976, -4.82337], "size": [1, 0, 1], "uv": [27, 12]},
						{"origin": [4.67916, 2.02717, -4.59837], "size": [1, 1, 1], "inflate": 0.1, "pivot": [4.68836, 2.43205, -4.12337], "rotation": [16.20807, -11.87826, 35.30266], "uv": [31, 51]},
						{"origin": [4.67916, 0.27717, -4.59837], "size": [1, 2, 1], "inflate": 0.1, "pivot": [4.68836, 2.43205, -4.12337], "rotation": [16.20807, -11.87826, 35.30266], "uv": [50, 41]},
						{"origin": [4.68912, 3.07185, -4.09837], "size": [1, 1, 0], "pivot": [4.68836, 2.43205, -4.12337], "rotation": [16.20807, -11.87826, 35.30266], "uv": [40, 12]},
						{"origin": [3.10249, 3.14976, -4.12337], "size": [1, 1, 0], "pivot": [4.68836, 2.43205, -4.12337], "rotation": [20, 0, 0], "uv": [37, 12]}
					]
				},
				{
					"name": "bone2",
					"parent": "Spearow_plushie",
					"pivot": [-4.68836, 2.43205, -4.12337],
					"rotation": [0, 19.5, 0],
					"cubes": [
						{"origin": [-4.10249, 0.04976, -4.82337], "size": [1, 0, 1], "uv": [32, 12]},
						{"origin": [-4.10249, 0.54976, -3.62337], "size": [1, 1, 4], "pivot": [-3.60249, 0.87476, -1.74837], "rotation": [16.25, 0, 0], "uv": [43, 32]},
						{"origin": [-4.10249, 0.233, -3.61741], "size": [1, 1, 1], "inflate": 0.2, "pivot": [-3.60249, 0.658, -3.11741], "rotation": [7.25, 0, 0], "uv": [36, 51]},
						{"origin": [-4.10249, 0.07476, -4.62337], "size": [1, 3, 1], "inflate": 0.1, "pivot": [-4.68836, 2.43205, -4.12337], "rotation": [20, 0, 0], "uv": [19, 49]},
						{"origin": [-5.67916, 2.02717, -4.59837], "size": [1, 1, 1], "inflate": 0.1, "pivot": [-4.68836, 2.43205, -4.12337], "rotation": [16.20807, 11.87826, -35.30266], "uv": [0, 52]},
						{"origin": [-5.67916, 0.27717, -4.59837], "size": [1, 2, 1], "inflate": 0.1, "pivot": [-4.68836, 2.43205, -4.12337], "rotation": [16.20807, 11.87826, -35.30266], "uv": [50, 45]},
						{"origin": [-5.68912, 3.07185, -4.09837], "size": [1, 1, 0], "pivot": [-4.68836, 2.43205, -4.12337], "rotation": [16.20807, 11.87826, -35.30266], "uv": [24, 43]},
						{"origin": [-4.10249, 3.14976, -4.12337], "size": [1, 1, 0], "pivot": [-4.68836, 2.43205, -4.12337], "rotation": [20, 0, 0], "uv": [24, 45]}
					]
				}
			]
		}
	]
}