{
	"format_version": "1.12.0",
	"minecraft:geometry": [
		{
			"description": {
				"identifier": "geometry.unknown",
				"texture_width": 64,
				"texture_height": 64,
				"visible_bounds_width": 2,
				"visible_bounds_height": 2.5,
				"visible_bounds_offset": [0, 0.75, 0]
			},
			"bones": [
				{
					"name": "bone2",
					"pivot": [0, 0, 0],
					"rotation": [-22.5, 0, 0]
				},
				{
					"name": "bone4",
					"parent": "bone2",
					"pivot": [-3, 4, 0],
					"cubes": [
						{"origin": [-3, 0, -2], "size": [6, 4, 4], "uv": [0, 10]},
						{"origin": [3, 2, -1], "size": [2, 2, 2], "pivot": [3, 4, 0], "rotation": [0, 0, 22.5], "uv": [22, 8]},
						{"origin": [2, -1, -3], "size": [2, 2, 2], "pivot": [3, -1, -2], "rotation": [22.0735, -42.82135, -15.4102], "uv": [8, 21]},
						{"origin": [-4, -1, -3], "size": [2, 2, 2], "pivot": [-3, -1, -2], "rotation": [22.0735, 42.82135, 15.4102], "uv": [16, 10]},
						{"origin": [-5, 2, -1], "size": [2, 2, 2], "pivot": [-3, 4, 0], "rotation": [2.21487, 2.74061, -22.17297], "uv": [0, 23]}
					]
				},
				{
					"name": "bone3",
					"parent": "bone2",
					"pivot": [3, 0, 0],
					"rotation": [35, 0, 0],
					"cubes": [
						{"origin": [-2.5, 2, 0], "size": [5, 5, 4], "uv": [16, 14]}
					]
				},
				{
					"name": "bone",
					"parent": "bone3",
					"pivot": [0, 3.75, 2.075],
					"rotation": [10, 0, 0],
					"cubes": [
						{"origin": [1.5, 8, 2.075], "size": [5, 5, 0], "uv": [0, 18]},
						{"origin": [-3.5, 4, -0.425], "size": [7, 5, 5], "uv": [0, 0]},
						{"origin": [-6.5, 8, 2.075], "size": [5, 5, 0], "uv": [19, 0]}
					]
				}
			]
		}
	]
}