{
	"format_version": "1.12.0",
	"minecraft:geometry": [
		{
			"description": {
				"identifier": "geometry.unknown",
				"texture_width": 64,
				"texture_height": 64,
				"visible_bounds_width": 3,
				"visible_bounds_height": 2.5,
				"visible_bounds_offset": [0, 0.75, 0]
			},
			"bones": [
				{
					"name": "squirtle_plushie",
					"pivot": [0, 0.2, 0],
					"rotation": [5, 0, 0],
					"cubes": [
						{"origin": [-4, 0.45, -1], "size": [8, 9, 4], "uv": [0, 0]},
						{"origin": [-3.5, 0.2, -3], "size": [7, 9, 4], "uv": [20, 21]},
						{"origin": [1.75, 0.175, -6], "size": [3, 3, 5], "pivot": [3.25, 1.675, -3.5], "rotation": [0, -15, 0], "uv": [0, 33]},
						{"origin": [2.61704, 7.125, -6.55441], "size": [2, 2, 5], "pivot": [2.76704, 7.2, -3.62941], "rotation": [-17.5, -15, 0], "uv": [33, 12]},
						{"origin": [-4.61704, 7.125, -6.55441], "size": [2, 2, 5], "pivot": [-2.76704, 7.2, -3.62941], "rotation": [-17.5, 15, 0], "uv": [11, 29]},
						{"origin": [-4.75, 0.175, -6], "size": [3, 3, 5], "pivot": [-3.25, 1.675, -3.5], "rotation": [0, 15, 0], "uv": [0, 25]},
						{"origin": [-2, -0.05, 0], "size": [4, 3, 5], "uv": [24, 0]},
						{"origin": [-2.5, 0.95, 4.2], "size": [5, 4, 4], "pivot": [0, 2.95, 5.5], "rotation": [-69.25, 0, 0], "uv": [20, 9]},
						{"origin": [-3, 9.75, -3.85], "size": [6, 6, 6], "pivot": [0, 11.2, -0.875], "rotation": [-4.25, 0, 0], "uv": [0, 13]},
						{"origin": [-2, 9.75, -4.85], "size": [4, 2, 1], "pivot": [0, 11.2, -0.875], "rotation": [-4.25, 0, 0], "uv": [24, 18]},
						{"origin": [-2, 9.175, -2.75], "size": [4, 1, 4], "pivot": [0, 11.2, -0.875], "rotation": [6.75, 0, 0], "uv": [21, 34]}
					]
				}
			]
		}
	]
}