{
	"format_version": "1.12.0",
	"minecraft:geometry": [
		{
			"description": {
				"identifier": "geometry.unknown",
				"texture_width": 64,
				"texture_height": 64,
				"visible_bounds_width": 2,
				"visible_bounds_height": 1.5,
				"visible_bounds_offset": [0, 0.25, 0]
			},
			"bones": [
				{
					"name": "Starmite_plushie",
					"pivot": [0, 0, 0],
					"cubes": [
						{"origin": [-3, 1, -2], "size": [6, 2, 4], "uv": [0, 0]},
						{"origin": [-1.5, 1.5, -1.5], "size": [3, 3, 3], "uv": [0, 18]},
						{"origin": [-2, 1, -3], "size": [4, 2, 1], "uv": [30, 12]},
						{"origin": [-2, 1, 2], "size": [4, 2, 1], "uv": [29, 22]}
					]
				},
				{
					"name": "bone6",
					"parent": "Starmite_plushie",
					"pivot": [0, 0, 0],
					"cubes": [
						{"origin": [-0.5, 2.25, -1.5], "size": [1, 2, 3], "pivot": [0, 0, 0], "rotation": [-45, 0, 0], "uv": [13, 30]}
					]
				},
				{
					"name": "bone8",
					"parent": "Starmite_plushie",
					"pivot": [0, 0, 0],
					"rotation": [0, -45, 0],
					"cubes": [
						{"origin": [-0.5, 2.25, -1.5], "size": [1, 2, 3], "pivot": [0, 0, 0], "rotation": [-45, 0, 0], "uv": [13, 30]}
					]
				},
				{
					"name": "bone9",
					"parent": "Starmite_plushie",
					"pivot": [0, 0, 0],
					"rotation": [0, -90, 0],
					"cubes": [
						{"origin": [-0.5, 2.25, -1.5], "size": [1, 2, 3], "pivot": [0, 0, 0], "rotation": [-45, 0, 0], "uv": [13, 30]}
					]
				},
				{
					"name": "bone10",
					"parent": "Starmite_plushie",
					"pivot": [0, 0, 0],
					"rotation": [0, -135, 0],
					"cubes": [
						{"origin": [-0.5, 2.25, -1.5], "size": [1, 2, 3], "pivot": [0, 0, 0], "rotation": [-45, 0, 0], "uv": [13, 30]}
					]
				},
				{
					"name": "bone11",
					"parent": "Starmite_plushie",
					"pivot": [0, 0, 0],
					"rotation": [0, 180, 0],
					"cubes": [
						{"origin": [-0.5, 2.25, -1.5], "size": [1, 2, 3], "pivot": [0, 0, 0], "rotation": [-45, 0, 0], "uv": [13, 30]}
					]
				},
				{
					"name": "bone12",
					"parent": "Starmite_plushie",
					"pivot": [0, 0, 0],
					"rotation": [0, 135, 0],
					"cubes": [
						{"origin": [-0.5, 2.25, -1.5], "size": [1, 2, 3], "pivot": [0, 0, 0], "rotation": [-45, 0, 0], "uv": [13, 30]}
					]
				},
				{
					"name": "bone13",
					"parent": "Starmite_plushie",
					"pivot": [0, 0, 0],
					"rotation": [0, 90, 0],
					"cubes": [
						{"origin": [-0.5, 2.25, -1.5], "size": [1, 2, 3], "pivot": [0, 0, 0], "rotation": [-45, 0, 0], "uv": [13, 30]}
					]
				},
				{
					"name": "bone14",
					"parent": "Starmite_plushie",
					"pivot": [0, 0, 0],
					"rotation": [0, 45, 0],
					"cubes": [
						{"origin": [-0.5, 2.25, -1.5], "size": [1, 2, 3], "pivot": [0, 0, 0], "rotation": [-45, 0, 0], "uv": [13, 30]}
					]
				},
				{
					"name": "bone5",
					"parent": "Starmite_plushie",
					"pivot": [0, 0, 0],
					"rotation": [0, 72, 0],
					"cubes": [
						{"origin": [-2, 0, 0], "size": [4, 2, 4], "inflate": 0.001, "uv": [0, 6]},
						{"origin": [-1, 0, 4], "size": [2, 2, 2], "uv": [21, 30]},
						{"origin": [-1, 0, 3], "size": [2, 1, 3], "pivot": [0, 0, 0], "rotation": [0, 35, 0], "uv": [12, 20]}
					]
				},
				{
					"name": "bone2",
					"parent": "Starmite_plushie",
					"pivot": [0, 0, 0],
					"cubes": [
						{"origin": [-2, 0, 0], "size": [4, 2, 4], "inflate": 0.001, "uv": [0, 6]},
						{"origin": [-1, 0, 4], "size": [2, 2, 2], "uv": [21, 30]},
						{"origin": [-1, 0, 3], "size": [2, 1, 3], "pivot": [0, 0, 0], "rotation": [0, 35, 0], "uv": [12, 20]}
					]
				},
				{
					"name": "bone3",
					"parent": "Starmite_plushie",
					"pivot": [0, 0, 0],
					"rotation": [0, -72, 0],
					"cubes": [
						{"origin": [-2, 0, 0], "size": [4, 2, 4], "inflate": 0.001, "uv": [0, 6]},
						{"origin": [-1, 0, 4], "size": [2, 2, 2], "uv": [21, 30]},
						{"origin": [-1, 0, 3], "size": [2, 1, 3], "pivot": [0, 0, 0], "rotation": [0, 35, 0], "uv": [12, 20]}
					]
				},
				{
					"name": "bone4",
					"parent": "Starmite_plushie",
					"pivot": [0, 0, 0],
					"rotation": [0, -144, 0],
					"cubes": [
						{"origin": [-2, 0, 0], "size": [4, 2, 4], "inflate": 0.001, "uv": [0, 6]},
						{"origin": [-1, 0, 4], "size": [2, 2, 2], "uv": [21, 30]},
						{"origin": [-1, 0, 3], "size": [2, 1, 3], "pivot": [0, 0, 0], "rotation": [0, 35, 0], "uv": [12, 20]}
					]
				},
				{
					"name": "bone7",
					"parent": "Starmite_plushie",
					"pivot": [0, 0, 0],
					"rotation": [0, 144, 0],
					"cubes": [
						{"origin": [-2, 0, 0], "size": [4, 2, 4], "inflate": 0.001, "uv": [0, 6]},
						{"origin": [-1, 0, 4], "size": [2, 2, 2], "uv": [21, 30]},
						{"origin": [-1, 0, 3], "size": [2, 1, 3], "pivot": [0, 0, 0], "rotation": [0, 35, 0], "uv": [12, 20]}
					]
				}
			]
		}
	]
}