{
	"format_version": "1.12.0",
	"minecraft:geometry": [
		{
			"description": {
				"identifier": "geometry.unknown",
				"texture_width": 64,
				"texture_height": 64,
				"visible_bounds_width": 3,
				"visible_bounds_height": 2.5,
				"visible_bounds_offset": [0, 0.75, 0]
			},
			"bones": [
				{
					"name": "bone9",
					"pivot": [0, 0, 0],
					"cubes": [
						{"origin": [-2, 0, -3.5], "size": [4, 3, 8], "uv": [0, 12]},
						{"origin": [1, 0, 4.5], "size": [2, 2, 4], "pivot": [2, 0, 5], "rotation": [0, 45, 0], "uv": [24, 28]},
						{"origin": [-3, 0, 4.5], "size": [2, 2, 4], "pivot": [-2, 0, 5], "rotation": [0, -45, 0], "uv": [12, 27]},
						{"origin": [1, 0, -6.5], "size": [2, 2, 4], "pivot": [2, 0, -3], "rotation": [0, -22.5, 0], "uv": [32, 30]},
						{"origin": [-3, 0, -6.5], "size": [2, 2, 4], "pivot": [-2, 0, -3], "rotation": [0, 22.5, 0], "uv": [0, 31]},
						{"origin": [-3, 2, -1], "size": [6, 6, 6], "uv": [0, 0]},
						{"origin": [-2.5, 2.6, 4], "size": [5, 5, 4], "pivot": [0, 7, 4], "rotation": [-10, 0, 0], "uv": [20, 8]},
						{"origin": [-1.5, 3.6, 8], "size": [3, 3, 2], "pivot": [0, 7, 4], "rotation": [-10, 0, 0], "uv": [34, 7]},
						{"origin": [-2.5, 2.5, -4], "size": [5, 5, 3], "uv": [21, 20]},
						{"origin": [-2, 3, -5], "size": [4, 4, 3], "uv": [24, 0]},
						{"origin": [-4, 5, -5], "size": [8, 8, 0], "pivot": [0, 7, -5], "rotation": [-22.5, 0, 0], "uv": [0, 23]},
						{"origin": [-1.5, 3, -7], "size": [3, 2, 3], "pivot": [0, 5, -5], "rotation": [22.5, 0, 0], "uv": [12, 33]}
					]
				},
				{
					"name": "bone",
					"parent": "bone9",
					"pivot": [1.5, 1.5, 4.5],
					"cubes": [
						{"origin": [0.5, 1.5, 4.5], "size": [2, 0, 3], "uv": [19, 0]}
					]
				},
				{
					"name": "bone2",
					"parent": "bone",
					"pivot": [1.5, 1.5, 7.5],
					"rotation": [10.15108, 9.84655, 1.75378],
					"cubes": [
						{"origin": [0.5, 1.5, 7.5], "size": [2, 0, 3], "uv": [17, 17]}
					]
				},
				{
					"name": "bone3",
					"parent": "bone2",
					"pivot": [1.5, 1.5, 10.5],
					"rotation": [45, 0, 0],
					"cubes": [
						{"origin": [0.5, 1.5, 10.5], "size": [2, 0, 3], "uv": [13, 15]}
					]
				},
				{
					"name": "bone4",
					"parent": "bone3",
					"pivot": [1.5, 1.5, 13.5],
					"rotation": [70, 10, 0],
					"cubes": [
						{"origin": [0.5, 1.5, 13.5], "size": [2, 0, 3], "uv": [15, 3]}
					]
				},
				{
					"name": "bone5",
					"parent": "bone4",
					"pivot": [1.5, 1.5, 16.5],
					"rotation": [0, 10, 0],
					"cubes": [
						{"origin": [0.5, 1.5, 16.5], "size": [2, 0, 3], "uv": [15, 0]}
					]
				},
				{
					"name": "bone6",
					"parent": "bone5",
					"pivot": [1.5, 1.5, 19.5],
					"rotation": [40.43246, 7.64427, 6.46635],
					"cubes": [
						{"origin": [0.5, 1.5, 19.5], "size": [2, 0, 3], "uv": [0, 15]}
					]
				},
				{
					"name": "bone7",
					"parent": "bone6",
					"pivot": [1.5, 1.5, 22.5],
					"rotation": [15.22074, 9.65594, 2.61298],
					"cubes": [
						{"origin": [0.5, 1.5, 22.5], "size": [2, 0, 3], "uv": [13, 12]}
					]
				},
				{
					"name": "bone8",
					"parent": "bone7",
					"pivot": [1.5, 1.5, 25.5],
					"rotation": [10, 0, 0],
					"cubes": [
						{"origin": [0.5, 1.5, 25.5], "size": [2, 0, 3], "uv": [0, 12]}
					]
				},
				{
					"name": "bone10",
					"parent": "bone9",
					"pivot": [-1.5, 1.5, 4.5],
					"cubes": [
						{"origin": [-2.5, 1.5, 4.5], "size": [2, 0, 3], "uv": [19, 0]}
					]
				},
				{
					"name": "bone11",
					"parent": "bone10",
					"pivot": [-1.5, 1.5, 7.5],
					"rotation": [10, -10, 0],
					"cubes": [
						{"origin": [-2.5, 1.5, 7.5], "size": [2, 0, 3], "uv": [17, 17]}
					]
				},
				{
					"name": "bone12",
					"parent": "bone11",
					"pivot": [-1.5, 1.5, 10.5],
					"rotation": [45, 0, 0],
					"cubes": [
						{"origin": [-2.5, 1.5, 10.5], "size": [2, 0, 3], "uv": [13, 15]}
					]
				},
				{
					"name": "bone13",
					"parent": "bone12",
					"pivot": [-1.5, 1.5, 13.5],
					"rotation": [70.28025, -3.40487, -9.40804],
					"cubes": [
						{"origin": [-2.5, 1.5, 13.5], "size": [2, 0, 3], "uv": [15, 3]}
					]
				},
				{
					"name": "bone14",
					"parent": "bone13",
					"pivot": [-1.5, 1.5, 16.5],
					"rotation": [30.38126, -8.64917, -5.03837],
					"cubes": [
						{"origin": [-2.5, 1.5, 16.5], "size": [2, 0, 3], "uv": [15, 0]}
					]
				},
				{
					"name": "bone15",
					"parent": "bone14",
					"pivot": [-1.5, 1.5, 19.5],
					"rotation": [-18, 0, 0],
					"cubes": [
						{"origin": [-2.5, 1.5, 19.5], "size": [2, 0, 3], "uv": [0, 15]}
					]
				},
				{
					"name": "bone16",
					"parent": "bone15",
					"pivot": [-1.5, 1.5, 22.5],
					"rotation": [22.5, 0, 0],
					"cubes": [
						{"origin": [-2.5, 1.5, 22.5], "size": [2, 0, 3], "uv": [13, 12]}
					]
				},
				{
					"name": "bone17",
					"parent": "bone16",
					"pivot": [-1.5, 1.5, 25.5],
					"rotation": [22.5, 0, 0],
					"cubes": [
						{"origin": [-2.5, 1.5, 25.5], "size": [2, 0, 3], "uv": [-3, 0]}
					]
				}
			]
		}
	]
}