{
	"format_version": "1.12.0",
	"minecraft:geometry": [
		{
			"description": {
				"identifier": "geometry.unknown",
				"texture_width": 64,
				"texture_height": 64,
				"visible_bounds_width": 3,
				"visible_bounds_height": 2.5,
				"visible_bounds_offset": [0, 0.75, 0]
			},
			"bones": [
				{
					"name": "sylveon",
					"pivot": [0, 0, 0],
					"rotation": [0, 31, 0],
					"cubes": [
						{"origin": [-2, 5.25, -4.925], "size": [4, 4, 9], "pivot": [0, 1.25, -2], "rotation": [7.75, 0, 0], "uv": [0, 0]},
						{"origin": [-0.275, 10.63971, 0.42999], "size": [2, 2, 4], "inflate": 0.01, "pivot": [0.96124, 12.62396, 6.47653], "rotation": [32.58042, 14.37836, -3.32542], "uv": [13, 28]},
						{"origin": [-0.7195, 12.89909, 2.55106], "size": [4, 1, 5], "pivot": [2.3805, 13.52409, 6.60106], "rotation": [57.01454, 16.68699, 3.53749], "uv": [18, 0]},
						{"origin": [0.2805, 12.89909, 7.55106], "size": [2, 1, 2], "pivot": [2.3805, 13.52409, 6.60106], "rotation": [57.01454, 16.68699, 3.53749], "uv": [45, 0]},
						{"origin": [1, 3.04882, -3.83499], "size": [2, 4, 2], "pivot": [2, 3.54399, -3.08175], "rotation": [14.5, 0, -10], "uv": [34, 7]},
						{"origin": [1, 0.55778, -3.74033], "size": [2, 3, 2], "inflate": -0.001, "pivot": [2, 3.54399, -3.08175], "rotation": [-7.75, 0, -10], "uv": [35, 32]},
						{"origin": [1.525, 0.02988, -5.11129], "size": [2, 1, 3], "uv": [32, 0]},
						{"origin": [-3.25421, 3.16186, -4.96098], "size": [2, 3, 2], "inflate": -0.001, "pivot": [-2.35687, 4.91999, -4.53898], "rotation": [-40.84752, 5.49983, 8.36464], "uv": [35, 26]},
						{"origin": [-3.25421, 3.89754, -4.05729], "size": [2, 4, 2], "pivot": [-2.35687, 4.91999, -4.53898], "rotation": [29.15248, 5.49983, 8.36464], "uv": [32, 19]},
						{"origin": [-3.475, 1.60472, -6.607], "size": [2, 2, 2], "pivot": [-2.575, 3.05472, -5.607], "rotation": [85.21449, 6.97584, -0.58254], "uv": [35, 38]},
						{"origin": [1.07551, 4.19174, -0.22191], "size": [3, 4, 3], "pivot": [2.341, 4.98959, 2.69848], "rotation": [-28.53316, -12.4371, -16.27909], "uv": [22, 24]},
						{"origin": [1.30358, 2.64912, 0.94738], "size": [2, 4, 2], "inflate": -0.001, "pivot": [2.166, 4.56459, 2.19848], "rotation": [29.24133, -23.53903, -5.60701], "uv": [9, 35]},
						{"origin": [1.35607, 1.05662, 2.05048], "size": [2, 2, 2], "pivot": [2.35607, 2.70662, 2.52548], "rotation": [80.24133, -23.53903, -5.60701], "uv": [37, 14]},
						{"origin": [-3.35, 3.59744, 1.27715], "size": [3, 4, 3], "pivot": [-1.85, 3.26659, 2.13764], "rotation": [19.97335, 11.2671, 8.4539], "uv": [24, 11]},
						{"origin": [-2.85, 0.60439, 1.90125], "size": [2, 4, 2], "inflate": -0.001, "pivot": [-1.85, 3.26659, 2.13764], "rotation": [-4.97569, 17.59321, -0.62975], "uv": [0, 35]},
						{"origin": [-2.85, 0.03252, 1.05771], "size": [2, 1, 1], "pivot": [-1.85, 3.26659, 2.13764], "rotation": [-5.72569, 17.59321, -0.62975], "uv": [10, 27]},
						{"origin": [-2.85, 0.1442, 1.29131], "size": [2, 1, 2], "pivot": [-1.85, 3.26659, 2.13764], "rotation": [8.02431, 17.59321, -0.62975], "uv": [45, 37]},
						{"origin": [-3.51241, 9.575, -8.12741], "size": [6, 6, 6], "pivot": [-0.21186, 12.57103, -3.81529], "rotation": [0, -22.25, 0], "uv": [0, 14]},
						{"origin": [3.35578, 15.125, -4.61278], "size": [3, 7, 1], "pivot": [1.20578, 21.825, -4.11278], "rotation": [-24.03073, -18.19509, 25.58762], "uv": [26, 32]},
						{"origin": [1.05472, 15.32266, -4.70517], "size": [0, 2, 3], "pivot": [1.57972, 17.44766, -4.00517], "rotation": [-14.17145, -53.96708, 18.06637], "uv": [45, 16]},
						{"origin": [-1.99015, 15.85974, -4.77307], "size": [0, 2, 3], "pivot": [-1.99015, 16.85974, -3.27307], "rotation": [-88.64608, -81.61805, 105.5159], "uv": [11, 45]},
						{"origin": [-2.14366, 15.81153, -1.15721], "size": [0, 2, 3], "pivot": [-2.14366, 16.81153, -2.65721], "rotation": [-160.30533, -64.37841, 178.99694], "uv": [44, 31]},
						{"origin": [-4.64592, 16.21197, 4.17528], "size": [0, 2, 2], "pivot": [-4.64592, 17.21197, -0.32472], "rotation": [-171.05121, -20.46852, -166.26742], "uv": [7, 49]},
						{"origin": [-5.76317, 17.5605, -7.88192], "size": [0, 2, 2], "pivot": [-5.76317, 18.5605, -6.88192], "rotation": [-164.94278, 55.8771, -150.56045], "uv": [18, 0]},
						{"origin": [-4.38725, 16.96443, -8.46859], "size": [0, 2, 3], "pivot": [-4.38725, 17.96443, -7.46859], "rotation": [-112.23758, 81.59147, -77.9044], "uv": [44, 25]},
						{"origin": [-2.03973, 16.59738, -8.13927], "size": [0, 1, 1], "pivot": [-2.03973, 16.97238, -7.53927], "rotation": [-99.23758, 81.59147, -77.9044], "uv": [0, 42]},
						{"origin": [-2.03973, 15.37238, -7.93927], "size": [0, 1, 1], "pivot": [-2.03973, 16.97238, -7.53927], "rotation": [-124.98758, 81.59147, -77.9044], "uv": [41, 19]},
						{"origin": [4.20997, 13.13965, -5.37609], "size": [0, 2, 3], "pivot": [3.28696, 14.6161, -1.27475], "rotation": [-31.19879, 26.53592, 11.73196], "uv": [7, 42]},
						{"origin": [3.64251, 13.43722, -2.9266], "size": [0, 2, 3], "pivot": [3.28696, 14.6161, -1.27475], "rotation": [-15.66658, 7.80011, 14.21904], "uv": [43, 8]},
						{"origin": [2.59032, 13.43722, -5.48189], "size": [0, 2, 3], "pivot": [3.28696, 14.6161, -1.27475], "rotation": [-164.36626, 6.89082, -161.6782], "uv": [33, 43]},
						{"origin": [2.01008, 13.04126, 1.90068], "size": [0, 2, 3], "pivot": [1.91612, 14.2506, 4.48433], "rotation": [-0.09776, -38.38336, 28.83698], "uv": [19, 44]},
						{"origin": [2.01008, 13.95267, 4.84257], "size": [0, 1, 1], "pivot": [1.91612, 14.2506, 4.48433], "rotation": [12.90224, -38.38336, 28.83698], "uv": [40, 0]},
						{"origin": [2.01008, 13.13633, 4.91393], "size": [0, 1, 1], "pivot": [1.91612, 14.2506, 4.48433], "rotation": [-12.84776, -38.38336, 28.83698], "uv": [19, 41]},
						{"origin": [5.9798, 5.20616, -6.71235], "size": [0, 2, 3], "pivot": [3.37538, 7.2661, -1.2995], "rotation": [-34.97107, 44.2768, -10.98058], "uv": [41, 19]},
						{"origin": [4.85726, 5.78656, -4.82983], "size": [0, 2, 3], "pivot": [3.37538, 7.2661, -1.2995], "rotation": [-17.81647, 25.68321, -6.90793], "uv": [26, 41]},
						{"origin": [3.62168, 5.61222, 1.43065], "size": [0, 2, 3], "pivot": [4.39082, 7.12204, 0.94462], "rotation": [-171.57852, -11.29076, 179.33186], "uv": [41, 40]},
						{"origin": [4.80167, 4.59805, -0.30054], "size": [0, 2, 3], "pivot": [4.78705, 5.78095, 2.23521], "rotation": [-27.97187, -6.55381, 1.38168], "uv": [0, 42]},
						{"origin": [4.80167, 5.49802, 2.64607], "size": [0, 1, 1], "pivot": [4.78705, 5.78095, 2.23521], "rotation": [-14.97187, -6.55381, 1.38168], "uv": [18, 35]},
						{"origin": [4.80167, 4.70304, 2.7057], "size": [0, 1, 1], "pivot": [4.78705, 5.78095, 2.23521], "rotation": [-40.72187, -6.55381, 1.38168], "uv": [22, 35]},
						{"origin": [-6.07371, 5.1105, -7.83372], "size": [0, 2, 3], "pivot": [-3.5986, 6.58694, -2.01766], "rotation": [-45.60717, -42.2488, 30.03224], "uv": [18, 35]},
						{"origin": [-4.91402, 5.78199, -5.74029], "size": [0, 2, 3], "pivot": [-3.5986, 6.58694, -2.01766], "rotation": [-26.54703, -24.46215, 22.36376], "uv": [22, 38]},
						{"origin": [-4.2443, 5.47971, 1.10399], "size": [0, 2, 3], "pivot": [-4.81572, 5.78387, 0.29736], "rotation": [-163.42592, 11.08652, -165.99735], "uv": [41, 2]},
						{"origin": [-5.1281, 5.05891, -1.1624], "size": [0, 2, 3], "pivot": [-4.81572, 5.78387, 0.29736], "rotation": [-36.01841, 6.29754, 9.46633], "uv": [15, 41]},
						{"origin": [-5.1281, 5.70509, 1.85966], "size": [0, 1, 1], "pivot": [-4.81572, 5.78387, 0.29736], "rotation": [-23.01841, 6.29754, 9.46633], "uv": [0, 27]},
						{"origin": [-5.1281, 5.39008, 1.71625], "size": [0, 1, 1], "pivot": [-4.81572, 5.78387, 0.29736], "rotation": [-48.76841, 6.29754, 9.46633], "uv": [32, 0]},
						{"origin": [2.35578, 16.125, -4.61278], "size": [1, 6, 1], "pivot": [1.20578, 21.825, -4.11278], "rotation": [-24.03073, -18.19509, 25.58762], "uv": [45, 46]},
						{"origin": [6.35578, 16.125, -4.61278], "size": [1, 4, 1], "pivot": [1.20578, 21.825, -4.11278], "rotation": [-24.03073, -18.19509, 25.58762], "uv": [19, 14]},
						{"origin": [3.35578, 22.125, -4.61278], "size": [2, 2, 1], "pivot": [1.20578, 21.825, -4.11278], "rotation": [-24.03073, -18.19509, 25.58762], "uv": [0, 48]},
						{"origin": [4.35578, 24.125, -4.61278], "size": [1, 1, 1], "pivot": [1.20578, 21.825, -4.11278], "rotation": [-24.03073, -18.19509, 25.58762], "uv": [4, 42]},
						{"origin": [-7.73078, 16.125, -4.08778], "size": [1, 4, 1], "pivot": [-1.20578, 21.825, -4.11278], "rotation": [-14.90278, -20.52044, -22.66458], "uv": [0, 14]},
						{"origin": [-6.73078, 15.125, -4.08778], "size": [3, 7, 1], "pivot": [-1.20578, 21.825, -4.11278], "rotation": [-14.90278, -20.52044, -22.66458], "uv": [0, 0]},
						{"origin": [-5.73078, 22.125, -4.08778], "size": [2, 2, 1], "pivot": [-1.20578, 21.825, -4.11278], "rotation": [-14.90278, -20.52044, -22.66458], "uv": [26, 47]},
						{"origin": [-5.73078, 24.125, -4.08778], "size": [1, 1, 1], "pivot": [-1.20578, 21.825, -4.11278], "rotation": [-14.90278, -20.52044, -22.66458], "uv": [30, 41]},
						{"origin": [-3.73078, 16.125, -4.08778], "size": [1, 6, 1], "pivot": [-1.20578, 21.825, -4.11278], "rotation": [-14.90278, -20.52044, -22.66458], "uv": [40, 46]},
						{"origin": [-1.01241, 12.6, -8.15241], "size": [1, 1, 0], "pivot": [-0.21186, 12.57103, -3.81529], "rotation": [0, -22.25, 0], "uv": [18, 7]},
						{"origin": [-2.01241, 9.575, -9.12741], "size": [3, 2, 1], "pivot": [-0.21186, 12.57103, -3.81529], "rotation": [0, -22.25, 0], "uv": [47, 7]},
						{"origin": [-1.35, 5.575, -6.4], "size": [3, 4, 3], "pivot": [0.15, 11.30019, -5.54296], "rotation": [0, -6.25, 0], "uv": [0, 27]},
						{"origin": [0.52782, 7.35533, -7.28222], "size": [2, 2, 1], "pivot": [1.52782, 8.60533, -6.75722], "rotation": [-5.7776, -2.38772, 67.62051], "uv": [48, 22]},
						{"origin": [-1.68235, 7.60533, -7.52665], "size": [2, 2, 1], "pivot": [-0.93235, 8.60533, -7.02665], "rotation": [-2.3999, -5.77256, 22.62102], "uv": [48, 41]},
						{"origin": [2.83426, 15.86451, -5.96686], "size": [2, 2, 1], "pivot": [3.4491, 15.93466, -5.45436], "rotation": [-23.27661, 14.86223, 83.90135], "uv": [25, 19]},
						{"origin": [1.51924, 14.5495, -5.94186], "size": [2, 2, 1], "pivot": [3.4491, 15.93466, -5.45436], "rotation": [-26.95151, -5.08939, 43.19936], "uv": [27, 7]}
					]
				}
			]
		}
	]
}