{
	"format_version": "1.12.0",
	"minecraft:geometry": [
		{
			"description": {
				"identifier": "geometry.unknown",
				"texture_width": 64,
				"texture_height": 64,
				"visible_bounds_width": 3,
				"visible_bounds_height": 3.5,
				"visible_bounds_offset": [0, 1.25, 0]
			},
			"bones": [
				{
					"name": "bone3",
					"pivot": [0, 0, 0],
					"cubes": [
						{"origin": [-2, 9, -1], "size": [4, 4, 2], "inflate": 0.001, "pivot": [0, 11, 0], "rotation": [0, 0, 45], "uv": [36, 23]},
						{"origin": [-1, 7, -0.5], "size": [2, 3, 1], "uv": [41, 36]},
						{"origin": [-0.5, 13, -3], "size": [1, 7, 6], "uv": [0, 24]},
						{"origin": [0, 19, -4], "size": [0, 14, 10], "uv": [0, 0]},
						{"origin": [-3.5, 15, -2], "size": [7, 3, 4], "uv": [0, 0]},
						{"origin": [-2.25, 16, -2.075], "size": [0.5, 1, 0], "uv": [4, 4]},
						{"origin": [1.75, 16, -2.075], "size": [0.5, 1, 0], "uv": [4, 4]},
						{"origin": [-2.5, 5, -1], "size": [5, 3, 2], "uv": [36, 0]},
						{"origin": [-3.5, 6, -2], "size": [7, 1, 4], "uv": [18, 3]},
						{"origin": [-1.5, 0, -1], "size": [3, 5, 2], "uv": [26, 37]},
						{"origin": [-2.5, 1, -0.5], "size": [2, 5, 1], "pivot": [0, 6, 0.5], "rotation": [0, 0, 22.5], "uv": [0, 42]},
						{"origin": [0.5, 1, -0.5], "size": [2, 5, 1], "pivot": [0, 6, 0.5], "rotation": [0, 0, -22.5], "uv": [17, 41]},
						{"origin": [-1, 1, -1.5], "size": [2, 5, 1], "pivot": [0, 6, 0.5], "rotation": [-10, 0, 0], "uv": [0, 24]},
						{"origin": [-2.5, 18, -1.5], "size": [5, 1, 3], "uv": [26, 33]},
						{"origin": [-2.5, 14, -1.5], "size": [5, 1, 3], "uv": [32, 8]},
						{"origin": [-3, 9.5, -1.5], "size": [1, 4, 3], "uv": [9, 39]},
						{"origin": [-4, 8, -1], "size": [1, 4, 2], "pivot": [-3, 11, 0], "rotation": [0, 0, 45], "uv": [39, 29]},
						{"origin": [2, 9.5, -1.5], "size": [1, 4, 3], "uv": [36, 37]},
						{"origin": [3, 8, -1], "size": [1, 4, 2], "pivot": [3, 11, 0], "rotation": [0, 0, -45], "uv": [8, 24]}
					]
				},
				{
					"name": "bone",
					"parent": "bone3",
					"pivot": [0, 11, 0],
					"cubes": [
						{"origin": [-8, 2, -2], "size": [3, 6, 4], "pivot": [-5, 6, 0], "rotation": [0, 0, -5.5], "uv": [32, 13]},
						{"origin": [-10, 6, -3], "size": [5, 9, 6], "inflate": 0.002, "uv": [14, 18]},
						{"origin": [-9, 11.75, -2], "size": [4, 5, 4], "inflate": 0.001, "pivot": [-5, 15, 0], "rotation": [0, 0, 22.5], "uv": [20, 8]},
						{"origin": [-14, 11, 0], "size": [6, 8, 0], "uv": [14, 33]},
						{"origin": [-9, 13.35, -1], "size": [4, 3, 2], "pivot": [-5, 15, 0], "rotation": [0, 0, 67.5], "uv": [0, 37]}
					]
				},
				{
					"name": "bone2",
					"parent": "bone3",
					"pivot": [0, 11, 0],
					"rotation": [0, 180, 0],
					"cubes": [
						{"origin": [-8, 2, -2], "size": [3, 6, 4], "pivot": [-5, 6, 0], "rotation": [0, 0, -5.5], "uv": [32, 13]},
						{"origin": [-10, 6, -3], "size": [5, 9, 6], "inflate": 0.002, "uv": [14, 18]},
						{"origin": [-9, 11.75, -2], "size": [4, 5, 4], "inflate": 0.001, "pivot": [-5, 15, 0], "rotation": [0, 0, 22.5], "uv": [20, 8]},
						{"origin": [-14, 11, 0], "size": [6, 8, 0], "uv": [14, 33]},
						{"origin": [-9, 13.35, -1], "size": [4, 3, 2], "pivot": [-5, 15, 0], "rotation": [0, 0, 67.5], "uv": [0, 37]}
					]
				}
			]
		}
	]
}