{
	"format_version": "1.12.0",
	"minecraft:geometry": [
		{
			"description": {
				"identifier": "geometry.unknown",
				"texture_width": 64,
				"texture_height": 64,
				"visible_bounds_width": 3,
				"visible_bounds_height": 3.5,
				"visible_bounds_offset": [0, 1.25, 0]
			},
			"bones": [
				{
					"name": "bone18",
					"pivot": [0, 0, 0],
					"cubes": [
						{"origin": [-3.5, 8, -3], "size": [7, 6, 6], "uv": [0, 0]},
						{"origin": [-2.25, 12.5, -3.025], "size": [0.5, 2, 0], "uv": [0, 10]},
						{"origin": [1.75, 12.5, -3.025], "size": [0.5, 2, 0], "uv": [0, 10]},
						{"origin": [0, 11.5, -3.75], "size": [1, 1, 1], "pivot": [0, 12.5, -2.75], "rotation": [0, 0, 45], "uv": [0, 4]},
						{"origin": [-1.25, 11.5, -3.75], "size": [2, 2, 1], "inflate": 0.001, "pivot": [0, 12.5, -2.75], "rotation": [2.61246, 2.29725, 89.92472], "uv": [6, 33]},
						{"origin": [0.5, 11, -3.25], "size": [2, 3, 0], "inflate": 0.001, "pivot": [0, 12.5, -2.75], "rotation": [2.61246, 2.29725, 89.92472], "uv": [29, 0]},
						{"origin": [0, 0, -1], "size": [1, 1, 2], "pivot": [0, 0, 0], "rotation": [0, 0, -45], "uv": [16, 33]},
						{"origin": [-2, 1, -2], "size": [4, 4, 4], "uv": [22, 28]},
						{"origin": [-1, 5, -1], "size": [2, 4, 2], "uv": [0, 12]}
					]
				},
				{
					"name": "bone3",
					"parent": "bone18",
					"pivot": [0, 13.5, 0]
				},
				{
					"name": "bone",
					"parent": "bone3",
					"pivot": [0, 13.5, 0],
					"rotation": [0, 0, -10],
					"cubes": [
						{"origin": [9, 13.5, -2], "size": [1, 2, 4], "uv": [10, 33]},
						{"origin": [4, 13.5, -3], "size": [5, 3, 6], "uv": [20, 6]},
						{"origin": [0, 13.5, -4], "size": [4, 4, 8], "inflate": 0.001, "uv": [0, 12]}
					]
				},
				{
					"name": "bone2",
					"parent": "bone3",
					"pivot": [0, 13.5, 0],
					"rotation": [0, 0, 10],
					"cubes": [
						{"origin": [-4, 13.5, -4], "size": [4, 4, 8], "uv": [16, 16]},
						{"origin": [-9, 13.5, -3], "size": [5, 3, 6], "uv": [0, 24]},
						{"origin": [-10, 13.5, -2], "size": [1, 2, 4], "uv": [34, 32]}
					]
				},
				{
					"name": "bone4",
					"parent": "bone3",
					"pivot": [3, 15, 0],
					"rotation": [0, 0, 22.5],
					"cubes": [
						{"origin": [0, 15, -1], "size": [3, 3, 2], "inflate": 0.001, "uv": [20, 36]}
					]
				},
				{
					"name": "bone5",
					"parent": "bone4",
					"pivot": [2, 18, 0],
					"rotation": [0, 0, -17.5],
					"cubes": [
						{"origin": [0, 18, -0.5], "size": [2, 3, 1], "uv": [0, 24]}
					]
				},
				{
					"name": "bone6",
					"parent": "bone5",
					"pivot": [2, 21, 0],
					"rotation": [0, 0, -22.5],
					"cubes": [
						{"origin": [0, 21, 0], "size": [2, 3, 0], "uv": [22, 28]}
					]
				},
				{
					"name": "bone7",
					"parent": "bone3",
					"pivot": [-3, 15, 0],
					"rotation": [0, 0, -22.5],
					"cubes": [
						{"origin": [-3, 15, -1], "size": [3, 3, 2], "inflate": 0.001, "uv": [36, 5]}
					]
				},
				{
					"name": "bone8",
					"parent": "bone7",
					"pivot": [-2, 18, 0],
					"rotation": [0, 0, 17.5],
					"cubes": [
						{"origin": [-2, 18, -0.5], "size": [2, 3, 1], "uv": [0, 0]}
					]
				},
				{
					"name": "bone9",
					"parent": "bone8",
					"pivot": [-2, 21, 0],
					"rotation": [0, 0, 22.5],
					"cubes": [
						{"origin": [-2, 21, 0], "size": [2, 3, 0], "uv": [16, 12]}
					]
				},
				{
					"name": "bone19",
					"parent": "bone18",
					"pivot": [0.5, 10, -0.5],
					"rotation": [2.06754, 22.40972, 5.40961]
				},
				{
					"name": "bone10",
					"parent": "bone19",
					"pivot": [0.5, 10, -0.5],
					"rotation": [0, 0, 22.5],
					"cubes": [
						{"origin": [3.27164, 8.64805, -2.5], "size": [1, 4, 4], "uv": [0, 33]}
					]
				},
				{
					"name": "bone11",
					"parent": "bone10",
					"pivot": [4.27164, 12.14805, -0.5],
					"rotation": [0, 0, 33],
					"cubes": [
						{"origin": [4.27164, 10.14805, -2], "size": [3, 2, 3], "uv": [32, 0]}
					]
				},
				{
					"name": "bone12",
					"parent": "bone11",
					"pivot": [7.27164, 12.14805, -0.5],
					"rotation": [0, 0, 42.5],
					"cubes": [
						{"origin": [7.27164, 10.14805, -1.5], "size": [3, 2, 2], "uv": [38, 15]}
					]
				},
				{
					"name": "bone13",
					"parent": "bone12",
					"pivot": [10.27164, 10.14805, -0.5],
					"rotation": [0, 0, -5],
					"cubes": [
						{"origin": [10.27164, 9.64805, -1.5], "size": [2, 3, 2], "inflate": 0.001, "uv": [30, 38]}
					]
				},
				{
					"name": "bone20",
					"parent": "bone18",
					"pivot": [-0.5, 10, -0.5],
					"rotation": [2.06754, -22.40972, -5.40961]
				},
				{
					"name": "bone14",
					"parent": "bone20",
					"pivot": [-3.5, 10, -0.5],
					"rotation": [0, 0, -22.5],
					"cubes": [
						{"origin": [-4.5, 7.5, -2.5], "size": [1, 4, 4], "uv": [32, 15]}
					]
				},
				{
					"name": "bone15",
					"parent": "bone14",
					"pivot": [-4.5, 11, -0.5],
					"rotation": [0, 0, -33],
					"cubes": [
						{"origin": [-7.5, 9, -2], "size": [3, 2, 3], "uv": [20, 0]}
					]
				},
				{
					"name": "bone16",
					"parent": "bone15",
					"pivot": [-7.5, 11, -0.5],
					"rotation": [0, 0, -42.5],
					"cubes": [
						{"origin": [-10.5, 9, -1.5], "size": [3, 2, 2], "uv": [34, 28]}
					]
				},
				{
					"name": "bone17",
					"parent": "bone16",
					"pivot": [-10.5, 9, -0.5],
					"rotation": [0, 0, 5],
					"cubes": [
						{"origin": [-12.5, 8.5, -1.5], "size": [2, 3, 2], "inflate": 0.001, "uv": [16, 15]}
					]
				}
			]
		}
	]
}