{
	"format_version": "1.12.0",
	"minecraft:geometry": [
		{
			"description": {
				"identifier": "geometry.unknown",
				"texture_width": 128,
				"texture_height": 128,
				"visible_bounds_width": 3,
				"visible_bounds_height": 3.5,
				"visible_bounds_offset": [0, 1.25, 0]
			},
			"bones": [
				{
					"name": "bone",
					"pivot": [0, 0, -1],
					"rotation": [15, 0, 0],
					"cubes": [
						{"origin": [-5, 2, -5], "size": [10, 12, 10], "uv": [0, 0]},
						{"origin": [5.05, 4, -0.5], "size": [0, 8, 1], "uv": [0, 52]},
						{"origin": [-5.025, 4, -0.5], "size": [0, 8, 1], "uv": [0, 52]},
						{"origin": [0, 1, 4], "size": [0, 15, 7], "uv": [0, 24]},
						{"origin": [-1, 0, -1], "size": [2, 7, 7], "uv": [30, 30]}
					]
				},
				{
					"name": "bone2",
					"parent": "bone",
					"pivot": [0, 14, 0],
					"rotation": [-7.5, 0, 0],
					"cubes": [
						{"origin": [-2, 13, -2], "size": [4, 3, 4], "uv": [0, 46]},
						{"origin": [-1, 16, -1], "size": [2, 3, 2], "uv": [14, 39]}
					]
				},
				{
					"name": "bone3",
					"parent": "bone2",
					"pivot": [0, 19, 0],
					"rotation": [40, -22.5, 0],
					"cubes": [
						{"origin": [1, 18, -3], "size": [1, 1, 3], "uv": [47, 47]},
						{"origin": [0.5, 17.5, -6], "size": [2, 2, 3], "uv": [0, 5]},
						{"origin": [0.5, 17.5, -9], "size": [2, 2, 2], "uv": [48, 36]},
						{"origin": [0, 17, -7], "size": [3, 3, 1], "uv": [48, 40]}
					]
				},
				{
					"name": "bone4",
					"parent": "bone2",
					"pivot": [0, 19, 0],
					"rotation": [40, 22.5, 0],
					"cubes": [
						{"origin": [-2, 18, -3], "size": [1, 1, 3], "uv": [47, 0]},
						{"origin": [-2.5, 17.5, -6], "size": [2, 2, 3], "uv": [0, 0]},
						{"origin": [-2.5, 17.5, -9], "size": [2, 2, 2], "uv": [46, 24]},
						{"origin": [-3, 17, -7], "size": [3, 3, 1], "uv": [22, 39]}
					]
				},
				{
					"name": "bone5",
					"parent": "bone2",
					"pivot": [0, 18, 0],
					"rotation": [-12, 0, 0],
					"cubes": [
						{"origin": [-2, 17, -2], "size": [3, 3, 3], "pivot": [0, 18, 0], "rotation": [0, 0, 45], "uv": [46, 18]},
						{"origin": [-3, 20, -3], "size": [6, 5, 5], "uv": [30, 0]},
						{"origin": [-3, 22.5, -3.01], "size": [2, 1, 0], "uv": [2, 60]},
						{"origin": [-7, 21.5, -3.01], "size": [2, 0.5, 0], "pivot": [-2, 22, -3.01], "rotation": [0, 180, 0], "uv": [6, 60]},
						{"origin": [-3, 24, -3.01], "size": [1, 0.5, 0], "uv": [6, 60]},
						{"origin": [-7, 24, -3.01], "size": [1, 0.5, 0], "pivot": [-2, 24.5, -3.01], "rotation": [0, 180, 0], "uv": [6, 60]},
						{"origin": [-3, 21.5, -3.01], "size": [2, 0.5, 0], "uv": [6, 60]},
						{"origin": [-7, 22.5, -3.01], "size": [2, 1, 0], "pivot": [-2, 23, -3.01], "rotation": [0, 180, 0], "uv": [2, 60]},
						{"origin": [-6.5, 22.25, -2.985], "size": [1, 1.5, 0], "pivot": [-2, 23, -3.01], "rotation": [0, 180, 0], "uv": [2, 58]},
						{"origin": [-2.5, 22.25, -2.985], "size": [1, 1.5, 0], "pivot": [-2, 23, -3.01], "rotation": [0, 180, 0], "uv": [2, 58]},
						{"origin": [-4, 25, -4], "size": [8, 2, 7], "uv": [0, 22]},
						{"origin": [-3, 27, -3], "size": [6, 3, 5], "uv": [40, 10]},
						{"origin": [-4.5, 27, -0.5], "size": [9, 6, 0], "pivot": [0, 28, -0.5], "rotation": [0, 45, 0], "uv": [32, 44]},
						{"origin": [-4.5, 27, -0.5], "size": [9, 6, 0], "pivot": [0, 28, -0.5], "rotation": [0, -45, 0], "uv": [14, 44]}
					]
				},
				{
					"name": "bone6",
					"parent": "bone5",
					"pivot": [-3, 25, 0],
					"cubes": [
						{"origin": [-6, 13, -3], "size": [12, 12, 0], "pivot": [0, 25, -3], "rotation": [-12.5, 0, 0], "uv": [0, 61]},
						{"origin": [4.25, 17, -3], "size": [0, 8, 8], "pivot": [3, 25, 0], "rotation": [0, 22.5, -10], "uv": [30, 14]},
						{"origin": [-6, 19, 2], "size": [12, 6, 0], "pivot": [0, 25, 2], "rotation": [22.5, 0, 0], "uv": [41, 30]},
						{"origin": [-4.25, 17, -3], "size": [0, 8, 8], "pivot": [-3, 25, 0], "rotation": [0, -22.5, 10], "uv": [14, 23]}
					]
				}
			]
		}
	]
}