{
	"format_version": "1.12.0",
	"minecraft:geometry": [
		{
			"description": {
				"identifier": "geometry.unknown",
				"texture_width": 64,
				"texture_height": 64,
				"visible_bounds_width": 3,
				"visible_bounds_height": 2.5,
				"visible_bounds_offset": [0, 0.75, 0]
			},
			"bones": [
				{
					"name": "bone",
					"pivot": [0, 0, 0],
					"cubes": [
						{"origin": [-3, 0, -1], "size": [6, 5, 5], "uv": [0, 0]},
						{"origin": [-3.5, 3, -3], "size": [7, 5, 5], "uv": [0, 54]},
						{"origin": [0, 3, 3], "size": [0, 6, 6], "uv": [0, 14]},
						{"origin": [2, 0, -2], "size": [3, 2, 2], "pivot": [3, 0, -1], "rotation": [0, 45, 0], "uv": [12, 22]},
						{"origin": [-5, 0, 3], "size": [3, 2, 2], "pivot": [-3, 0, 4], "rotation": [0, 45, 0], "uv": [17, 0]},
						{"origin": [2, 0, 3], "size": [3, 2, 2], "pivot": [3, 0, 4], "rotation": [0, -45, 0], "uv": [18, 18]},
						{"origin": [-5, 0, -2], "size": [3, 2, 2], "pivot": [-3, 0, -1], "rotation": [0, -45, 0], "uv": [22, 4]},
						{"origin": [-2, 4, -3.75], "size": [4, 4, 5], "pivot": [0, 0, 0], "rotation": [30, 0, 0], "uv": [1, 11]},
						{"origin": [-5, 5, -3.05], "size": [10, 5, 0], "uv": [14, 10]}
					]
				}
			]
		}
	]
}