{
	"format_version": "1.12.0",
	"minecraft:geometry": [
		{
			"description": {
				"identifier": "geometry.unknown",
				"texture_width": 64,
				"texture_height": 64,
				"visible_bounds_width": 2,
				"visible_bounds_height": 2.5,
				"visible_bounds_offset": [0, 0.75, 0]
			},
			"bones": [
				{
					"name": "bone3",
					"pivot": [2.5, 1, -1.5],
					"cubes": [
						{"origin": [-2.5, 0, -4.5], "size": [2, 2, 4], "pivot": [-2.5, 1, -1.5], "rotation": [0, 22.5, 0], "uv": [23, 21]},
						{"origin": [0.5, 0, -4.5], "size": [2, 2, 4], "pivot": [2.5, 1, -1.5], "rotation": [0, -22.5, 0], "uv": [0, 19]}
					]
				},
				{
					"name": "bone2",
					"parent": "bone3",
					"pivot": [-3, -1, 0],
					"rotation": [7.5, 0, 0],
					"cubes": [
						{"origin": [-2.5, 0, -1.5], "size": [5, 5, 3], "uv": [0, 11]},
						{"origin": [1.5, 1, -1], "size": [2, 4, 2], "pivot": [3, 5, 0], "rotation": [-22.5, 0, -22.5], "uv": [24, 0]},
						{"origin": [-3.5, 1, -1], "size": [2, 4, 2], "pivot": [-3, 5, 0], "rotation": [-22.5, 0, 22.5], "uv": [0, 25]}
					]
				},
				{
					"name": "bone",
					"parent": "bone2",
					"pivot": [0, 5, 0],
					"rotation": [20, 0, 0],
					"cubes": [
						{"origin": [-3.5, 5, -2.5], "size": [7, 6, 5], "uv": [0, 0]},
						{"origin": [-0.5, 5, -2.525], "size": [1, 1, 0], "uv": [8, 10]},
						{"origin": [-0.5, 5.5, -2.52], "size": [1, 1, 0], "uv": [8, 8]},
						{"origin": [1.5, 10, -1.5], "size": [4, 4, 3], "pivot": [3, 11, 0], "rotation": [0, 0, 22.5], "uv": [13, 18]},
						{"origin": [-5.5, 10, -1.5], "size": [4, 4, 3], "pivot": [-3, 11, 0], "rotation": [0, 0, -22.5], "uv": [16, 11]}
					]
				}
			]
		}
	]
}