{
	"format_version": "1.12.0",
	"minecraft:geometry": [
		{
			"description": {
				"identifier": "geometry.unknown",
				"texture_width": 128,
				"texture_height": 128,
				"visible_bounds_width": 4,
				"visible_bounds_height": 3.5,
				"visible_bounds_offset": [0, 1.25, 0]
			},
			"bones": [
				{
					"name": "bone7",
					"pivot": [0, 0, 0]
				},
				{
					"name": "bone6",
					"parent": "bone7",
					"pivot": [-7.5, 11, 0.5],
					"rotation": [-44.56145, -7.05302, -29.60708],
					"cubes": [
						{"origin": [-8, -5, -1], "size": [3, 5, 3], "uv": [58, 63]},
						{"origin": [-8, 0, -1], "size": [2, 1, 2], "uv": [52, 7]},
						{"origin": [-7.5, 0, -0.5], "size": [2, 11, 2], "uv": [50, 58]},
						{"origin": [-5.25, 12.425, -0.5], "size": [2, 4, 2], "uv": [20, 0]},
						{"origin": [-8.25, 10.425, 0.5], "size": [3, 6, 0], "uv": [32, 32]},
						{"origin": [-8.25, 16.425, -3.5], "size": [8, 8, 8], "uv": [0, 24]},
						{"origin": [-10.25, 24.425, 0.5], "size": [10, 10, 0], "uv": [44, 11]},
						{"origin": [1.75, 14.425, -5.5], "size": [4, 12, 12], "uv": [0, 0]},
						{"origin": [2.75, 27.425, -4.5], "size": [2, 1, 2], "uv": [50, 35]},
						{"origin": [3.25, 26.425, -3.5], "size": [1, 1, 0], "uv": [9, 8]},
						{"origin": [3.75, 26.425, -4], "size": [0, 1, 1], "uv": [0, 9]},
						{"origin": [-1.25, 17.425, -2.5], "size": [3, 6, 6], "uv": [18, 46]},
						{"origin": [-10.25, 18.425, -1.5], "size": [2, 4, 4], "uv": [60, 3]},
						{"origin": [-13.25, 17.425, -2.5], "size": [3, 6, 6], "uv": [36, 46]},
						{"origin": [-7.5, 11, -0.5], "size": [2, 4, 2], "inflate": 0.001, "pivot": [-7.5, 11, 0.5], "rotation": [0, 0, 45], "uv": [0, 24]}
					]
				},
				{
					"name": "bone5",
					"parent": "bone7",
					"pivot": [0, 0, 0],
					"cubes": [
						{"origin": [-3, 0, -1.5], "size": [3, 3, 3], "pivot": [0, 3, 0], "rotation": [0, 0, 15], "uv": [18, 40]},
						{"origin": [0, 0, -1.5], "size": [3, 3, 3], "pivot": [0, 3, 0], "rotation": [0, 0, -15], "uv": [32, 11]},
						{"origin": [-3, 3, -2], "size": [6, 3, 4], "uv": [0, 54]},
						{"origin": [-7, 0, 7], "size": [6, 3, 4], "uv": [52, 42]},
						{"origin": [1, 0, 7], "size": [6, 3, 4], "uv": [50, 28]},
						{"origin": [5, 0, 2], "size": [6, 3, 4], "uv": [50, 21]},
						{"origin": [-11, 0, 2], "size": [6, 3, 4], "uv": [44, 0]},
						{"origin": [3, 3, -1.5], "size": [0, 1, 3], "pivot": [3, 4, 0], "rotation": [0, 0, -45], "uv": [20, 4]},
						{"origin": [-3, 3, -1.5], "size": [0, 1, 3], "pivot": [-3, 4, 0], "rotation": [0, 0, 45], "uv": [20, 3]},
						{"origin": [0, 3, 2], "size": [0, 2, 1], "uv": [0, 7]},
						{"origin": [-3, 7, -3], "size": [6, 6, 6], "uv": [0, 40]},
						{"origin": [-4, 12, -4], "size": [8, 3, 8], "uv": [20, 0]},
						{"origin": [0, 14, 0], "size": [6, 8, 0], "pivot": [0, 15, 0], "rotation": [0, 0, 22.5], "uv": [0, 61]},
						{"origin": [-6, 14, 0], "size": [6, 8, 0], "pivot": [0, 15, 0], "rotation": [0, 0, -22.5], "uv": [0, 0]},
						{"origin": [0, 6.5, 0], "size": [4, 5, 4], "pivot": [0, 11.5, 0], "rotation": [22.5, 0, -22.5], "uv": [16, 58]},
						{"origin": [-1, -1.5, -1], "size": [6, 8, 6], "pivot": [0, 11.5, 0], "rotation": [22.5, 0, -22.5], "uv": [32, 32]},
						{"origin": [-4, 6.5, 0], "size": [4, 5, 4], "pivot": [0, 11.5, 0], "rotation": [22.5, 0, 22.5], "uv": [54, 49]},
						{"origin": [-5, -1.5, -1], "size": [6, 8, 6], "pivot": [0, 11.5, 0], "rotation": [22.5, 0, 22.5], "uv": [26, 18]},
						{"origin": [-2, 6, -2], "size": [4, 1, 4], "uv": [58, 58]}
					]
				},
				{
					"name": "bone",
					"parent": "bone5",
					"pivot": [1.5, 6.5, 1],
					"rotation": [-110.94102, 8.42106, 20.94102],
					"cubes": [
						{"origin": [1.5, 5.5, -0.5], "size": [3, 1, 3], "uv": [30, 46]}
					]
				},
				{
					"name": "bone2",
					"parent": "bone",
					"pivot": [4.5, 6.5, 1],
					"rotation": [0, 0, 25],
					"cubes": [
						{"origin": [4.5, 5.5, -2], "size": [4, 1, 5], "uv": [32, 58]},
						{"origin": [8.5, 5.5, 0], "size": [2, 1, 2], "uv": [32, 64]},
						{"origin": [8.5, 5.5, 2], "size": [2, 1, 2], "pivot": [8.5, 6.5, 3], "rotation": [0, 0, 5], "uv": [64, 14]},
						{"origin": [8.5, 5.5, -2], "size": [2, 1, 2], "pivot": [8.5, 6.5, -1], "rotation": [0, 0, 5], "uv": [64, 17]},
						{"origin": [7.5, 5.05, -3], "size": [3, 1, 2], "pivot": [8.5, 6.5, -2], "rotation": [20.94102, 40.78947, 30.36119], "uv": [48, 49]}
					]
				},
				{
					"name": "bone3",
					"parent": "bone5",
					"pivot": [-1.5, 6.5, 1],
					"rotation": [-114.14867, 20.70481, 170.99283],
					"cubes": [
						{"origin": [-1.5, 5.5, -0.5], "size": [3, 1, 3], "uv": [0, 8]}
					]
				},
				{
					"name": "bone4",
					"parent": "bone3",
					"pivot": [1.5, 6.5, 1],
					"rotation": [0, 0, 25],
					"cubes": [
						{"origin": [1.5, 5.5, -1], "size": [4, 1, 5], "uv": [56, 35]},
						{"origin": [5.5, 5.5, 0], "size": [2, 1, 2], "pivot": [5.5, 6.5, 1], "rotation": [0, 0, 22.5], "uv": [64, 11]},
						{"origin": [5.5, 5.5, 2], "size": [2, 1, 2], "pivot": [5.5, 6.5, 3], "rotation": [0, 0, 27.5], "uv": [60, 0]},
						{"origin": [5.5, 5.5, -2], "size": [2, 1, 2], "pivot": [5.5, 6.5, -1], "rotation": [0, 0, 50], "uv": [28, 58]},
						{"origin": [8.5, 5.45, 1.5], "size": [3, 1, 2], "pivot": [5.5, 6.5, -2], "rotation": [-2.5, -45, 0], "uv": [44, 21]}
					]
				}
			]
		}
	]
}