{
	"format_version": "1.12.0",
	"minecraft:geometry": [
		{
			"description": {
				"identifier": "geometry.togepi plush",
				"texture_width": 64,
				"texture_height": 64,
				"visible_bounds_width": 2,
				"visible_bounds_height": 2.5,
				"visible_bounds_offset": [0, 0.75, 0]
			},
			"bones": [
				{
					"name": "bone3",
					"pivot": [0, 0, 0],
					"cubes": [
						{"origin": [-3, 0, -4], "size": [6, 1, 6], "uv": [24, 0]},
						{"origin": [-4, 1, -5], "size": [8, 7, 8], "uv": [0, 0]},
						{"origin": [-7, 5, -2], "size": [4, 2, 2], "pivot": [-4, 5, -1], "rotation": [0, -30, 35], "uv": [36, 26]},
						{"origin": [3, 5, -2], "size": [4, 2, 2], "pivot": [4, 5, -1], "rotation": [0, 30, -35], "uv": [24, 34]},
						{"origin": [-3, 1, -5], "size": [2, 3, 1], "pivot": [-2, 0, -5], "rotation": [24.78507, 12.31064, -24.78507], "uv": [24, 0]},
						{"origin": [1, 1, -5], "size": [2, 3, 1], "pivot": [2, 0, -5], "rotation": [24.78507, -12.31064, 24.78507], "uv": [0, 19]},
						{"origin": [-4, 3, -5], "size": [8, 3, 8], "uv": [21, 53]},
						{"origin": [-3, 2.87803, -3.86092], "size": [6, 7, 6], "uv": [0, 26]},
						{"origin": [1, 7.37803, -3.96092], "size": [1, 2, 0], "uv": [0, 5]},
						{"origin": [-2, 7.37803, -3.96092], "size": [1, 2, 0], "uv": [0, 0]}
					]
				},
				{
					"name": "bone2",
					"parent": "bone3",
					"pivot": [0, 8, 3],
					"rotation": [-32.5, 0, 0],
					"cubes": [
						{"origin": [-4, 5.61931, -4], "size": [8, 3, 8], "uv": [0, 15]},
						{"origin": [-2.81978, 7.63112, -3.30609], "size": [6, 4, 6], "pivot": [0, 10, 1], "rotation": [0, 0, 7.5], "uv": [26, 9]},
						{"origin": [-2.14792, 10.49986, -2.71783], "size": [4, 4, 4], "pivot": [0, 10, 1], "rotation": [-14.65993, 3.21132, 19.58681], "uv": [24, 26]},
						{"origin": [3.69572, 15.35665, 1.44915], "size": [1, 2, 1], "pivot": [3, 16, 3], "rotation": [-10.92889, 35.62727, 108.8931], "uv": [24, 19]},
						{"origin": [1.61483, 14.0406, 0.24912], "size": [2, 3, 2], "pivot": [1, 16, 2], "rotation": [-35.72858, 10.54529, 51.50703], "uv": [0, 0]},
						{"origin": [2.9401, 17.35665, 1.21809], "size": [2, 2, 2], "pivot": [3, 16, 3], "rotation": [-10.92889, 35.62727, 108.8931], "uv": [0, 15]}
					]
				},
				{
					"name": "bone",
					"parent": "bone3",
					"pivot": [0, 6, 0],
					"rotation": [-7.5, 0, 0]
				}
			]
		}
	]
}