{
	"format_version": "1.12.0",
	"minecraft:geometry": [
		{
			"description": {
				"identifier": "geometry.unknown",
				"texture_width": 64,
				"texture_height": 64,
				"visible_bounds_width": 3,
				"visible_bounds_height": 2.5,
				"visible_bounds_offset": [0, 0.75, 0]
			},
			"bones": [
				{
					"name": "bone7",
					"pivot": [0, 0, 0],
					"cubes": [
						{"origin": [-1, 11, -2.51], "size": [2, 1, 0], "uv": [0, 60]},
						{"origin": [3, 12, -2.6], "size": [1, 1, 0], "uv": [0, 62]},
						{"origin": [-3.5, 10.5, -2.525], "size": [7, 3, 0], "uv": [0, 61]},
						{"origin": [-0.5, 12, -2.6], "size": [1, 1, 0], "uv": [0, 62]},
						{"origin": [-2, 11, -2.6], "size": [1, 1, 0], "uv": [0, 62]},
						{"origin": [-4, 12, -2.6], "size": [1, 1, 0], "uv": [0, 62]},
						{"origin": [1, 11, -2.6], "size": [1, 1, 0], "uv": [0, 62]},
						{"origin": [-4, 0, -4], "size": [8, 4, 8], "uv": [0, 0]},
						{"origin": [-5, 0, -3], "size": [4, 5, 6], "uv": [20, 19]},
						{"origin": [1, 0, -3], "size": [4, 5, 6], "uv": [0, 19]},
						{"origin": [-2, 4, -1.5], "size": [4, 3, 3], "inflate": 0.0001, "uv": [0, 40]},
						{"origin": [-3, 7, -1.5], "size": [6, 3, 3], "inflate": 0.01, "uv": [33, 4]},
						{"origin": [-2.5, 10, -2.5], "size": [5, 5, 5], "uv": [0, 30]},
						{"origin": [-2.75, 15.5, -2], "size": [1, 1, 1], "pivot": [0, 15.5, -0.5], "rotation": [0, 0, -22.5], "uv": [0, 2]},
						{"origin": [1.75, 15.5, -2], "size": [1, 1, 1], "pivot": [0, 15.5, -0.5], "rotation": [0, 0, 22.5], "uv": [0, 0]},
						{"origin": [2.5, 14, 0], "size": [1, 3, 0], "pivot": [0, 15, 0], "rotation": [0, 0, 22.5], "uv": [4, 0]},
						{"origin": [-3.5, 14, 0], "size": [1, 3, 0], "pivot": [0, 15, 0], "rotation": [0, 0, -22.5], "uv": [0, 4]},
						{"origin": [-1.5, 10, -1.5], "size": [3, 6, 5], "inflate": 0.001, "uv": [20, 30]},
						{"origin": [-1.5, 12, 3.5], "size": [3, 3, 2], "inflate": 0.001, "uv": [15, 30]},
						{"origin": [-1.5, 10, 3.5], "size": [3, 2, 2], "inflate": 0.002, "pivot": [0, 12, 4], "rotation": [-22.5, 0, 0], "uv": [36, 0]},
						{"origin": [-1.5, 15.4, -1.4], "size": [3, 3, 2], "pivot": [0, 16, 0], "rotation": [-22.5, 0, 0], "uv": [40, 24]},
						{"origin": [-1.5, 14, 1.5], "size": [3, 4, 3], "pivot": [0, 16, 3], "rotation": [-45, 0, 0], "uv": [14, 41]},
						{"origin": [-8, 7, -1.5], "size": [5, 3, 3], "pivot": [-3, 10, 0], "rotation": [0, 0, -45], "uv": [36, 36]},
						{"origin": [3, 7, -1.5], "size": [5, 3, 3], "pivot": [3, 10, 0], "rotation": [0, 0, 45], "uv": [36, 30]}
					]
				},
				{
					"name": "bone",
					"parent": "bone7",
					"pivot": [0, 4, 1],
					"rotation": [38.62628, -22.90724, -18.77878],
					"cubes": [
						{"origin": [-3, 4, 1], "size": [6, 0, 6], "uv": [28, 18]}
					]
				},
				{
					"name": "bone2",
					"parent": "bone",
					"pivot": [0, 4, 7],
					"rotation": [22.5, 0, 0],
					"cubes": [
						{"origin": [-3, 4, 7], "size": [6, 0, 6], "uv": [25, 12]}
					]
				},
				{
					"name": "bone3",
					"parent": "bone2",
					"pivot": [0, 4, 13],
					"rotation": [45.31179, -9.23186, -3.86032],
					"cubes": [
						{"origin": [-3, 4, 12], "size": [6, 0, 7], "uv": [17, 0]}
					]
				},
				{
					"name": "bone4",
					"parent": "bone3",
					"pivot": [0, 4, 19],
					"rotation": [45.31179, -9.23186, -3.86032],
					"cubes": [
						{"origin": [-3, 4, 18], "size": [6, 0, 7], "uv": [12, 12]}
					]
				},
				{
					"name": "bone5",
					"parent": "bone4",
					"pivot": [0, 4, 25],
					"rotation": [45.31179, -9.23186, -3.86032],
					"cubes": [
						{"origin": [-3, 4, 24], "size": [6, 0, 7], "uv": [0, 12]}
					]
				},
				{
					"name": "bone6",
					"parent": "bone5",
					"pivot": [0, 4, 31],
					"rotation": [22.5, 0, 0],
					"cubes": [
						{"origin": [-3, 4, 31], "size": [6, 0, 6], "uv": [8, 19]}
					]
				}
			]
		}
	]
}