{
	"format_version": "1.12.0",
	"minecraft:geometry": [
		{
			"description": {
				"identifier": "geometry.unknown",
				"texture_width": 64,
				"texture_height": 64,
				"visible_bounds_width": 2,
				"visible_bounds_height": 2.5,
				"visible_bounds_offset": [0, 0.75, 0]
			},
			"bones": [
				{
					"name": "umbreon",
					"pivot": [0, 0, 0],
					"cubes": [
						{"origin": [-2, 1.2, -4], "size": [4, 4, 9], "uv": [0, 0]},
						{"origin": [-1.525, 5.2, 4.325], "size": [2, 1, 2], "pivot": [0, 8.7, 4], "rotation": [-18.28748, -2.84518, -8.54196], "uv": [41, 28]},
						{"origin": [-2.025, 6.2, 3.825], "size": [3, 5, 3], "pivot": [0, 8.7, 4], "rotation": [-18.28748, -2.84518, -8.54196], "uv": [13, 28]},
						{"origin": [-1.525, 11.2, 4.325], "size": [2, 1, 2], "pivot": [0, 8.7, 4], "rotation": [-18.28748, -2.84518, -8.54196], "uv": [20, 41]},
						{"origin": [2.425, 10.08906, 0.26098], "size": [2, 2, 2], "pivot": [-0.525, 14.43906, 0.73598], "rotation": [-32.20552, 7.54872, 23.64009], "uv": [37, 33]},
						{"origin": [1.925, 12.08906, -0.23902], "size": [3, 5, 3], "pivot": [-0.525, 14.43906, 0.73598], "rotation": [-32.20552, 7.54872, 23.64009], "uv": [0, 25]},
						{"origin": [2.425, 17.08906, 0.26098], "size": [2, 1, 2], "pivot": [-0.525, 14.43906, 0.73598], "rotation": [-32.20552, 7.54872, 23.64009], "uv": [28, 0]},
						{"origin": [-4.425, 10.08906, 0.26098], "size": [2, 2, 2], "pivot": [0.525, 14.43906, 0.73598], "rotation": [-32.20552, -7.54872, -23.64009], "uv": [37, 11]},
						{"origin": [-4.925, 12.08906, -0.23902], "size": [3, 5, 3], "pivot": [0.525, 14.43906, 0.73598], "rotation": [-32.20552, -7.54872, -23.64009], "uv": [24, 11]},
						{"origin": [-4.425, 17.08906, 0.26098], "size": [2, 1, 2], "pivot": [0.525, 14.43906, 0.73598], "rotation": [-32.20552, -7.54872, -23.64009], "uv": [26, 21]},
						{"origin": [-1.5, 2.2, -4.25], "size": [3, 4, 3], "uv": [28, 25]},
						{"origin": [-2.5, 6.2, -5.25], "size": [5, 5, 5], "uv": [0, 14]},
						{"origin": [-1.5, 6.2, -6.25], "size": [3, 2, 1], "uv": [0, 42]},
						{"origin": [-0.5, 10.45, -5.5], "size": [1, 1, 1], "inflate": -0.2, "uv": [0, 14]},
						{"origin": [1.8, 0, -4.7], "size": [2, 2, 4], "pivot": [2.425, 1.59931, -2.42425], "rotation": [0, 0, 0.5], "uv": [33, 16]},
						{"origin": [1.79476, -0.42825, -6.275], "size": [2, 2, 2], "inflate": 0.1, "pivot": [2.79476, 0.99675, -5.7], "rotation": [40, 0, 0.5], "uv": [38, 23]},
						{"origin": [1.6, 0.84736, -2.95584], "size": [2, 4, 2], "pivot": [2.425, 1.59931, -2.42425], "rotation": [6.75, 0, -10.25], "uv": [11, 37]},
						{"origin": [3.625, 2.34736, -2.45584], "size": [0, 2, 1], "pivot": [2.425, 1.59931, -2.42425], "rotation": [6.75, 0, -10.25], "uv": [13, 25]},
						{"origin": [-3.625, 2.34736, -2.45584], "size": [0, 2, 1], "pivot": [-2.425, 1.59931, -2.42425], "rotation": [6.75, 0, 10.25], "uv": [19, 14]},
						{"origin": [1.70242, 0.88159, 2.78352], "size": [2, 4, 3], "pivot": [2.59587, 2.0068, 3.69511], "rotation": [19.90556, -19.42203, -10.87579], "uv": [0, 34]},
						{"origin": [3.72742, 1.63159, 3.28352], "size": [0, 3, 2], "pivot": [2.59587, 2.0068, 3.69511], "rotation": [19.90556, -19.42203, -10.87579], "uv": [34, 41]},
						{"origin": [3.75242, 2.13159, 3.78352], "size": [0, 2, 1], "pivot": [2.59587, 2.0068, 3.69511], "rotation": [19.90556, -19.42203, -10.87579], "uv": [18, 0]},
						{"origin": [-3.75242, 2.13159, 3.78352], "size": [0, 2, 1], "pivot": [-2.59587, 2.0068, 3.69511], "rotation": [19.90556, 19.42203, 10.87579], "uv": [16, 14]},
						{"origin": [-3.72742, 1.63159, 3.28352], "size": [0, 3, 2], "pivot": [-2.59587, 2.0068, 3.69511], "rotation": [19.90556, 19.42203, 10.87579], "uv": [29, 41]},
						{"origin": [1.67856, 0.00005, 0.725], "size": [2, 2, 5], "pivot": [2.59587, 2.0068, 3.54511], "rotation": [-0.17952, -19.74922, 0.53125], "uv": [16, 20]},
						{"origin": [-3.70242, 0.88159, 2.78352], "size": [2, 4, 3], "pivot": [-2.59587, 2.0068, 3.69511], "rotation": [19.90556, 19.42203, 10.87579], "uv": [26, 33]},
						{"origin": [-3.67856, 0.00005, 0.725], "size": [2, 2, 5], "pivot": [-2.59587, 2.0068, 3.54511], "rotation": [-0.17952, 19.74922, -0.53125], "uv": [18, 0]},
						{"origin": [-3.6, 0.84736, -2.95584], "size": [2, 4, 2], "pivot": [-2.425, 1.59931, -2.42425], "rotation": [6.75, 0, 10.25], "uv": [0, 0]},
						{"origin": [-3.8, 0, -4.7], "size": [2, 2, 4], "pivot": [-2.425, 1.59931, -2.42425], "rotation": [0, 0, -0.5], "uv": [29, 4]},
						{"origin": [-3.79476, -0.42825, -6.275], "size": [2, 2, 2], "inflate": 0.1, "pivot": [-2.79476, 0.99675, -5.7], "rotation": [40, 0, -0.5], "uv": [37, 38]}
					]
				}
			]
		}
	]
}