{
	"format_version": "1.12.0",
	"minecraft:geometry": [
		{
			"description": {
				"identifier": "geometry.unknown",
				"texture_width": 32,
				"texture_height": 32,
				"visible_bounds_width": 2,
				"visible_bounds_height": 2.5,
				"visible_bounds_offset": [0, 0.75, 0]
			},
			"bones": [
				{
					"name": "bone3",
					"pivot": [0, 0, 0],
					"cubes": [
						{"origin": [-3, 0, -1], "size": [6, 6, 2], "uv": [0, 0]},
						{"origin": [-2, 1, -2], "size": [4, 4, 1], "uv": [0, 12]},
						{"origin": [-1, 6, -1], "size": [2, 2, 2], "uv": [0, 17]},
						{"origin": [-4.4, 9.4, -1], "size": [2, 4, 2], "inflate": 0.001, "uv": [10, 14]}
					]
				},
				{
					"name": "bone",
					"parent": "bone3",
					"pivot": [0, 0, 0],
					"cubes": [
						{"origin": [-1.425, 9.825, -1], "size": [2, 2, 2], "pivot": [0, 7, 0], "rotation": [0, 0, -45], "uv": [16, 0]},
						{"origin": [-3, 8, -1], "size": [4, 2, 2], "inflate": 0.001, "uv": [10, 10]},
						{"origin": [-3, 12.8, -1], "size": [4, 2, 2], "inflate": 0.001, "uv": [0, 8]}
					]
				},
				{
					"name": "bone2",
					"parent": "bone",
					"pivot": [-0.35, 10.4, 0],
					"rotation": [0, 0, 90],
					"cubes": [
						{"origin": [-1.8, 8.2, -1], "size": [2, 2, 2], "pivot": [-0.35, 5.4, 0], "rotation": [0, 0, -45], "uv": [14, 6]}
					]
				}
			]
		}
	]
}