{
	"format_version": "1.12.0",
	"minecraft:geometry": [
		{
			"description": {
				"identifier": "geometry.unknown",
				"texture_width": 64,
				"texture_height": 64,
				"visible_bounds_width": 3,
				"visible_bounds_height": 2.5,
				"visible_bounds_offset": [0, 0.75, 0]
			},
			"bones": [
				{
					"name": "bone6",
					"pivot": [0, 0, 0],
					"cubes": [
						{"origin": [-2, 0, -2], "size": [4, 3, 4], "uv": [28, 9]},
						{"origin": [-3, 5, -3], "size": [6, 5, 6], "uv": [0, 7]},
						{"origin": [-3.5, 5, 2], "size": [7, 5, 2], "inflate": 0.0001, "uv": [27, 27]},
						{"origin": [-4, 4, 2], "size": [8, 4, 2], "inflate": 0.001, "uv": [22, 20]},
						{"origin": [-2, 10, -3], "size": [2, 2, 7], "inflate": 0.002, "pivot": [0, 10, 0], "rotation": [0, 0, -8], "uv": [11, 20]},
						{"origin": [-3, 11, -3], "size": [2, 2, 7], "inflate": 0.001, "pivot": [0, 10, 0], "rotation": [0, 0, -48], "uv": [17, 11]},
						{"origin": [0, 10, -3], "size": [2, 2, 7], "inflate": 0.002, "pivot": [0, 10, 0], "rotation": [0, 0, 8], "uv": [18, 0]},
						{"origin": [1, 11, -3], "size": [2, 2, 7], "inflate": 0.001, "pivot": [0, 10, 0], "rotation": [0, 0, 48], "uv": [0, 18]},
						{"origin": [-1.5, 3, -1.5], "size": [3, 2, 3], "uv": [0, 27]},
						{"origin": [1.5, 0, -1.5], "size": [0, 4, 3], "pivot": [1.5, 4, 0], "rotation": [0, 0, -45], "uv": [0, 4]},
						{"origin": [-1.5, 0, -1.5], "size": [0, 4, 3], "pivot": [-1.5, 4, 0], "rotation": [0, 0, 45], "uv": [0, 0]},
						{"origin": [-3, 0, -3], "size": [2, 3, 1], "uv": [12, 29]},
						{"origin": [1, 0, -3], "size": [2, 3, 1], "uv": [0, 18]}
					]
				},
				{
					"name": "bone",
					"parent": "bone6",
					"pivot": [0, 0, 1],
					"rotation": [23.78773, -18.42031, -7.92945],
					"cubes": [
						{"origin": [-1, 0, 1], "size": [2, 0, 4], "uv": [24, 9]}
					]
				},
				{
					"name": "bone2",
					"parent": "bone",
					"pivot": [0, 0, 5],
					"rotation": [22.5, 0, 0],
					"cubes": [
						{"origin": [-1, 0, 5], "size": [2, 0, 4], "uv": [7, 18]}
					]
				},
				{
					"name": "bone3",
					"parent": "bone2",
					"pivot": [0, 0, 9],
					"rotation": [45, 0, 0],
					"cubes": [
						{"origin": [-1, 0, 9], "size": [2, 0, 4], "uv": [14, 9]}
					]
				},
				{
					"name": "bone4",
					"parent": "bone3",
					"pivot": [0, 0, 13],
					"rotation": [-22.5, 0, 0],
					"cubes": [
						{"origin": [-2, 0, 13], "size": [4, 0, 4], "uv": [25, 0]}
					]
				},
				{
					"name": "bone5",
					"parent": "bone4",
					"pivot": [0, 0, 17],
					"rotation": [-22.5, 0, 0],
					"cubes": [
						{"origin": [-4, 0, 17], "size": [8, 0, 7], "uv": [0, 0]}
					]
				},
				{
					"name": "bone7",
					"parent": "bone6",
					"pivot": [0, 0.025, 1],
					"rotation": [23.78773, 18.42031, 7.92945],
					"cubes": [
						{"origin": [-1, 0.025, 1], "size": [2, 0, 4], "uv": [24, 9]}
					]
				},
				{
					"name": "bone8",
					"parent": "bone7",
					"pivot": [0, 0.025, 5],
					"rotation": [22.5, 0, 0],
					"cubes": [
						{"origin": [-1, 0.025, 5], "size": [2, 0, 4], "uv": [7, 18]}
					]
				},
				{
					"name": "bone9",
					"parent": "bone8",
					"pivot": [0, 0.025, 9],
					"rotation": [45, 0, 0],
					"cubes": [
						{"origin": [-1, 0.025, 9], "size": [2, 0, 4], "uv": [14, 9]}
					]
				},
				{
					"name": "bone10",
					"parent": "bone9",
					"pivot": [0, 0.025, 13],
					"rotation": [-22.5, 0, 0],
					"cubes": [
						{"origin": [-2, 0.025, 13], "size": [4, 0, 4], "uv": [25, 0]}
					]
				},
				{
					"name": "bone11",
					"parent": "bone10",
					"pivot": [0, 0.025, 17],
					"rotation": [-22.5, 0, 0],
					"cubes": [
						{"origin": [-4, 0.025, 17], "size": [8, 0, 7], "uv": [0, 0]}
					]
				}
			]
		}
	]
}