{
	"format_version": "1.12.0",
	"minecraft:geometry": [
		{
			"description": {
				"identifier": "geometry.unknown",
				"texture_width": 64,
				"texture_height": 64,
				"visible_bounds_width": 3,
				"visible_bounds_height": 2.5,
				"visible_bounds_offset": [0, 0.75, 0]
			},
			"bones": [
				{
					"name": "vaporeon",
					"pivot": [0.5, 0, 0],
					"cubes": [
						{"origin": [-2.5, 8, -5], "size": [5, 5, 5], "uv": [16, 18]},
						{"origin": [-1.5, 6, -4], "size": [3, 2, 3], "uv": [0, 44]},
						{"origin": [-2.5, 0.325, -2.025], "size": [5, 7, 5], "pivot": [0, 4.5, -1.5], "rotation": [37.75, 0, 0], "uv": [0, 10]},
						{"origin": [0, 2.325, 2.975], "size": [0, 5, 1], "pivot": [0, 4.5, -1.5], "rotation": [37.75, 0, 0], "uv": [5, 0]},
						{"origin": [-2.75, 1.38153, -1.93651], "size": [2, 2, 3], "pivot": [-1.75, 3.42491, -2.93008], "rotation": [105, 0, -0.25], "uv": [45, 45]},
						{"origin": [-2.46747, 0.67541, -4.48865], "size": [2, 2, 5], "inflate": -0.01, "pivot": [-1.46747, 1.79826, -2.98232], "rotation": [79, 0, -6], "uv": [32, 24]},
						{"origin": [-2.36747, -0.15372, -4.29252], "size": [2, 2, 2], "pivot": [-1.46747, 1.79826, -2.98232], "rotation": [0, 0, -0.5], "uv": [47, 13]},
						{"origin": [0.36747, -0.15372, -4.29252], "size": [2, 2, 2], "pivot": [1.46747, 1.79826, -2.98232], "rotation": [0, 0, 0.5], "uv": [16, 10]},
						{"origin": [0.46747, 0.67541, -4.48865], "size": [2, 2, 5], "inflate": -0.01, "pivot": [1.46747, 1.79826, -2.98232], "rotation": [79, 0, 6], "uv": [17, 29]},
						{"origin": [0.75, 1.38153, -1.93651], "size": [2, 2, 3], "pivot": [1.75, 3.42491, -2.93008], "rotation": [105, 0, 0.25], "uv": [34, 45]},
						{"origin": [1.5, 1.29844, -1.75591], "size": [3, 5, 3], "pivot": [3, 2.33053, 0.48683], "rotation": [-29, -19.5, 0], "uv": [13, 37]},
						{"origin": [2, 0.20191, -1.12347], "size": [2, 4, 3], "pivot": [3, 2.33053, 0.48683], "rotation": [45, -19.5, 0], "uv": [26, 40]},
						{"origin": [2, -0.31341, -2.07521], "size": [2, 2, 5], "inflate": 0.01, "pivot": [3, 2.33053, 0.48683], "rotation": [0, -19.5, 0], "uv": [34, 0]},
						{"origin": [-4.5, 1.29844, -1.75591], "size": [3, 5, 3], "pivot": [-3, 2.33053, 0.48683], "rotation": [-29, 19.5, 0], "uv": [0, 35]},
						{"origin": [-4, 0.20191, -1.12347], "size": [2, 4, 3], "pivot": [-3, 2.33053, 0.48683], "rotation": [45, 19.5, 0], "uv": [39, 37]},
						{"origin": [-4, -0.31341, -2.07521], "size": [2, 2, 5], "inflate": 0.01, "pivot": [-3, 2.33053, 0.48683], "rotation": [0, 19.5, 0], "uv": [27, 32]},
						{"origin": [-2.97601, 2.25647, 3.03409], "size": [4, 5, 4], "pivot": [-1.51601, 3.06953, 5.53409], "rotation": [66.71505, -22.00717, 9.1609], "uv": [0, 25]},
						{"origin": [-0.97601, 2.25647, 7.03409], "size": [0, 4, 1], "pivot": [-1.51601, 3.06953, 5.53409], "rotation": [66.71505, -22.00717, 9.1609], "uv": [13, 23]},
						{"origin": [-5.06468, 0.10833, 5.26837], "size": [3, 5, 3], "pivot": [-2.68968, 2.58333, 6.76837], "rotation": [39.48151, -73.72544, 63.84208], "uv": [37, 15]},
						{"origin": [-3.56468, 0.10833, 8.26837], "size": [0, 4, 1], "pivot": [-2.68968, 2.58333, 6.76837], "rotation": [39.48151, -73.72544, 63.84208], "uv": [0, 23]},
						{"origin": [-10.13417, 1.8723, 4.88963], "size": [2, 5, 2], "pivot": [-7.23417, 4.3723, 6.38963], "rotation": [-71.15862, -47.95159, -179.7414], "uv": [13, 46]},
						{"origin": [-9.13417, 2.8723, 6.88963], "size": [0, 3, 1], "pivot": [-7.23417, 4.3723, 6.38963], "rotation": [-71.15862, -47.95159, -179.7414], "uv": [25, 3]},
						{"origin": [-7.08368, -0.5811, 2.69558], "size": [2, 3, 2], "pivot": [-6.08368, 3.8939, 4.84558], "rotation": [-21.40862, -47.95159, -179.7414], "uv": [49, 0]},
						{"origin": [-8.67449, 3.35106, 0.3762], "size": [2, 3, 2], "pivot": [-7.67449, 6.25106, 3.4012], "rotation": [-106.65862, -47.95159, -179.7414], "uv": [22, 48]},
						{"origin": [-4, 8.17229, -5.71571], "size": [8, 1, 8], "pivot": [0, 8.67229, -1.71571], "rotation": [49.12527, -33.20103, -32.32176], "uv": [0, 0]},
						{"origin": [-5, 8.67229, -6.71571], "size": [10, 0, 10], "pivot": [0, 8.67229, -1.71571], "rotation": [90, -50.75, -90], "uv": [22, 51]},
						{"origin": [0, 12, -4.5], "size": [0, 7, 5], "pivot": [0, 15.81169, -3.24938], "rotation": [-10.5, 0, 0], "uv": [28, 5]},
						{"origin": [-0.5, 13.0483, -5.24823], "size": [1, 3, 1], "pivot": [0, 15.81169, -3.24938], "rotation": [5, 0, 0], "uv": [0, 10]},
						{"origin": [-0.5, 15.26536, -5.18663], "size": [1, 4, 1], "pivot": [0, 15.81169, -3.24938], "rotation": [-17.5, 0, 0], "uv": [0, 0]},
						{"origin": [2.775, 9, -1.85], "size": [7, 4, 0], "pivot": [5, 13, -3], "rotation": [0, -27.25, 0], "uv": [39, 8]},
						{"origin": [2.10694, 12.675, -1.89384], "size": [3, 1, 1], "pivot": [5.60694, 11.5, -1.39384], "rotation": [13.2691, -24.02014, -30.08498], "uv": [0, 50]},
						{"origin": [4.20992, 12.42509, -1.8408], "size": [5, 1, 1], "pivot": [5.70992, 12.92509, -1.3408], "rotation": [4.22668, -26.94504, -9.26302], "uv": [42, 24]},
						{"origin": [-5.10694, 12.675, -1.89384], "size": [3, 1, 1], "pivot": [-5.60694, 11.5, -1.39384], "rotation": [13.2691, 24.02014, 30.08498], "uv": [47, 37]},
						{"origin": [-9.20992, 12.42509, -1.8408], "size": [5, 1, 1], "pivot": [-5.70992, 12.92509, -1.3408], "rotation": [4.22668, 26.94504, 9.26302], "uv": [25, 0]},
						{"origin": [-9.775, 9, -1.85], "size": [7, 4, 0], "pivot": [-5, 13, -3], "rotation": [0, 27.25, 0], "uv": [37, 32]},
						{"origin": [-1.5, 8, -6], "size": [3, 2, 1], "uv": [47, 27]}
					]
				}
			]
		}
	]
}