{
	"format_version": "1.12.0",
	"minecraft:geometry": [
		{
			"description": {
				"identifier": "geometry.unknown",
				"texture_width": 32,
				"texture_height": 32,
				"visible_bounds_width": 2,
				"visible_bounds_height": 2.5,
				"visible_bounds_offset": [0, 0.75, 0]
			},
			"bones": [
				{
					"name": "bone5",
					"pivot": [1.2, 0, 0],
					"cubes": [
						{"origin": [3, 1.75, -5], "size": [2, 2, 2], "pivot": [4, 3, -4], "rotation": [0, -45, 0], "uv": [0, 4]},
						{"origin": [1, 2, -4.55], "size": [1, 1, 0], "pivot": [1, 3, -5], "rotation": [0, 0, 45], "uv": [0, 1]},
						{"origin": [-1, 2, -4.55], "size": [1, 1, 0], "pivot": [-1, 3, -5], "rotation": [0, 0, 45], "uv": [0, 0]},
						{"origin": [-5, 1.75, -5], "size": [2, 2, 2], "pivot": [-4, 3, -4], "rotation": [0, 45, 0], "uv": [0, 0]},
						{"origin": [-1.5, 2.5, -5], "size": [3, 2, 1], "uv": [21, 16]},
						{"origin": [-4, 0, -4], "size": [8, 8, 8], "uv": [0, 0]},
						{"origin": [1.5, 4, -4.5], "size": [3, 3, 3], "uv": [12, 16]},
						{"origin": [-4.5, 4, -4.5], "size": [3, 3, 3], "uv": [0, 16]},
						{"origin": [-3, 0, -7], "size": [2, 1, 3], "pivot": [0, 0, 0], "rotation": [0, 22.5, 0], "uv": [21, 19]},
						{"origin": [1, 0, -7], "size": [2, 1, 3], "pivot": [0, 0, 0], "rotation": [0, -22.5, 0], "uv": [0, 22]}
					]
				},
				{
					"name": "bone",
					"parent": "bone5",
					"pivot": [-1.2, 8, 0],
					"rotation": [-22.5, 0, -22.5],
					"cubes": [
						{"origin": [-3.08268, 7.14645, 0.35355], "size": [3, 4, 0], "uv": [24, 0]}
					]
				},
				{
					"name": "bone2",
					"parent": "bone",
					"pivot": [-1.2, 12, 0],
					"rotation": [-22.5, 0, 0],
					"cubes": [
						{"origin": [-3.08268, 11.34672, 0.65328], "size": [3, 4, 0], "uv": [22, 23]}
					]
				},
				{
					"name": "bone3",
					"parent": "bone5",
					"pivot": [1.2, 8, 0],
					"rotation": [-22.5, 0, 22.5],
					"cubes": [
						{"origin": [0.08268, 7.14645, 0.35355], "size": [3, 4, 0], "uv": [10, 22]}
					]
				},
				{
					"name": "bone4",
					"parent": "bone3",
					"pivot": [-1.8, 12, 0],
					"rotation": [-22.5, 0, 0],
					"cubes": [
						{"origin": [0.08268, 11.34672, 0.65328], "size": [3, 4, 0], "uv": [16, 23]}
					]
				},
				{
					"name": "bone6",
					"parent": "bone5",
					"pivot": [1.2, 8, 0]
				},
				{
					"name": "bone7",
					"parent": "bone6",
					"pivot": [-0.2, 8, 0],
					"rotation": [0, 0, -22.5],
					"cubes": [
						{"origin": [-1.08268, 6.76376, -0.57033], "size": [1, 4, 0], "uv": [2, 26]}
					]
				},
				{
					"name": "bone8",
					"parent": "bone7",
					"pivot": [-0.2, 12, 0],
					"rotation": [-22.5, 0, 0],
					"cubes": [
						{"origin": [-1.08268, 10.63961, -0.05383], "size": [1, 4, 0], "uv": [4, 26]}
					]
				},
				{
					"name": "bone9",
					"parent": "bone6",
					"pivot": [0.2, 8, 0],
					"rotation": [0, 0, 22.5],
					"cubes": [
						{"origin": [0.08268, 6.76376, -0.57033], "size": [1, 4, 0], "uv": [24, 4]}
					]
				},
				{
					"name": "bone10",
					"parent": "bone9",
					"pivot": [-2.8, 12, 0],
					"rotation": [-22.5, 0, 0],
					"cubes": [
						{"origin": [0.08268, 10.63961, -0.05383], "size": [1, 4, 0], "uv": [0, 26]}
					]
				}
			]
		}
	]
}