{
	"format_version": "1.12.0",
	"minecraft:geometry": [
		{
			"description": {
				"identifier": "geometry.unknown",
				"texture_width": 64,
				"texture_height": 64,
				"visible_bounds_width": 3,
				"visible_bounds_height": 2.5,
				"visible_bounds_offset": [0, 0.75, 0]
			},
			"bones": [
				{
					"name": "ivysaur_plushie",
					"pivot": [0, 0, 0],
					"cubes": [
						{"origin": [-4, 0.71429, -3.93141], "size": [8, 6, 9], "pivot": [0, 3.71429, 1.06859], "rotation": [-3.75, 0, 0], "uv": [0, 0]},
						{"origin": [-2, 6.71429, -1.18141], "size": [4, 5, 4], "pivot": [0, 3.71429, 1.06859], "rotation": [-3.75, 0, 0], "uv": [0, 27]},
						{"origin": [1.25, 11.23958, -0.19035], "size": [3, 1, 3], "pivot": [3.25, 11.21458, 1.30965], "rotation": [-3.62676, -0.95412, -14.71979], "uv": [46, 8]},
						{"origin": [3.54838, 10.9002, 0.28741], "size": [3, 1, 2], "pivot": [5.54838, 10.8752, 1.28741], "rotation": [-3.57196, 1.1425, 17.71437], "uv": [47, 42]},
						{"origin": [2.03074, 11.32403, 4.08231], "size": [3, 1, 2], "pivot": [2.28253, 11.4602, 5.08231], "rotation": [-28.87037, -52.85513, 30.25182], "uv": [47, 18]},
						{"origin": [-0.46569, 11.32403, 3.58231], "size": [3, 1, 3], "pivot": [2.28253, 11.4602, 5.08231], "rotation": [19.03131, -55.98852, -27.01301], "uv": [43, 45]},
						{"origin": [2.03074, 11.49903, -3.08231], "size": [3, 1, 2], "pivot": [2.28253, 11.6352, -2.08231], "rotation": [28.87037, 52.85513, 30.25182], "uv": [46, 36]},
						{"origin": [-0.46569, 11.49903, -3.58231], "size": [3, 1, 3], "pivot": [2.28253, 11.6352, -2.08231], "rotation": [-19.03131, 55.98852, -27.01301], "uv": [22, 45]},
						{"origin": [-2.53431, 11.49903, -3.58231], "size": [3, 1, 3], "pivot": [-2.28253, 11.6352, -2.08231], "rotation": [-19.03131, -55.98852, 27.01301], "uv": [0, 41]},
						{"origin": [-5.03074, 11.49903, -3.08231], "size": [3, 1, 2], "pivot": [-2.28253, 11.6352, -2.08231], "rotation": [28.87037, -52.85513, -30.25182], "uv": [41, 33]},
						{"origin": [-2.53431, 11.32403, 3.58231], "size": [3, 1, 3], "pivot": [-2.28253, 11.4602, 5.08231], "rotation": [19.03131, 55.98852, 27.01301], "uv": [34, 44]},
						{"origin": [-5.03074, 11.32403, 4.08231], "size": [3, 1, 2], "pivot": [-2.28253, 11.4602, 5.08231], "rotation": [-28.87037, 52.85513, -30.25182], "uv": [45, 13]},
						{"origin": [-6.54838, 10.9002, 0.28741], "size": [3, 1, 2], "pivot": [-5.54838, 10.8752, 1.28741], "rotation": [-3.57196, -1.1425, -17.71437], "uv": [12, 46]},
						{"origin": [-4.25, 11.23958, -0.19035], "size": [3, 1, 3], "pivot": [-3.25, 11.21458, 1.30965], "rotation": [-3.62676, 0.95412, 14.71979], "uv": [0, 45]},
						{"origin": [-1.5, 11.71429, -0.68141], "size": [3, 1, 0], "pivot": [0, 3.71429, 1.06859], "rotation": [-3.75, 0, 0], "uv": [0, 18]},
						{"origin": [-1.5, 11.71429, 2.31859], "size": [3, 1, 0], "pivot": [0, 3.71429, 1.06859], "rotation": [-3.75, 0, 0], "uv": [0, 17]},
						{"origin": [-1.5, 11.71429, -0.68141], "size": [0, 1, 3], "pivot": [0, 3.71429, 1.06859], "rotation": [-3.75, 0, 0], "uv": [0, 13]},
						{"origin": [1.5, 11.71429, -0.68141], "size": [0, 1, 3], "pivot": [0, 3.71429, 1.06859], "rotation": [-3.75, 0, 0], "uv": [0, 12]},
						{"origin": [-3.94314, 5.92656, -1.68179], "size": [3, 1, 5], "pivot": [0.41635, 8.20597, 1.35889], "rotation": [96.09641, 74.31163, 95.11157], "uv": [27, 28]},
						{"origin": [-8.09648, 7.73165, -1.18179], "size": [4, 1, 4], "pivot": [0.41635, 8.20597, 1.35889], "rotation": [-102.58114, 82.42411, -103.23413], "uv": [0, 36]},
						{"origin": [5.77954, 7.73997, -1.66831], "size": [4, 1, 4], "pivot": [0.91547, 8.21289, 1.38775], "rotation": [-79.51552, 82.78664, -80.39032], "uv": [24, 34]},
						{"origin": [2.0997, 5.7906, -1.69717], "size": [3, 1, 5], "pivot": [0.41635, 8.20597, 1.35889], "rotation": [-87.39026, 59.88004, -88.53588], "uv": [27, 22]},
						{"origin": [4.56747, 7.73045, -0.81476], "size": [4, 1, 4], "pivot": [-0.08365, 8.20597, 1.85889], "rotation": [-7.00633, -2.64151, 3.52293], "uv": [12, 33]},
						{"origin": [1.40266, 5.87142, -1.31476], "size": [3, 1, 5], "pivot": [-0.08365, 8.20597, 1.85889], "rotation": [-5.42481, -5.16553, -19.39392], "uv": [25, 15]},
						{"origin": [-4.63545, 5.84575, -1.3165], "size": [3, 1, 5], "pivot": [-0.08365, 8.20597, 1.85889], "rotation": [-6.09045, 2.24301, 25.40214], "uv": [16, 27]},
						{"origin": [-8.80508, 7.73241, -0.8165], "size": [4, 1, 4], "pivot": [-0.08365, 8.20597, 1.85889], "rotation": [-6.48155, -0.30925, 2.53899], "uv": [34, 8]},
						{"origin": [-3.75, 2.7, -8.95], "size": [1, 1, 1], "pivot": [-3.25, 3.2, -8.45], "rotation": [0, 0, -47.75], "uv": [25, 15]},
						{"origin": [-4, 2.475, -8.75], "size": [8, 1, 7], "inflate": 0.05, "uv": [25, 0]},
						{"origin": [2.75, 2.7, -8.95], "size": [1, 1, 1], "pivot": [3.25, 3.2, -8.45], "rotation": [0, 0, 45.75], "uv": [25, 4]},
						{"origin": [2.5, 3.075, -9.15], "size": [1, 1, 1], "inflate": -0.1, "uv": [25, 2]},
						{"origin": [1.5, 3.075, -9.15], "size": [1, 1, 1], "inflate": -0.1, "uv": [25, 0]},
						{"origin": [-3.5, 3.075, -9.15], "size": [1, 1, 1], "inflate": -0.1, "uv": [0, 19]},
						{"origin": [-2.5, 3.075, -9.15], "size": [1, 1, 1], "inflate": -0.1, "uv": [3, 20]},
						{"origin": [-4.5, 3.225, -9], "size": [9, 5, 7], "uv": [0, 15]},
						{"origin": [1.16302, 8.12424, -6], "size": [3, 3, 3], "pivot": [2.81302, 8.37424, -4.5], "rotation": [0, 19.25, 131], "uv": [40, 27]},
						{"origin": [-4.16302, 8.12424, -6], "size": [3, 3, 3], "pivot": [-2.81302, 8.37424, -4.5], "rotation": [0, -19.25, -131], "uv": [25, 39]},
						{"origin": [3.6195, 0.23398, -3.47552], "size": [3, 5, 3], "pivot": [5.05563, 1.54549, -2.03936], "rotation": [-17.75293, -3.32817, -25.2963], "uv": [13, 38]},
						{"origin": [4.0346, 0.62899, 3.39262], "size": [3, 4, 3], "pivot": [5.5346, 1.61879, 4.99797], "rotation": [11.12582, -17.87979, -29.85544], "uv": [38, 20]},
						{"origin": [4.5346, 0.10311, 3.99715], "size": [2, 1, 2], "pivot": [5.5346, 1.61879, 4.99797], "rotation": [17.12582, -17.87979, -29.85544], "uv": [12, 27]},
						{"origin": [3.90701, -0.11023, -3.29012], "size": [2, 1, 2], "pivot": [5.05563, 1.54549, -2.03936], "rotation": [-7.50067, -21.18668, -22.98054], "uv": [0, 6]},
						{"origin": [-7.0346, 0.62899, 3.39262], "size": [3, 4, 3], "pivot": [-5.5346, 1.61879, 4.99797], "rotation": [11.12582, 17.87979, 29.85544], "uv": [36, 13]},
						{"origin": [-6.5346, 0.10311, 3.99715], "size": [2, 1, 2], "pivot": [-5.5346, 1.61879, 4.99797], "rotation": [17.12582, 17.87979, 29.85544], "uv": [0, 0]},
						{"origin": [-6.6195, 0.23398, -3.47552], "size": [3, 5, 3], "pivot": [-5.05563, 1.54549, -2.03936], "rotation": [-17.75293, 3.32817, 25.2963], "uv": [37, 36]},
						{"origin": [-5.90701, -0.11023, -3.29012], "size": [2, 1, 2], "pivot": [-5.05563, 1.54549, -2.03936], "rotation": [-7.50067, 21.18668, 22.98054], "uv": [0, 3]}
					]
				}
			]
		}
	]
}