{
	"format_version": "1.12.0",
	"minecraft:geometry": [
		{
			"description": {
				"identifier": "geometry.unknown",
				"texture_width": 64,
				"texture_height": 64,
				"visible_bounds_width": 3,
				"visible_bounds_height": 2.5,
				"visible_bounds_offset": [0, 0.75, 0]
			},
			"bones": [
				{
					"name": "vulpix_plushie",
					"pivot": [0, 0, -2.1],
					"cubes": [
						{"origin": [-2.5, 0.825, -11.225], "size": [5, 4, 8], "pivot": [0, 0, -2.1], "rotation": [-60.75, 0, 0], "uv": [0, 0]},
						{"origin": [-0.5, 4.5, 0.025], "size": [1, 3, 3], "pivot": [0, 5.42934, 3.21424], "rotation": [38.75, 0, 0], "uv": [29, 52]},
						{"origin": [-1, 2.74556, 2.48778], "size": [2, 5, 5], "pivot": [0, 5.42934, 3.21424], "rotation": [26, 0, 0], "uv": [32, 0]},
						{"origin": [2.46048, 1.82056, 1.67846], "size": [2, 5, 5], "pivot": [3.46048, 4.50434, 2.40493], "rotation": [2.80321, 45.5905, -4.77073], "uv": [15, 31]},
						{"origin": [2.96048, 3.575, -0.78431], "size": [1, 3, 3], "pivot": [3.46048, 4.50434, 2.40493], "rotation": [15.55321, 45.5905, -4.77073], "uv": [51, 21]},
						{"origin": [0.79457, 2.4409, 2.40958], "size": [2, 5, 5], "pivot": [2.7774, 4.69184, 2.96845], "rotation": [26, 22.75, 0], "uv": [30, 31]},
						{"origin": [1.29457, 4.14768, 0.03819], "size": [1, 3, 3], "pivot": [2.7774, 4.69184, 2.96845], "rotation": [38.75, 22.75, 0], "uv": [8, 52]},
						{"origin": [-4.46048, 1.82056, 1.67846], "size": [2, 5, 5], "pivot": [-3.46048, 4.50434, 2.40493], "rotation": [2.80321, -45.5905, 4.77073], "uv": [22, 8]},
						{"origin": [-3.96048, 3.575, -0.78431], "size": [1, 3, 3], "pivot": [-3.46048, 4.50434, 2.40493], "rotation": [15.55321, -45.5905, 4.77073], "uv": [50, 33]},
						{"origin": [-2.79457, 2.4409, 2.40958], "size": [2, 5, 5], "pivot": [-2.7774, 4.69184, 2.96845], "rotation": [26, -22.75, 0], "uv": [0, 26]},
						{"origin": [-2.29457, 4.14768, 0.03819], "size": [1, 3, 3], "pivot": [-2.7774, 4.69184, 2.96845], "rotation": [38.75, -22.75, 0], "uv": [51, 14]},
						{"origin": [-3, 9.2, -7.225], "size": [6, 6, 6], "uv": [0, 13]},
						{"origin": [-1.75, 14.2, -5.475], "size": [3, 4, 4], "uv": [0, 37]},
						{"origin": [-2, 14.775, -7.475], "size": [4, 1, 3], "uv": [44, 8]},
						{"origin": [-2, 11.83441, -7.95884], "size": [4, 4, 0], "pivot": [0.5, 13.83441, -7.95884], "rotation": [-14, 0, 0], "uv": [48, 54]},
						{"origin": [-2.5, 13.95, -4.975], "size": [5, 4, 4], "uv": [21, 22]},
						{"origin": [1.6847, 14.11562, -3.73548], "size": [2, 5, 4], "pivot": [0, 15.72161, -2.50531], "rotation": [-19.90333, 20.95599, 11.37823], "uv": [11, 42]},
						{"origin": [-3.6847, 14.11562, -3.73548], "size": [2, 5, 4], "pivot": [0, 15.72161, -2.50531], "rotation": [-19.90333, -20.95599, -11.37823], "uv": [41, 38]},
						{"origin": [-1.5, 9.2, -9.225], "size": [3, 3, 2], "uv": [35, 48]},
						{"origin": [-0.5, 11.225, -9.275], "size": [1, 1, 1], "uv": [0, 13]},
						{"origin": [0.5, 1.25082, -4.86865], "size": [3, 4, 4], "pivot": [2, 2.04437, -1.82779], "rotation": [-59.5, -20.5, 0], "uv": [40, 24]},
						{"origin": [1.15, 7.55801, -7.20751], "size": [2, 2, 3], "pivot": [2.15, 7.08995, -5.11458], "rotation": [-127.25, 20.75, 0], "uv": [21, 49]},
						{"origin": [1.15, 5.9288, -6.57178], "size": [2, 2, 4], "inflate": -0.01, "pivot": [2.15, 7.08995, -5.11458], "rotation": [-47.25, 20.75, 0], "uv": [24, 42]},
						{"origin": [1.15, 5.40479, -7.71363], "size": [2, 3, 2], "pivot": [2.15, 7.08995, -5.11458], "rotation": [-25, 20.75, 0], "uv": [54, 40]},
						{"origin": [-3.15, 5.9288, -6.57178], "size": [2, 2, 4], "inflate": -0.01, "pivot": [-2.15, 7.08995, -5.11458], "rotation": [-47.25, -20.75, 0], "uv": [19, 0]},
						{"origin": [-3.15, 7.55801, -7.20751], "size": [2, 2, 3], "pivot": [-2.15, 7.08995, -5.11458], "rotation": [-127.25, -20.75, 0], "uv": [46, 48]},
						{"origin": [-3.15, 5.40479, -7.71363], "size": [2, 3, 2], "pivot": [-2.15, 7.08995, -5.11458], "rotation": [-25, -20.75, 0], "uv": [38, 54]},
						{"origin": [1, 0.70195, -3.25331], "size": [2, 3, 3], "pivot": [2, 2.04437, -1.82779], "rotation": [-76.25, -20.5, 0], "uv": [47, 0]},
						{"origin": [1, 0.00687, -0.82779], "size": [2, 3, 1], "inflate": 0.01, "pivot": [2, 2.04437, -1.82779], "rotation": [-89, -20.5, 0], "uv": [10, 26]},
						{"origin": [-3.5, 1.25082, -4.86865], "size": [3, 4, 4], "pivot": [-2, 2.04437, -1.82779], "rotation": [-59.5, 20.5, 0], "uv": [36, 15]},
						{"origin": [-3, 0.70195, -3.25331], "size": [2, 3, 3], "pivot": [-2, 2.04437, -1.82779], "rotation": [-76.25, 20.5, 0], "uv": [0, 46]},
						{"origin": [-3, 0.00687, -0.82779], "size": [2, 3, 1], "inflate": 0.01, "pivot": [-2, 2.04437, -1.82779], "rotation": [-89, 20.5, 0], "uv": [0, 0]}
					]
				}
			]
		}
	]
}