{
	"format_version": "1.12.0",
	"minecraft:geometry": [
		{
			"description": {
				"identifier": "geometry.unknown",
				"texture_width": 64,
				"texture_height": 64,
				"visible_bounds_width": 3,
				"visible_bounds_height": 2.5,
				"visible_bounds_offset": [0, 0.75, 0]
			},
			"bones": [
				{
					"name": "bone",
					"pivot": [0, 0, 0]
				},
				{
					"name": "vulpix_alolan_plushie",
					"parent": "bone",
					"pivot": [0, 5, -7.1],
					"rotation": [-120, 0, 0],
					"cubes": [
						{"origin": [-2.5, 12.6332, -11.48776], "size": [5, 4, 7], "pivot": [0, 11.93285, -11.41374], "rotation": [-54.75, 0, 0], "uv": [1, 1]},
						{"origin": [-0.5, 5.05811, -7.11535], "size": [1, 3, 3], "pivot": [0, 5.67673, -4.22213], "rotation": [-48.75, 0, 0], "uv": [29, 52]},
						{"origin": [-1, 2.88816, -6.35758], "size": [2, 5, 5], "pivot": [0, 4.97284, -4.74886], "rotation": [-78.75, 0, 0], "uv": [32, 0]},
						{"origin": [2.70039, 1.17751, -4.41594], "size": [2, 5, 5], "pivot": [0, 4.97284, -4.74886], "rotation": [-94.33642, -13.77789, -44.10896], "uv": [15, 31]},
						{"origin": [2.4364, 3.48503, -5.79775], "size": [1, 3, 3], "pivot": [0, 5.67673, -4.22213], "rotation": [-69.28822, -1.5463, -45.76432], "uv": [51, 21]},
						{"origin": [1.08175, 2.25067, -5.67785], "size": [2, 5, 5], "pivot": [0, 4.97284, -4.74886], "rotation": [-77.64707, -5.65035, -22.07334], "uv": [30, 31]},
						{"origin": [1.15948, 4.3395, -6.65934], "size": [1, 3, 3], "pivot": [0, 5.67673, -4.22213], "rotation": [-48.94428, 0.96652, -22.73055], "uv": [8, 52]},
						{"origin": [-4.70039, 1.17751, -4.41594], "size": [2, 5, 5], "pivot": [0, 4.97284, -4.74886], "rotation": [-94.33642, 13.77789, 44.10896], "uv": [22, 8]},
						{"origin": [-3.4364, 3.48503, -5.79775], "size": [1, 3, 3], "pivot": [0, 5.67673, -4.22213], "rotation": [-69.28822, 1.5463, 45.76432], "uv": [50, 33]},
						{"origin": [-3.08175, 2.25067, -5.67785], "size": [2, 5, 5], "pivot": [0, 4.97284, -4.74886], "rotation": [-77.64707, 5.65035, 22.07334], "uv": [0, 26]},
						{"origin": [-2.15948, 4.3395, -6.65934], "size": [1, 3, 3], "pivot": [0, 5.67673, -4.22213], "rotation": [-48.94428, -0.96652, 22.73055], "uv": [51, 14]},
						{"origin": [-3, 10.00105, -14.87297], "size": [6, 6, 6], "pivot": [0, 14.19237, -13.28273], "rotation": [53.25, 0, 0], "uv": [0, 13]},
						{"origin": [-1.75, 15.00105, -13.12297], "size": [3, 4, 4], "pivot": [0, 14.19237, -13.28273], "rotation": [53.25, 0, 0], "uv": [0, 37]},
						{"origin": [-2, 14.57605, -15.12297], "size": [4, 2, 3], "pivot": [0, 14.19237, -13.28273], "rotation": [53.25, 0, 0], "uv": [44, 8]},
						{"origin": [-0.44659, 12.47524, -15.24397], "size": [2, 1, 1], "pivot": [0.08107, 13.29858, -14.71897], "rotation": [52.1239, 12.95667, -22.64265], "uv": [46, 10]},
						{"origin": [-1.40643, 12.49858, -15.19397], "size": [2, 1, 1], "pivot": [0.08107, 13.29858, -14.71897], "rotation": [40.86849, -37.70115, 22.50151], "uv": [46, 10]},
						{"origin": [-2.5, 14.75105, -12.62297], "size": [5, 4, 4], "pivot": [0, 14.19237, -13.28273], "rotation": [53.25, 0, 0], "uv": [21, 22]},
						{"origin": [0.18546, 15.32225, -12.46165], "size": [2, 5, 4], "pivot": [0, 14.19237, -13.28273], "rotation": [32.02519, 3.80562, 23.43314], "uv": [11, 42]},
						{"origin": [-2.18546, 15.32225, -12.46165], "size": [2, 5, 4], "pivot": [0, 14.19237, -13.28273], "rotation": [32.02519, -3.80562, -23.43314], "uv": [41, 38]},
						{"origin": [-1.5, 10.00105, -16.87297], "size": [3, 3, 2], "pivot": [0, 14.19237, -13.28273], "rotation": [53.25, 0, 0], "uv": [35, 48]},
						{"origin": [-0.5, 12.02605, -16.92297], "size": [1, 1, 1], "pivot": [0, 14.19237, -13.28273], "rotation": [53.25, 0, 0], "uv": [0, 13]},
						{"origin": [2.30193, 13.25238, -9.25866], "size": [3, 4, 4], "pivot": [0, 11.93285, -11.41374], "rotation": [-89.34062, -17.96852, 10.03556], "uv": [40, 24]},
						{"origin": [0.8881, 14.59334, -12.41583], "size": [2, 2, 3], "pivot": [0, 11.93285, -11.41374], "rotation": [-91.95927, 17.18382, 11.81094], "uv": [21, 49]},
						{"origin": [1.21326, 9.40659, -11.06026], "size": [2, 2, 4], "inflate": -0.01, "pivot": [0, 11.93285, -11.41374], "rotation": [4.38309, 13.23326, 16.12791], "uv": [24, 42]},
						{"origin": [1.21326, 8.29862, -12.85383], "size": [2, 3, 2], "pivot": [0, 11.93285, -11.41374], "rotation": [26.63309, 13.23326, 16.12791], "uv": [54, 40]},
						{"origin": [-3.21326, 9.40659, -11.06026], "size": [2, 2, 4], "inflate": -0.01, "pivot": [0, 11.93285, -11.41374], "rotation": [4.38309, -13.23326, -16.12791], "uv": [19, 0]},
						{"origin": [-2.8881, 14.59334, -12.41583], "size": [2, 2, 3], "pivot": [0, 11.93285, -11.41374], "rotation": [-91.95927, -17.18382, -11.81094], "uv": [46, 48]},
						{"origin": [-3.21326, 8.29862, -12.85383], "size": [2, 3, 2], "pivot": [0, 11.93285, -11.41374], "rotation": [26.63309, -13.23326, -16.12791], "uv": [38, 54]},
						{"origin": [2.80193, 14.11131, -8.47276], "size": [2, 3, 3], "pivot": [0, 11.93285, -11.41374], "rotation": [-106.09062, -17.96852, 10.03556], "uv": [47, 0]},
						{"origin": [2.80193, 14.29309, -6.93196], "size": [2, 3, 1], "inflate": 0.01, "pivot": [0, 11.93285, -11.41374], "rotation": [-118.84062, -17.96852, 10.03556], "uv": [10, 26]},
						{"origin": [-5.30193, 13.25238, -9.25866], "size": [3, 4, 4], "pivot": [0, 11.93285, -11.41374], "rotation": [-89.34062, 17.96852, -10.03556], "uv": [36, 15]},
						{"origin": [-4.80193, 14.11131, -8.47276], "size": [2, 3, 3], "pivot": [0, 11.93285, -11.41374], "rotation": [-106.09062, 17.96852, -10.03556], "uv": [0, 46]},
						{"origin": [-4.80193, 14.29309, -6.93196], "size": [2, 3, 1], "inflate": 0.01, "pivot": [0, 11.93285, -11.41374], "rotation": [-118.84062, 17.96852, -10.03556], "uv": [0, 0]}
					]
				}
			]
		}
	]
}