{
	"format_version": "1.12.0",
	"minecraft:geometry": [
		{
			"description": {
				"identifier": "geometry.unknown",
				"texture_width": 64,
				"texture_height": 64,
				"visible_bounds_width": 2,
				"visible_bounds_height": 2.5,
				"visible_bounds_offset": [0, 0.75, 0]
			},
			"bones": [
				{
					"name": "bone",
					"pivot": [0, 0, 0],
					"cubes": [
						{"origin": [-5, 1, -4.5], "size": [0, 7, 10], "pivot": [-5, 8, 0], "rotation": [0, 0, 22.5], "uv": [0, 10]},
						{"origin": [-5, 0, -5], "size": [10, 10, 10], "uv": [0, 0]},
						{"origin": [5, 1, -4.5], "size": [0, 7, 10], "pivot": [5, 8, 0], "rotation": [0, 0, -22.5], "uv": [0, 17]}
					]
				}
			]
		}
	]
}