{
	"format_version": "1.12.0",
	"minecraft:geometry": [
		{
			"description": {
				"identifier": "geometry.unknown",
				"texture_width": 64,
				"texture_height": 64,
				"visible_bounds_width": 2,
				"visible_bounds_height": 2.5,
				"visible_bounds_offset": [0, 0.75, 0]
			},
			"bones": [
				{
					"name": "wartortle_plushie",
					"pivot": [0, 0, 0],
					"rotation": [5.43939, 23.15636, 2.14444],
					"cubes": [
						{"origin": [-4, 3.39881, -3.39939], "size": [8, 8, 4], "inflate": -0.1, "pivot": [0, 10.88881, -0.09807], "rotation": [24.25, 0, 0], "uv": [0, 13]},
						{"origin": [-4, 3.39881, -3.37439], "size": [8, 8, 1], "inflate": 0.1, "pivot": [0, 10.88881, -0.09807], "rotation": [24.25, 0, 0], "uv": [25, 12]},
						{"origin": [-3.5, 3.14881, -5.39939], "size": [7, 8, 4], "pivot": [0, 10.88881, -0.09807], "rotation": [24.25, 0, 0], "uv": [21, 22]},
						{"origin": [1.75, 0.55535, -4.34355], "size": [3, 3, 4], "pivot": [3.25, 3.28035, -2.84355], "rotation": [56.5, -15, 0], "uv": [40, 18]},
						{"origin": [2.0148, -3.05854, -3.33179], "size": [3, 3, 2], "pivot": [3.5148, -0.33354, -3.83179], "rotation": [84.5, -15, 0], "uv": [44, 7]},
						{"origin": [-4.75, 0.55535, -4.34355], "size": [3, 3, 4], "pivot": [-3.25, 3.28035, -2.84355], "rotation": [56.5, 15, 0], "uv": [0, 38]},
						{"origin": [-5.0148, -3.05854, -3.33179], "size": [3, 3, 2], "pivot": [-3.5148, -0.33354, -3.83179], "rotation": [84.5, 15, 0], "uv": [19, 0]},
						{"origin": [-3.02263, 10.07979, -8.9554], "size": [2, 2, 5], "pivot": [0, 10.88881, -0.09807], "rotation": [59.12503, -72.82815, -25.90181], "uv": [10, 42]},
						{"origin": [1.02263, 10.07979, -8.9554], "size": [2, 2, 5], "pivot": [0, 10.88881, -0.09807], "rotation": [59.12503, 72.82815, 25.90181], "uv": [32, 35]},
						{"origin": [-1.1525, 2.82897, -0.0181], "size": [2, 4, 7], "inflate": 0.1, "pivot": [0, 10.88881, -0.09807], "rotation": [3.25838, 22.83346, -1.1815], "uv": [0, 26]},
						{"origin": [-1.1525, 0.1738, -1.60904], "size": [2, 4, 4], "pivot": [0, 10.88881, -0.09807], "rotation": [52.75838, 22.83346, -1.1815], "uv": [42, 31]},
						{"origin": [-0.87053, 4.70632, -3.49072], "size": [2, 4, 7], "pivot": [0, 10.88881, -0.09807], "rotation": [76.27772, 13.25852, -6.04756], "uv": [25, 0]},
						{"origin": [-0.87053, 4.05481, 2.92796], "size": [2, 3, 3], "inflate": -0.1, "pivot": [0, 10.88881, -0.09807], "rotation": [50.02772, 13.25852, -6.04756], "uv": [37, 0]},
						{"origin": [-3, 10.44999, -6.69375], "size": [6, 6, 6], "pivot": [0, 13.49594, -4.76521], "rotation": [3.25, -17.25, 0], "uv": [0, 0]},
						{"origin": [2.37746, 14.91744, -5.13135], "size": [1, 5, 1], "pivot": [0, 13.49594, -4.76521], "rotation": [-17.91068, -14.46081, 9.7141], "uv": [12, 26]},
						{"origin": [2.37746, 13.91744, -4.13135], "size": [1, 7, 2], "pivot": [0, 13.49594, -4.76521], "rotation": [-17.91068, -14.46081, 9.7141], "uv": [42, 43]},
						{"origin": [-3.37746, 13.91744, -4.13135], "size": [1, 7, 2], "pivot": [0, 13.49594, -4.76521], "rotation": [-12.0895, -19.56031, -9.98514], "uv": [35, 43]},
						{"origin": [-3.37746, 14.91744, -5.13135], "size": [1, 5, 1], "pivot": [0, 13.49594, -4.76521], "rotation": [-12.0895, -19.56031, -9.98514], "uv": [0, 26]},
						{"origin": [-3, 11.14999, -7.19375], "size": [6, 1, 1], "inflate": -0.01, "pivot": [0, 13.49594, -4.76521], "rotation": [3.25, -17.25, 0], "uv": [20, 43]},
						{"origin": [-1.5, 10.19999, -7.26875], "size": [3, 2, 2], "pivot": [0, 13.49594, -4.76521], "rotation": [3.25, -17.25, 0], "uv": [44, 13]},
						{"origin": [0.25, 10.94999, -7.29375], "size": [1, 1, 0], "pivot": [0, 13.49594, -4.76521], "rotation": [3.25, -17.25, 0], "uv": [3, 2]},
						{"origin": [2.32734, 12.75487, -7.16875], "size": [1, 1, 0], "pivot": [0, 13.49594, -4.76521], "rotation": [-10.19086, -14.35749, 46.78], "uv": [0, 2]},
						{"origin": [-3.32734, 12.75487, -7.16875], "size": [1, 1, 0], "pivot": [0, 13.49594, -4.76521], "rotation": [14.5779, -9.86934, -45.77234], "uv": [0, 0]},
						{"origin": [-1.25, 10.94999, -7.29375], "size": [1, 1, 0], "pivot": [0, 13.49594, -4.76521], "rotation": [3.25, -17.25, 0], "uv": [3, 0]},
						{"origin": [-2, 8.70464, -5.9175], "size": [4, 2, 4], "pivot": [0, 13.49594, -4.76521], "rotation": [14.25, 0, 0], "uv": [15, 35]}
					]
				}
			]
		}
	]
}