{
	"format_version": "1.12.0",
	"minecraft:geometry": [
		{
			"description": {
				"identifier": "geometry.unknown",
				"texture_width": 64,
				"texture_height": 64,
				"visible_bounds_width": 2,
				"visible_bounds_height": 2.5,
				"visible_bounds_offset": [0, 0.75, 0]
			},
			"bones": [
				{
					"name": "weedel_plushie",
					"pivot": [0, 0, 0],
					"rotation": [-24.60534, -19.37328, 2.192],
					"cubes": [
						{"origin": [-2.775, 5.02781, -8.62871], "size": [6, 6, 6], "pivot": [0.13234, 6.78584, -7.71993], "rotation": [-75.32701, 15.09479, -0.27245], "uv": [0, 0]},
						{"origin": [-1.275, 7.4383, -8.05437], "size": [3, 2, 3], "pivot": [0.13234, 6.78584, -7.71993], "rotation": [11.92299, 15.09479, -0.27245], "uv": [0, 31]},
						{"origin": [-0.775, 9.4383, -7.55437], "size": [2, 1, 2], "pivot": [0.13234, 6.78584, -7.71993], "rotation": [11.92299, 15.09479, -0.27245], "uv": [38, 29]},
						{"origin": [-1.775, 2.64355, -6.79139], "size": [4, 3, 3], "pivot": [0.13234, 6.78584, -7.71993], "rotation": [-61.57701, 15.09479, -0.27245], "uv": [0, 22]},
						{"origin": [-1.6, -0.12745, -5.52395], "size": [5, 4, 4], "pivot": [0.9, 4.87706, 1.49405], "rotation": [-12.5, 0, 0], "uv": [0, 13]},
						{"origin": [2.075, -0.15417, -5.59842], "size": [2, 2, 2], "pivot": [0.9, 4.87706, 1.49405], "rotation": [2, 0, 0], "uv": [38, 12]},
						{"origin": [1.775, 0.44701, -3.72707], "size": [2, 2, 2], "pivot": [0.9, 4.87706, 1.49405], "rotation": [19.25, 0, 0], "uv": [38, 0]},
						{"origin": [-1.975, 0.44701, -3.72707], "size": [2, 2, 2], "pivot": [0.9, 4.87706, 1.49405], "rotation": [19.25, 0, 0], "uv": [35, 24]},
						{"origin": [0.525, 1.31292, -1.34831], "size": [2, 2, 2], "pivot": [-0.0213, 5.80982, 3.50963], "rotation": [27.25, -8.25, 0], "uv": [22, 34]},
						{"origin": [-2.725, 1.06292, -1.34831], "size": [2, 2, 2], "pivot": [-0.0213, 5.80982, 3.50963], "rotation": [27.25, -8.25, 0], "uv": [31, 34]},
						{"origin": [-0.025, 1.04299, 0.92086], "size": [2, 2, 2], "inflate": -0.2, "pivot": [-0.5713, 5.70982, 3.48463], "rotation": [39.40752, -30.19989, -13.73638], "uv": [34, 7]},
						{"origin": [-3.275, 0.89299, 1.04586], "size": [2, 2, 2], "inflate": -0.2, "pivot": [-0.5713, 5.70982, 3.48463], "rotation": [39.40752, -30.19989, -13.73638], "uv": [13, 34]},
						{"origin": [-2.09632, 3.76062, 2.75246], "size": [1, 1, 1], "inflate": 0.2, "pivot": [-3.11451, 7.0407, 5.70209], "rotation": [50.59106, -40.84169, -15.74029], "uv": [19, 3]},
						{"origin": [-4.84632, 3.76062, 2.75246], "size": [1, 1, 1], "inflate": 0.2, "pivot": [-3.11451, 7.0407, 5.70209], "rotation": [50.59106, -40.84169, -15.74029], "uv": [22, 27]},
						{"origin": [-2.34632, 4.28292, 4.96767], "size": [1, 1, 1], "inflate": 0.2, "pivot": [-3.11451, 7.0407, 5.70209], "rotation": [54.59106, -40.84169, -15.74029], "uv": [15, 13]},
						{"origin": [-4.59632, 4.28292, 4.96767], "size": [1, 1, 1], "inflate": 0.2, "pivot": [-3.11451, 7.0407, 5.70209], "rotation": [54.59106, -40.84169, -15.74029], "uv": [19, 0]},
						{"origin": [-2.59632, 5.11241, 6.25921], "size": [1, 1, 1], "inflate": 0.2, "pivot": [-3.11451, 7.0407, 5.70209], "rotation": [83.59106, -40.84169, -15.74029], "uv": [0, 0]},
						{"origin": [-4.34632, 5.11241, 6.25921], "size": [1, 1, 1], "inflate": 0.2, "pivot": [-3.11451, 7.0407, 5.70209], "rotation": [83.59106, -40.84169, -15.74029], "uv": [0, 3]},
						{"origin": [-2.275, -0.15417, -5.59842], "size": [2, 2, 2], "pivot": [0.9, 4.87706, 1.49405], "rotation": [2, 0, 0], "uv": [0, 37]},
						{"origin": [-2.1, 0.82863, -2.88449], "size": [4, 4, 4], "pivot": [-0.0213, 5.80982, 3.50963], "rotation": [1.25, -8.25, 0], "uv": [21, 9]},
						{"origin": [-2.1, 1.73584, -1.26281], "size": [4, 4, 4], "inflate": -0.1, "pivot": [-0.0213, 5.80982, 3.50963], "rotation": [14.75, -8.25, 0], "uv": [15, 18]},
						{"origin": [-4.47132, 4.01183, 1.78581], "size": [3, 3, 3], "inflate": -0.01, "pivot": [-3.11451, 7.0407, 5.70209], "rotation": [38.59106, -40.84169, -15.74029], "uv": [25, 27]},
						{"origin": [-2.15, 2.53485, 1.44656], "size": [3, 3, 3], "inflate": 0.1, "pivot": [-0.5713, 5.70982, 3.48463], "rotation": [24.90752, -30.19989, -13.73638], "uv": [25, 0]},
						{"origin": [-4.47132, 4.82831, 3.4079], "size": [3, 3, 3], "inflate": -0.1, "pivot": [-3.11451, 7.0407, 5.70209], "rotation": [67.59106, -40.84169, -15.74029], "uv": [12, 27]},
						{"origin": [-3.97132, 5.36116, 4.88747], "size": [2, 2, 3], "inflate": -0.1, "pivot": [-3.11451, 7.0407, 5.70209], "rotation": [99.84106, -40.84169, -15.74029], "uv": [32, 18]},
						{"origin": [-3.47132, 6.08616, 7.63747], "size": [1, 1, 1], "pivot": [-3.11451, 7.0407, 5.70209], "rotation": [99.84106, -40.84169, -15.74029], "uv": [28, 18]},
						{"origin": [-3.47132, 5.15807, 8.25237], "size": [1, 1, 2], "inflate": 0.1, "pivot": [-3.11451, 7.0407, 5.70209], "rotation": [119.59106, -40.84169, -15.74029], "uv": [38, 37]}
					]
				}
			]
		}
	]
}