{
	"format_version": "1.12.0",
	"minecraft:geometry": [
		{
			"description": {
				"identifier": "geometry.unknown",
				"texture_width": 64,
				"texture_height": 64,
				"visible_bounds_width": 3,
				"visible_bounds_height": 2.5,
				"visible_bounds_offset": [0, 0.75, 0]
			},
			"bones": [
				{
					"name": "bone6",
					"pivot": [0, 0, 0]
				},
				{
					"name": "bone5",
					"parent": "bone6",
					"pivot": [0, 0, 1],
					"rotation": [-52.5, 0, 0],
					"cubes": [
						{"origin": [-3.5, -4.22475, -6.86396], "size": [7, 2, 7], "pivot": [0, -0.22475, -3.36396], "rotation": [-45, 0, 0], "uv": [0, 0]},
						{"origin": [-3, -3.22475, -6.36396], "size": [6, 6, 6], "pivot": [0, -0.22475, -3.36396], "rotation": [-45, 0, 0], "uv": [0, 9]},
						{"origin": [-3, -0.22475, -5.11396], "size": [6, 6, 6], "inflate": 0.02, "uv": [18, 15]},
						{"origin": [0.75, 2.77525, -5.81396], "size": [2, 2, 2], "inflate": 0.02, "uv": [28, 27]},
						{"origin": [1.25, 3.27525, -5.91396], "size": [1, 1, 0], "inflate": 0.02, "uv": [0, 1]},
						{"origin": [-2.25, 3.27525, -5.91396], "size": [1, 1, 0], "inflate": 0.02, "uv": [0, 0]},
						{"origin": [-2.75, 2.77525, -5.81396], "size": [2, 2, 2], "inflate": 0.02, "uv": [20, 27]},
						{"origin": [-2, 5.77525, -4.11396], "size": [4, 1, 4], "inflate": 0.02, "uv": [0, 27]},
						{"origin": [0, 6.77525, -3.11396], "size": [0, 4, 4], "inflate": 0.02, "uv": [12, 23]}
					]
				},
				{
					"name": "bone3",
					"parent": "bone5",
					"pivot": [-3, 1.77525, -3.36396],
					"rotation": [35.26439, 30, -25.26439],
					"cubes": [
						{"origin": [-7, 1.77525, -5.11396], "size": [4, 0, 6], "inflate": 0.02, "uv": [0, 21]}
					]
				},
				{
					"name": "bone4",
					"parent": "bone3",
					"pivot": [-7, 1.77525, -3.36396],
					"rotation": [0, 0, 22.5],
					"cubes": [
						{"origin": [-12, 1.77525, -5.11396], "size": [5, 0, 6], "inflate": 0.02, "uv": [12, 9]}
					]
				},
				{
					"name": "bone",
					"parent": "bone5",
					"pivot": [3, 1.77525, -3.36396],
					"rotation": [35.26439, -30, 25.26439],
					"cubes": [
						{"origin": [3, 1.77525, -5.11396], "size": [4, 0, 6], "inflate": 0.02, "uv": [22, 6]}
					]
				},
				{
					"name": "bone2",
					"parent": "bone",
					"pivot": [7, 1.77525, -3.36396],
					"rotation": [0, 0, -22.5],
					"cubes": [
						{"origin": [7, 1.77525, -5.11396], "size": [5, 0, 6], "inflate": 0.02, "uv": [15, 0]}
					]
				}
			]
		}
	]
}