{
	"format_version": "1.12.0",
	"minecraft:geometry": [
		{
			"description": {
				"identifier": "geometry.unknown",
				"texture_width": 64,
				"texture_height": 64,
				"visible_bounds_width": 3,
				"visible_bounds_height": 2.5,
				"visible_bounds_offset": [0, 0.75, 0]
			},
			"bones": [
				{
					"name": "bone7",
					"pivot": [0, 0, 0],
					"cubes": [
						{"origin": [-5, 3, -5], "size": [2, 2, 2], "pivot": [-4, 4, -4], "rotation": [-20, 45, 0], "uv": [0, 4]},
						{"origin": [3, 3, -5], "size": [2, 2, 2], "pivot": [4, 4, -4], "rotation": [-20, -45, 0], "uv": [0, 0]},
						{"origin": [-4, 0, -1.5], "size": [3, 1, 4], "pivot": [0, 0, 1], "rotation": [0, -15, 0], "uv": [14, 16]},
						{"origin": [1, 0, -1.5], "size": [3, 1, 4], "pivot": [0, 0, 1], "rotation": [0, 15, 0], "uv": [0, 16]},
						{"origin": [-4, 1, -4], "size": [8, 8, 8], "uv": [0, 0]}
					]
				},
				{
					"name": "bone",
					"parent": "bone7",
					"pivot": [-2.5, 8, 0],
					"rotation": [-22.5, 0, -22.5],
					"cubes": [
						{"origin": [-5, 8, 0], "size": [5, 4, 0], "uv": [24, 16]}
					]
				},
				{
					"name": "bone2",
					"parent": "bone",
					"pivot": [0, 12, 0],
					"rotation": [22.5, 0, 0],
					"cubes": [
						{"origin": [-5, 12, 0], "size": [5, 4, 0], "uv": [24, 4]}
					]
				},
				{
					"name": "bone3",
					"parent": "bone2",
					"pivot": [0, 16, 0],
					"rotation": [22.5, 0, 0],
					"cubes": [
						{"origin": [-5, 16, 0], "size": [5, 4, 0], "uv": [24, 0]}
					]
				},
				{
					"name": "bone4",
					"parent": "bone7",
					"pivot": [2.5, 8, 0],
					"rotation": [-22.5, 0, 22.5],
					"cubes": [
						{"origin": [0, 8, 0], "size": [5, 4, 0], "uv": [20, 21]}
					]
				},
				{
					"name": "bone5",
					"parent": "bone4",
					"pivot": [0, 12, 0],
					"rotation": [22.5, 0, 0],
					"cubes": [
						{"origin": [0, 12, 0], "size": [5, 4, 0], "uv": [10, 21]}
					]
				},
				{
					"name": "bone6",
					"parent": "bone5",
					"pivot": [0, 16, 0],
					"rotation": [22.5, 0, 0],
					"cubes": [
						{"origin": [0, 16, 0], "size": [5, 4, 0], "uv": [0, 21]}
					]
				}
			]
		}
	]
}