{
	"format_version": "1.12.0",
	"minecraft:geometry": [
		{
			"description": {
				"identifier": "geometry.unknown",
				"texture_width": 64,
				"texture_height": 64,
				"visible_bounds_width": 2,
				"visible_bounds_height": 2.5,
				"visible_bounds_offset": [0, 0.75, 0]
			},
			"bones": [
				{
					"name": "WiglettPlushie",
					"pivot": [0, 0, 0],
					"cubes": [
						{"origin": [-6, 0, -6], "size": [12, 2, 12], "uv": [0, 17]},
						{"origin": [-8, 0.025, -8], "size": [16, 0, 16], "uv": [0, 0]},
						{"origin": [-2, 2, -2], "size": [4, 5, 4], "uv": [0, 42]},
						{"origin": [-2, 6.69732, -2.32847], "size": [4, 4, 4], "inflate": 0.2, "pivot": [0, 9.19732, -0.32847], "rotation": [8, 0, 0], "uv": [17, 43]},
						{"origin": [-2.5, 9.73795, -4.13596], "size": [5, 5, 5], "pivot": [0, 12.23795, -1.63596], "rotation": [28.75, 0, 0], "uv": [23, 32]},
						{"origin": [1, 14.76295, -1.88596], "size": [1, 0, 2], "pivot": [0, 12.23795, -1.63596], "rotation": [28.75, 0, 0], "uv": [49, 22]},
						{"origin": [1.125, 13.98795, -0.78596], "size": [1, 1, 1], "inflate": -0.2, "pivot": [0, 12.23795, -1.63596], "rotation": [28.75, 0, 0], "uv": [49, 28]},
						{"origin": [-1.875, 13.98795, -0.78596], "size": [1, 1, 1], "inflate": -0.2, "pivot": [0, 12.23795, -1.63596], "rotation": [28.75, 0, 0], "uv": [34, 51]},
						{"origin": [-2, 14.76295, -1.88596], "size": [1, 0, 2], "pivot": [0, 12.23795, -1.63596], "rotation": [28.75, 0, 0], "uv": [49, 25]},
						{"origin": [-1.5, 14.56295, -3.63596], "size": [3, 1, 2], "pivot": [0, 12.23795, -1.63596], "rotation": [28.75, 0, 0], "uv": [44, 39]},
						{"origin": [0, 0, -7], "size": [4, 3, 4], "uv": [34, 43]},
						{"origin": [-4, 2, -4], "size": [3, 1, 3], "uv": [49, 17]},
						{"origin": [3, 0, 0], "size": [4, 3, 3], "uv": [44, 32]},
						{"origin": [-7, 0, 0], "size": [6, 4, 5], "uv": [0, 32]}
					]
				}
			]
		}
	]
}