{
	"format_version": "1.12.0",
	"minecraft:geometry": [
		{
			"description": {
				"identifier": "geometry.unknown",
				"texture_width": 64,
				"texture_height": 64,
				"visible_bounds_width": 3,
				"visible_bounds_height": 2.5,
				"visible_bounds_offset": [0, 0.75, 0]
			},
			"bones": [
				{
					"name": "WiglettPlushie",
					"pivot": [0, 0, 0],
					"cubes": [
						{"origin": [-6, 0, -6], "size": [12, 2, 12], "uv": [0, 17]},
						{"origin": [-3.5, 2, -3.5], "size": [7, 6, 7], "uv": [0, 51]},
						{"origin": [-8, 0.025, -8], "size": [16, 0, 16], "uv": [0, 0]},
						{"origin": [0, 0, -7], "size": [4, 3, 4], "uv": [34, 43]},
						{"origin": [-4, 2, -4], "size": [3, 1, 3], "uv": [49, 17]},
						{"origin": [3, 0, 0], "size": [4, 3, 3], "uv": [44, 32]},
						{"origin": [-7, 0, 0], "size": [6, 4, 5], "uv": [0, 32]}
					]
				},
				{
					"name": "head",
					"parent": "WiglettPlushie",
					"pivot": [0, 13.76295, 6.01404],
					"cubes": [
						{"origin": [-2, 3.925, 4.35], "size": [4, 5, 4], "pivot": [0, 8.52609, 6.22056], "rotation": [-34, 0, 0], "uv": [0, 42]},
						{"origin": [-2, 3.54243, 1.42398], "size": [4, 2, 4], "inflate": -0.001, "pivot": [0, 4.54243, 3.42398], "rotation": [-53.75, 0, 0], "uv": [0, 45]},
						{"origin": [-2, 8.22476, 4.23479], "size": [4, 4, 4], "inflate": 0.2, "pivot": [0, 8.12609, 6.07056], "rotation": [-11.5, 0, 0], "uv": [17, 43]},
						{"origin": [-2.5, 9.88631, 3.37692], "size": [5, 5, 5], "pivot": [0.0625, 14.04894, 5.57195], "rotation": [86.5, 0, 0], "uv": [23, 32]},
						{"origin": [-1.5, 14.71131, 3.87692], "size": [3, 1, 2], "pivot": [0.0625, 14.04894, 5.57195], "rotation": [86.5, 0, 0], "uv": [44, 39]},
						{"origin": [1, 14.91131, 5.62692], "size": [1, 0, 2], "pivot": [0.0625, 14.04894, 5.57195], "rotation": [86.5, 0, 0], "uv": [49, 22]},
						{"origin": [1.125, 14.13631, 6.72692], "size": [1, 1, 1], "inflate": -0.2, "pivot": [0.0625, 14.04894, 5.57195], "rotation": [86.5, 0, 0], "uv": [49, 28]},
						{"origin": [-2, 14.91131, 5.62692], "size": [1, 0, 2], "pivot": [0.0625, 14.04894, 5.57195], "rotation": [86.5, 0, 0], "uv": [49, 25]},
						{"origin": [-1.875, 14.13631, 6.72692], "size": [1, 1, 1], "inflate": -0.2, "pivot": [0.0625, 14.04894, 5.57195], "rotation": [86.5, 0, 0], "uv": [34, 51]}
					]
				},
				{
					"name": "head2",
					"parent": "WiglettPlushie",
					"pivot": [7, 7.48795, -1.23596],
					"cubes": [
						{"origin": [3.05, 0.48717, -1.73282], "size": [4, 4, 4], "pivot": [5.05, 3.83085, -0.07357], "rotation": [-34, 88, 21.5], "uv": [0, 42]},
						{"origin": [3.05, 3.66459, -1.68284], "size": [4, 4, 4], "inflate": 0.2, "pivot": [5.05, 3.83085, -0.07357], "rotation": [-11.5, 88, 21.5], "uv": [17, 43]},
						{"origin": [4.5, 3.61131, -3.87308], "size": [5, 5, 5], "pivot": [7.0625, 7.77394, -1.67805], "rotation": [86.5, 0, 0], "uv": [23, 32]},
						{"origin": [5.5, 8.43631, -3.37308], "size": [3, 1, 2], "pivot": [7.0625, 7.77394, -1.67805], "rotation": [86.5, 0, 0], "uv": [44, 39]},
						{"origin": [8, 8.63631, -1.62308], "size": [1, 0, 2], "pivot": [7.0625, 7.77394, -1.67805], "rotation": [86.5, 0, 0], "uv": [49, 22]},
						{"origin": [8.125, 7.86131, -0.52308], "size": [1, 1, 1], "inflate": -0.2, "pivot": [7.0625, 7.77394, -1.67805], "rotation": [86.5, 0, 0], "uv": [49, 28]},
						{"origin": [5, 8.63631, -1.62308], "size": [1, 0, 2], "pivot": [7.0625, 7.77394, -1.67805], "rotation": [86.5, 0, 0], "uv": [49, 25]},
						{"origin": [5.125, 7.86131, -0.52308], "size": [1, 1, 1], "inflate": -0.2, "pivot": [7.0625, 7.77394, -1.67805], "rotation": [86.5, 0, 0], "uv": [34, 51]}
					]
				},
				{
					"name": "head3",
					"parent": "WiglettPlushie",
					"pivot": [-7.325, 10.63795, -0.58596],
					"cubes": [
						{"origin": [-7.375, 2.63717, -1.08282], "size": [4, 5, 4], "pivot": [-5.375, 6.98085, 0.57643], "rotation": [-34, -88, -21.5], "uv": [0, 42], "mirror": true},
						{"origin": [-7.375, 6.81459, -1.03284], "size": [4, 4, 4], "inflate": 0.2, "pivot": [-5.375, 6.98085, 0.57643], "rotation": [-11.5, -88, -21.5], "uv": [17, 43], "mirror": true},
						{"origin": [-9.825, 6.76131, -3.22308], "size": [5, 5, 5], "pivot": [-7.3875, 10.92394, -1.02805], "rotation": [86.5, 0, 0], "uv": [23, 32], "mirror": true},
						{"origin": [-8.825, 11.58631, -2.72308], "size": [3, 1, 2], "pivot": [-7.3875, 10.92394, -1.02805], "rotation": [86.5, 0, 0], "uv": [44, 39], "mirror": true},
						{"origin": [-9.325, 11.78631, -0.97308], "size": [1, 0, 2], "pivot": [-7.3875, 10.92394, -1.02805], "rotation": [86.5, 0, 0], "uv": [49, 22], "mirror": true},
						{"origin": [-9.45, 11.01131, 0.12692], "size": [1, 1, 1], "inflate": -0.2, "pivot": [-7.3875, 10.92394, -1.02805], "rotation": [86.5, 0, 0], "uv": [49, 28], "mirror": true},
						{"origin": [-6.325, 11.78631, -0.97308], "size": [1, 0, 2], "pivot": [-7.3875, 10.92394, -1.02805], "rotation": [86.5, 0, 0], "uv": [49, 25], "mirror": true},
						{"origin": [-6.45, 11.01131, 0.12692], "size": [1, 1, 1], "inflate": -0.2, "pivot": [-7.3875, 10.92394, -1.02805], "rotation": [86.5, 0, 0], "uv": [34, 51], "mirror": true}
					]
				}
			]
		}
	]
}