{
	"format_version": "1.12.0",
	"minecraft:geometry": [
		{
			"description": {
				"identifier": "geometry.unknown",
				"texture_width": 64,
				"texture_height": 64,
				"visible_bounds_width": 2,
				"visible_bounds_height": 2.5,
				"visible_bounds_offset": [0, 0.75, 0]
			},
			"bones": [
				{
					"name": "bone",
					"pivot": [0, 0, 2],
					"cubes": [
						{"origin": [-1, 0, -3], "size": [2, 2, 6], "uv": [17, 12]},
						{"origin": [-2, 2, -3], "size": [4, 1, 2], "uv": [0, 20]},
						{"origin": [-1, 3, -2.5], "size": [2, 4, 1], "uv": [0, 8]},
						{"origin": [-1, 7, -4], "size": [2, 2, 3], "uv": [0, 15]},
						{"origin": [-0.5, 8, -4.05], "size": [1, 1, 0], "uv": [7, 0]},
						{"origin": [-0.5, 2, -3.05], "size": [1, 1, 0], "uv": [7, 0]},
						{"origin": [-0.5, 3, -2.55], "size": [1, 1, 0], "uv": [7, 0]},
						{"origin": [-0.5, 3, -3.05], "size": [1, 0, 1], "uv": [6, -1]},
						{"origin": [1, 9, -7], "size": [7, 0, 9], "pivot": [1, 9, -2], "rotation": [0, 0, -45], "uv": [0, 9]},
						{"origin": [-8, 9, -7], "size": [7, 0, 9], "pivot": [-1, 9, -2], "rotation": [0, 0, 45], "uv": [0, 0]},
						{"origin": [-3, 2, -2], "size": [6, 2, 0], "uv": [10, 20]},
						{"origin": [0, 1, 2], "size": [0, 4, 4], "uv": [0, 0]},
						{"origin": [-3.9, 0, 1.5], "size": [3, 1, 1], "pivot": [0, 0, 2], "rotation": [0, 45, 0], "uv": [21, 21]},
						{"origin": [0.55, 0, -2.75], "size": [3, 1, 1], "pivot": [0, 0, -3], "rotation": [0, 22.5, 0], "uv": [0, 0]},
						{"origin": [-3.55, 0, -2.75], "size": [3, 1, 1], "pivot": [0, 0, -3], "rotation": [0, -22.5, 0], "uv": [0, 2]},
						{"origin": [0.9, 0, 1.5], "size": [3, 1, 1], "pivot": [0, 0, 2], "rotation": [0, -45, 0], "uv": [0, 13]}
					]
				}
			]
		}
	]
}