{
	"format_version": "1.12.0",
	"minecraft:geometry": [
		{
			"description": {
				"identifier": "geometry.unknown",
				"texture_width": 64,
				"texture_height": 64,
				"visible_bounds_width": 4,
				"visible_bounds_height": 3.5,
				"visible_bounds_offset": [0, 1.25, 0]
			},
			"bones": [
				{
					"name": "bone19",
					"pivot": [-4, 0, 0]
				},
				{
					"name": "bone7",
					"parent": "bone19",
					"pivot": [-8, 0, 4],
					"rotation": [0, -90, 0],
					"cubes": [
						{"origin": [-6, 4, -2], "size": [3, 6, 4], "inflate": 0.002, "uv": [12, 36]},
						{"origin": [-7.25, 16, -2], "size": [3, 6, 4], "inflate": 0.002, "pivot": [-5, 18, 0], "rotation": [0, 0, -67.5], "uv": [34, 4]},
						{"origin": [-5.75, 21.4, -2], "size": [3, 5, 4], "inflate": 0.003, "pivot": [-5, 18, 0], "rotation": [0, 0, -90], "uv": [35, 20]},
						{"origin": [-5.75, 23.4, 0], "size": [4, 5, 0], "inflate": 0.003, "pivot": [-5, 18, 0], "rotation": [0, 0, -90], "uv": [0, 16]},
						{"origin": [-6, 12, -5], "size": [3, 6, 10], "inflate": 0.002, "uv": [0, 0]},
						{"origin": [-9.25, 13, -4], "size": [4, 6, 8], "inflate": 0.003, "pivot": [-5, 13, 0], "rotation": [0, 0, 45], "uv": [0, 16]},
						{"origin": [-7.25, 19, -4], "size": [0, 10, 8], "inflate": 0.003, "pivot": [-5, 13, 0], "rotation": [0, 0, 45], "uv": [0, 22]},
						{"origin": [-6, 10, -2], "size": [3, 8, 5], "pivot": [-5, 10, 0], "rotation": [-45, 0, 0], "uv": [24, 24]},
						{"origin": [-6, 10, -3], "size": [3, 8, 5], "inflate": 0.001, "pivot": [-5, 10, 0], "rotation": [45, 0, 0], "uv": [21, 11]},
						{"origin": [-15.5, 19, -2], "size": [7, 4, 0], "pivot": [-10, 20, -2], "rotation": [22.5, 0, 0], "uv": [40, 45]},
						{"origin": [-12.5, 20, 2], "size": [8, 3, 0], "pivot": [-9, 20, 2], "rotation": [-22.75205, -8.30987, -19.03148], "uv": [40, 29]},
						{"origin": [-12.5, 20, -2], "size": [8, 3, 0], "pivot": [-9, 20, -2], "rotation": [22.75205, 8.30987, -19.03148], "uv": [45, 20]},
						{"origin": [-15.5, 19, 2], "size": [7, 4, 0], "pivot": [-10, 20, 2], "rotation": [-22.5, 0, 0], "uv": [26, 45]}
					]
				},
				{
					"name": "bone6",
					"parent": "bone7",
					"pivot": [-5, 5, -2],
					"cubes": [
						{"origin": [-12, 7, -3], "size": [1, 1, 0], "inflate": 0.002, "pivot": [-10.5, 6, -3], "rotation": [45, 0, 0], "uv": [8, 0]},
						{"origin": [-11, 6, -3.5], "size": [1, 2, 1], "inflate": 0.002, "pivot": [-10.5, 6, -3], "rotation": [45, 0, 0], "uv": [16, 20]},
						{"origin": [-11, 6, -3.5], "size": [1, 2, 1], "inflate": 0.002, "pivot": [-10.5, 6, -3], "rotation": [-45, 0, 0], "uv": [0, 21]},
						{"origin": [-12, 7, -3], "size": [1, 1, 0], "inflate": 0.002, "pivot": [-10.5, 6, -3], "rotation": [-45, 0, 0], "uv": [0, 1]},
						{"origin": [-12, 4, -3], "size": [1, 1, 0], "inflate": 0.003, "uv": [0, 0]},
						{"origin": [-11, 4, -3.5], "size": [1, 2, 1], "inflate": 0.003, "uv": [4, 21]},
						{"origin": [-10, 4, -3.5], "size": [4, 2, 1], "inflate": 0.002, "uv": [0, 5]},
						{"origin": [-6, 4, -4], "size": [3, 3, 2], "inflate": 0.002, "uv": [0, 0]},
						{"origin": [-6, 7, -3], "size": [3, 1, 0], "inflate": 0.002, "uv": [0, 8]}
					]
				},
				{
					"name": "bone18",
					"parent": "bone7",
					"pivot": [-5, 5, 4],
					"cubes": [
						{"origin": [-12, 7, 3], "size": [1, 1, 0], "inflate": 0.002, "pivot": [-10.5, 6, 3], "rotation": [45, 0, 0], "uv": [8, 0]},
						{"origin": [-11, 6, 2.5], "size": [1, 2, 1], "inflate": 0.002, "pivot": [-10.5, 6, 3], "rotation": [45, 0, 0], "uv": [16, 20]},
						{"origin": [-11, 6, 2.5], "size": [1, 2, 1], "inflate": 0.002, "pivot": [-10.5, 6, 3], "rotation": [-45, 0, 0], "uv": [0, 21]},
						{"origin": [-12, 7, 3], "size": [1, 1, 0], "inflate": 0.002, "pivot": [-10.5, 6, 3], "rotation": [-45, 0, 0], "uv": [0, 1]},
						{"origin": [-12, 4, 3], "size": [1, 1, 0], "inflate": 0.003, "uv": [0, 0]},
						{"origin": [-11, 4, 2.5], "size": [1, 2, 1], "inflate": 0.003, "uv": [4, 21]},
						{"origin": [-10, 4, 2.5], "size": [4, 2, 1], "inflate": 0.002, "uv": [0, 5]},
						{"origin": [-6, 4, 2], "size": [3, 3, 2], "inflate": 0.002, "uv": [0, 0]},
						{"origin": [-6, 7, 3], "size": [3, 1, 0], "inflate": 0.002, "uv": [0, 8]}
					]
				},
				{
					"name": "bone5",
					"parent": "bone7",
					"pivot": [-5, 13, 0]
				},
				{
					"name": "bone",
					"parent": "bone5",
					"pivot": [-5, 5, 0],
					"rotation": [0, 0, -45],
					"cubes": [
						{"origin": [-9, 4, -1.5], "size": [4, 2, 3], "inflate": 0.001, "uv": [0, 43]}
					]
				},
				{
					"name": "bone2",
					"parent": "bone",
					"pivot": [-9, 5, 0],
					"rotation": [0, 0, 22.5],
					"cubes": [
						{"origin": [-13, 4, -2], "size": [4, 2, 4], "uv": [37, 14]}
					]
				},
				{
					"name": "bone3",
					"parent": "bone2",
					"pivot": [-13, 5, 0],
					"rotation": [0, 0, 22.5],
					"cubes": [
						{"origin": [-17, 4, -2], "size": [4, 2, 4], "inflate": 0.002, "uv": [36, 33]}
					]
				},
				{
					"name": "bone4",
					"parent": "bone3",
					"pivot": [-17, 5, 0],
					"rotation": [0, 0, 10],
					"cubes": [
						{"origin": [-22, 4, -3], "size": [5, 2, 6], "uv": [16, 0]},
						{"origin": [-19.5, 4, -4], "size": [0, 4, 2], "pivot": [-19.5, 4, -3], "rotation": [22.5, 0, 0], "uv": [16, 0]},
						{"origin": [-19.5, 4, 2], "size": [0, 4, 2], "pivot": [-19.5, 4, 3], "rotation": [-22.5, 0, 0], "uv": [16, 30]},
						{"origin": [-28.7, 2.2, 2], "size": [7, 6, 0], "pivot": [-21, 4, 0], "rotation": [0, 0, 12.5], "uv": [44, 0]},
						{"origin": [-28.7, 2.2, 0], "size": [7, 6, 0], "pivot": [-21, 4, 0], "rotation": [0, 0, 12.5], "uv": [44, 0]},
						{"origin": [-28.7, 2.2, -2], "size": [7, 6, 0], "pivot": [-21, 4, 0], "rotation": [0, 0, 12.5], "uv": [44, 0]}
					]
				},
				{
					"name": "bone8",
					"parent": "bone7",
					"pivot": [-7, 11.5, 1.25],
					"rotation": [-114.14867, -20.70481, 9.00717]
				},
				{
					"name": "bone9",
					"parent": "bone8",
					"pivot": [-7, 3.5, 1.25],
					"rotation": [0, 0, -45],
					"cubes": [
						{"origin": [-11, 2.5, -0.25], "size": [4, 2, 3], "inflate": 0.001, "uv": [0, 43]}
					]
				},
				{
					"name": "bone10",
					"parent": "bone9",
					"pivot": [-11, 3.5, 1.25],
					"rotation": [0, 0, 22.5],
					"cubes": [
						{"origin": [-15, 2.5, -0.75], "size": [4, 2, 4], "uv": [37, 14]}
					]
				},
				{
					"name": "bone11",
					"parent": "bone10",
					"pivot": [-15, 3.5, 1.25],
					"rotation": [0, 0, 22.5],
					"cubes": [
						{"origin": [-19, 2.5, -0.75], "size": [4, 2, 4], "inflate": 0.002, "uv": [36, 33]}
					]
				},
				{
					"name": "bone12",
					"parent": "bone11",
					"pivot": [-19, 3.5, 1.25],
					"rotation": [0, 0, 10],
					"cubes": [
						{"origin": [-24, 2.5, -1.75], "size": [5, 2, 6], "uv": [16, 0]},
						{"origin": [-21.5, 2.5, -2.75], "size": [0, 4, 2], "pivot": [-21.5, 2.5, -1.75], "rotation": [22.5, 0, 0], "uv": [16, 0]},
						{"origin": [-21.5, 2.5, 3.25], "size": [0, 4, 2], "pivot": [-21.5, 2.5, 4.25], "rotation": [-22.5, 0, 0], "uv": [16, 30]},
						{"origin": [-30.7, 0.7, 3.25], "size": [7, 6, 0], "pivot": [-23, 2.5, 1.25], "rotation": [0, 0, 12.5], "uv": [44, 0]},
						{"origin": [-30.7, 0.7, 1.25], "size": [7, 6, 0], "pivot": [-23, 2.5, 1.25], "rotation": [0, 0, 12.5], "uv": [44, 0]},
						{"origin": [-30.7, 0.7, -0.75], "size": [7, 6, 0], "pivot": [-23, 2.5, 1.25], "rotation": [0, 0, 12.5], "uv": [44, 0]}
					]
				},
				{
					"name": "bone13",
					"parent": "bone7",
					"pivot": [-7, 11.5, -1.25],
					"rotation": [114.14867, 20.70481, 9.00717]
				},
				{
					"name": "bone14",
					"parent": "bone13",
					"pivot": [-7, 3.5, -1.25],
					"rotation": [0, 0, -45],
					"cubes": [
						{"origin": [-11, 2.5, -2.75], "size": [4, 2, 3], "inflate": 0.001, "uv": [0, 43]}
					]
				},
				{
					"name": "bone15",
					"parent": "bone14",
					"pivot": [-11, 3.5, -1.25],
					"rotation": [0, 0, 22.5],
					"cubes": [
						{"origin": [-15, 2.5, -3.25], "size": [4, 2, 4], "uv": [37, 14]}
					]
				},
				{
					"name": "bone16",
					"parent": "bone15",
					"pivot": [-15, 3.5, -1.25],
					"rotation": [0, 0, 22.5],
					"cubes": [
						{"origin": [-19, 2.5, -3.25], "size": [4, 2, 4], "inflate": 0.002, "uv": [36, 33]}
					]
				},
				{
					"name": "bone17",
					"parent": "bone16",
					"pivot": [-19, 3.5, -1.25],
					"rotation": [0, 0, 10],
					"cubes": [
						{"origin": [-24, 2.5, -4.25], "size": [5, 2, 6], "uv": [16, 0]},
						{"origin": [-21.5, 2.5, -5.25], "size": [0, 4, 2], "pivot": [-21.5, 2.5, -4.25], "rotation": [22.5, 0, 0], "uv": [16, 0]},
						{"origin": [-21.5, 2.5, 0.75], "size": [0, 4, 2], "pivot": [-21.5, 2.5, 1.75], "rotation": [-22.5, 0, 0], "uv": [16, 30]},
						{"origin": [-30.7, 0.7, 0.75], "size": [7, 6, 0], "pivot": [-23, 2.5, -1.25], "rotation": [0, 0, 12.5], "uv": [44, 0]},
						{"origin": [-30.7, 0.7, -1.25], "size": [7, 6, 0], "pivot": [-23, 2.5, -1.25], "rotation": [0, 0, 12.5], "uv": [44, 0]},
						{"origin": [-30.7, 0.7, -3.25], "size": [7, 6, 0], "pivot": [-23, 2.5, -1.25], "rotation": [0, 0, 12.5], "uv": [44, 0]}
					]
				}
			]
		}
	]
}