{
	"format_version": "1.12.0",
	"minecraft:geometry": [
		{
			"description": {
				"identifier": "geometry.unknown",
				"texture_width": 64,
				"texture_height": 64,
				"visible_bounds_width": 3,
				"visible_bounds_height": 2.5,
				"visible_bounds_offset": [0, 0.75, 0]
			},
			"bones": [
				{
					"name": "bone14",
					"pivot": [0, 0, 0],
					"cubes": [
						{"origin": [-2.5, 0, -2.5], "size": [5, 5, 5], "uv": [0, 0]},
						{"origin": [-2, 5, -2], "size": [4, 4, 4], "uv": [14, 16]},
						{"origin": [-2, 9, -2.025], "size": [2, 4, 0], "pivot": [0, 9, -2.025], "rotation": [0, 0, -10], "uv": [0, 34]},
						{"origin": [0, 9, -2.025], "size": [2, 4, 0], "pivot": [0, 9, -2.025], "rotation": [0, 0, 10], "uv": [4, 34]},
						{"origin": [-1, 6, -3], "size": [2, 1, 1], "uv": [0, 19]},
						{"origin": [-0.5, 5.5, -3], "size": [1, 1, 1], "uv": [0, 0]},
						{"origin": [-0.5, 6, -6], "size": [1, 1, 3], "uv": [0, 38]}
					]
				},
				{
					"name": "bone9",
					"parent": "bone14",
					"pivot": [0, 0, 2.5],
					"rotation": [45, 0, 0]
				},
				{
					"name": "bone",
					"parent": "bone14",
					"pivot": [-1, 0, -1],
					"rotation": [0, 22.5, 0],
					"cubes": [
						{"origin": [-1.5, 0, -5.5], "size": [1, 0, 4], "uv": [11, 0]},
						{"origin": [-1.5, 0, -5.5], "size": [1, 1, 0], "uv": [2, 2]}
					]
				},
				{
					"name": "bone2",
					"parent": "bone14",
					"pivot": [1, 0, -1],
					"rotation": [0, -22.5, 0],
					"cubes": [
						{"origin": [0.5, 0, -5.5], "size": [1, 0, 4], "uv": [0, 10]},
						{"origin": [0.5, 0, -5.5], "size": [1, 1, 0], "uv": [0, 2]}
					]
				},
				{
					"name": "bone5",
					"parent": "bone14",
					"pivot": [0, 0, 2.5],
					"rotation": [22.5, 0, 0],
					"cubes": [
						{"origin": [-4.5, -0.025, 2.5], "size": [9, 0, 7], "uv": [19, 35]},
						{"origin": [-4.5, 0, 2.5], "size": [9, 0, 7], "uv": [1, 35]}
					]
				},
				{
					"name": "bone4",
					"parent": "bone14",
					"pivot": [-2.5, 5, 0],
					"rotation": [0, 0, -45],
					"cubes": [
						{"origin": [-10.5, 5, -4.5], "size": [8, 0, 9], "uv": [-9, 42]},
						{"origin": [-11.5, 4.975, -4.5], "size": [8, 0, 9], "uv": [7, 42]}
					]
				},
				{
					"name": "bone3",
					"parent": "bone14",
					"pivot": [2.5, 5, 0],
					"rotation": [0, 0, 45],
					"cubes": [
						{"origin": [2.5, 5, -4.5], "size": [8, 0, 9], "uv": [-9, 51]},
						{"origin": [3.5, 4.975, -4.5], "size": [8, 0, 9], "uv": [7, 51]}
					]
				},
				{
					"name": "bone13",
					"parent": "bone14",
					"pivot": [0, 9.4, -0.9],
					"cubes": [
						{"origin": [-2.4, 8.4, -1], "size": [2, 5, 0], "pivot": [0, 9.4, -0.9], "rotation": [-20.94102, -8.42106, -43.44102], "uv": [0, 29]},
						{"origin": [-2.4, 8.4, -0.4], "size": [2, 5, 0], "pivot": [0, 9.4, -0.4], "rotation": [-16.32495, -15.69986, -65.23421], "uv": [0, 29]},
						{"origin": [-0.6, 8.4, -0.4], "size": [3, 5, 0], "pivot": [0, 9.4, -0.4], "rotation": [-16.32495, 15.69986, 65.23421], "uv": [0, 14]},
						{"origin": [-0.6, 8.4, -1], "size": [3, 5, 0], "pivot": [0, 9.4, -0.9], "rotation": [-20.94102, 8.42106, 43.44102], "uv": [0, 14]}
					]
				},
				{
					"name": "bone15",
					"parent": "bone14",
					"pivot": [0, 9.4, -0.9],
					"cubes": [
						{"origin": [-1.71981, 7.44213, -1.25355], "size": [2, 5, 0], "pivot": [0, 7.8, -0.8], "rotation": [-20.94102, -8.42106, -88.44102], "uv": [0, 29]},
						{"origin": [-1.39055, 7.26825, -0.69161], "size": [2, 5, 0], "pivot": [0, 7.8, -0.8], "rotation": [-16.32495, -15.69986, -110.23421], "uv": [0, 29]},
						{"origin": [-0.60945, 7.26825, -0.69161], "size": [2, 5, 0], "pivot": [0, 7.8, -0.8], "rotation": [-16.32495, 15.69986, 110.23421], "uv": [4, 29]},
						{"origin": [-0.28019, 7.44213, -1.25355], "size": [2, 5, 0], "pivot": [0, 7.8, -0.8], "rotation": [-20.94102, 8.42106, 88.44102], "uv": [4, 29]}
					]
				}
			]
		}
	]
}