{
	"format_version": "1.12.0",
	"minecraft:geometry": [
		{
			"description": {
				"identifier": "geometry.unknown",
				"texture_width": 128,
				"texture_height": 128,
				"visible_bounds_width": 2,
				"visible_bounds_height": 2.5,
				"visible_bounds_offset": [0, 0.75, 0]
			},
			"bones": [
				{
					"name": "zorua_plushie",
					"pivot": [0, 0, -0.375],
					"cubes": [
						{"origin": [-2.5, 1.975, -3.375], "size": [5, 4, 7], "pivot": [0, 3.975, 0.625], "rotation": [-19.25, 0, 0], "uv": [0, 27]},
						{"origin": [-2, 2.50684, 3.42058], "size": [4, 3, 4], "pivot": [0, 5.88543, 5.22929], "rotation": [-60, 0, 0], "uv": [29, 12]},
						{"origin": [-1.5, 4.66884, 3.4491], "size": [3, 4, 3], "pivot": [0, 5.43543, 4.30429], "rotation": [-24.5, 0, 0], "uv": [0, 39]},
						{"origin": [-1, 7.54561, 5.55154], "size": [2, 3, 2], "pivot": [0.5, 9.54561, 6.05154], "rotation": [-2.25, 0, 0], "uv": [9, 52]},
						{"origin": [-1, 7.42637, 3.63152], "size": [2, 2, 2], "inflate": 0.1, "pivot": [0, 8.92637, 4.63152], "rotation": [22.5, 0, 0], "uv": [27, 52]},
						{"origin": [-1, 5.20137, 2.55652], "size": [2, 3, 2], "pivot": [0, 6.70137, 3.55652], "rotation": [36.75, 0, 0], "uv": [18, 52]},
						{"origin": [-4, 4.975, -5.575], "size": [8, 3, 8], "pivot": [0.5, 6.975, -1.325], "rotation": [13.25, 0, 0], "uv": [0, 0]},
						{"origin": [1.575, 6.12371, -5.07209], "size": [2, 2, 2], "pivot": [1.075, 6.62371, -1.57209], "rotation": [14.89542, -29.68227, 5.83932], "uv": [53, 33]},
						{"origin": [1.52664, 4.87784, -0.3874], "size": [3, 3, 3], "pivot": [3.90164, 6.60284, 0.9626], "rotation": [19.72497, -48.57067, -1.70389], "uv": [13, 45]},
						{"origin": [2.69982, 5.3624, 0.99761], "size": [3, 2, 2], "pivot": [4.04982, 6.5624, 1.94761], "rotation": [-101.55088, -88.62681, 114.82764], "uv": [13, 39]},
						{"origin": [3.53931, 5.51676, -2.74887], "size": [2, 1, 1], "inflate": 0.2, "pivot": [4.53931, 6.14176, -2.24887], "rotation": [-2.77989, -56.95762, 25.21429], "uv": [7, 58]},
						{"origin": [-3.5, 6.8, -6.15], "size": [7, 7, 7], "uv": [0, 12]},
						{"origin": [-1.5, 11.55, -6.175], "size": [1, 1, 0], "uv": [36, 52]},
						{"origin": [-3.225, 8.225, -6.175], "size": [2, 3, 0], "pivot": [-2, 9.3, -6.175], "rotation": [0, 0, 5], "uv": [48, 33]},
						{"origin": [-2.425, 9.475, -6.225], "size": [1, 1, 0], "pivot": [-2, 9.3, -6.175], "rotation": [0, 0, 5], "uv": [36, 54]},
						{"origin": [-3.025, 8.725, -6.4], "size": [2, 2, 1], "inflate": -0.2, "pivot": [-2, 9.3, -6.175], "rotation": [0, 0, 5], "uv": [54, 57]},
						{"origin": [-3.225, 10.225, -6.25], "size": [2, 1, 1], "inflate": 0.01, "pivot": [-2, 9.3, -6.175], "rotation": [0, 0, 5], "uv": [59, 12]},
						{"origin": [1.225, 10.225, -6.25], "size": [2, 1, 1], "inflate": 0.01, "pivot": [2, 9.3, -6.175], "rotation": [0, 0, -5], "uv": [59, 15]},
						{"origin": [1.425, 9.475, -6.225], "size": [1, 1, 0], "pivot": [2, 9.3, -6.175], "rotation": [0, 0, -5], "uv": [59, 20]},
						{"origin": [1.025, 8.725, -6.4], "size": [2, 2, 1], "inflate": -0.2, "pivot": [2, 9.3, -6.175], "rotation": [0, 0, -5], "uv": [0, 58]},
						{"origin": [1.225, 8.225, -6.175], "size": [2, 3, 0], "pivot": [2, 9.3, -6.175], "rotation": [0, 0, -5], "uv": [21, 58]},
						{"origin": [0.5, 11.55, -6.175], "size": [1, 1, 0], "uv": [59, 18]},
						{"origin": [-1.5, 6.7, -7.65], "size": [3, 2, 3], "uv": [46, 15]},
						{"origin": [-2.96331, 12.67815, -6.42595], "size": [5, 3, 6], "pivot": [-0.27427, 15.46941, -3.24429], "rotation": [-5.86557, -1.64233, -9.35825], "uv": [25, 27]},
						{"origin": [-2.24449, 13.96445, -5.40914], "size": [4, 2, 4], "pivot": [-0.27427, 15.46941, -3.24429], "rotation": [-35.14023, 4.57459, -0.58108], "uv": [29, 20]},
						{"origin": [-1.5469, 15.24682, -4.61734], "size": [3, 3, 3], "pivot": [-0.27427, 15.46941, -3.24429], "rotation": [-17.95291, -1.33043, -11.73102], "uv": [26, 45]},
						{"origin": [-1.29375, 17.09293, -3.26207], "size": [2, 3, 2], "pivot": [-0.29375, 18.59293, -1.53707], "rotation": [-1.53821, 5.09203, 8.2842], "uv": [0, 62]},
						{"origin": [2.90365, 10.08298, -2.96632], "size": [5, 3, 1], "pivot": [4.65365, 13.48298, -2.46632], "rotation": [-24.13671, 1.0596, 64.95478], "uv": [46, 21]},
						{"origin": [2.90365, 13.08298, -2.96632], "size": [4, 1, 1], "pivot": [4.65365, 13.48298, -2.46632], "rotation": [-24.13671, 1.0596, 64.95478], "uv": [33, 8]},
						{"origin": [3.90365, 14.08298, -2.96632], "size": [3, 1, 1], "pivot": [4.65365, 13.48298, -2.46632], "rotation": [-24.13671, 1.0596, 64.95478], "uv": [57, 26]},
						{"origin": [3.90365, 15.08298, -2.96632], "size": [2, 1, 1], "pivot": [4.65365, 13.48298, -2.46632], "rotation": [-24.13671, 1.0596, 64.95478], "uv": [14, 58]},
						{"origin": [2.6, 8.35, -2.5], "size": [3, 1, 1], "pivot": [4.725, 8.4, -2.9], "rotation": [-3.88344, -33.88471, 12.95151], "uv": [57, 0]},
						{"origin": [2.425, 7.3, -2.375], "size": [3, 1, 1], "pivot": [4.725, 8.4, -2.9], "rotation": [-20.60388, -27.76644, 44.91276], "uv": [57, 3]},
						{"origin": [-5.6, 8.35, -2.5], "size": [3, 1, 1], "pivot": [-4.725, 8.4, -2.9], "rotation": [-3.88344, 33.88471, -12.95151], "uv": [45, 57]},
						{"origin": [-7.90365, 10.08298, -2.96632], "size": [5, 3, 1], "pivot": [-4.65365, 13.48298, -2.46632], "rotation": [-24.13671, -1.0596, -64.95478], "uv": [0, 47]},
						{"origin": [-6.90365, 13.08298, -2.96632], "size": [4, 1, 1], "pivot": [-4.65365, 13.48298, -2.46632], "rotation": [-24.13671, -1.0596, -64.95478], "uv": [53, 43]},
						{"origin": [-6.90365, 14.08298, -2.96632], "size": [3, 1, 1], "pivot": [-4.65365, 13.48298, -2.46632], "rotation": [-24.13671, -1.0596, -64.95478], "uv": [57, 29]},
						{"origin": [-5.90365, 15.08298, -2.96632], "size": [2, 1, 1], "pivot": [-4.65365, 13.48298, -2.46632], "rotation": [-24.13671, -1.0596, -64.95478], "uv": [59, 9]},
						{"origin": [-5.425, 7.3, -2.375], "size": [3, 1, 1], "pivot": [-4.725, 8.4, -2.9], "rotation": [-20.60388, 27.76644, -44.91276], "uv": [27, 57]},
						{"origin": [-3.575, 6.12371, -5.07209], "size": [2, 2, 2], "pivot": [-1.075, 6.62371, -1.57209], "rotation": [14.89542, 29.68227, -5.83932], "uv": [53, 38]},
						{"origin": [-5.53931, 5.51676, -2.74887], "size": [2, 1, 1], "inflate": 0.2, "pivot": [-4.53931, 6.14176, -2.24887], "rotation": [-2.77989, 56.95762, -25.21429], "uv": [59, 6]},
						{"origin": [-4.52664, 4.87784, -0.3874], "size": [3, 3, 3], "pivot": [-3.90164, 6.60284, 0.9626], "rotation": [19.72497, 48.57067, 1.70389], "uv": [46, 8]},
						{"origin": [-5.69982, 5.3624, 0.99761], "size": [3, 2, 2], "pivot": [-4.04982, 6.5624, 1.94761], "rotation": [-101.55088, 88.62681, -114.82764], "uv": [39, 51]},
						{"origin": [1.25373, -0.04766, -3.80617], "size": [2, 3, 2], "pivot": [2.25373, 2.77289, -3.26766], "rotation": [-43.80747, -2.0854, -3.54812], "uv": [50, 51]},
						{"origin": [1.44047, 0.02456, -5.64836], "size": [2, 1, 2], "inflate": 0.001, "pivot": [2.44047, 0.84511, -5.10985], "rotation": [-10.30747, -2.0854, -3.54812], "uv": [53, 46]},
						{"origin": [1.25373, 2.13318, -3.94141], "size": [2, 4, 2], "inflate": -0.001, "pivot": [2.25373, 2.77289, -3.26766], "rotation": [-11.05747, -2.0854, -3.54812], "uv": [48, 0]},
						{"origin": [1.125, 1.01461, 1.11795], "size": [3, 3, 3], "pivot": [2.625, 1.90589, 1.84779], "rotation": [19.5, -24, 0], "uv": [40, 37]},
						{"origin": [1.625, 0.075, -1.175], "size": [2, 2, 5], "pivot": [2.625, 1.90589, 1.84779], "rotation": [0, -24, 0], "uv": [33, 0]},
						{"origin": [-3.25373, 2.13318, -3.94141], "size": [2, 4, 2], "inflate": -0.001, "pivot": [-2.25373, 2.77289, -3.26766], "rotation": [-11.05747, 2.0854, 3.54812], "uv": [48, 26]},
						{"origin": [-3.25373, -0.04766, -3.80617], "size": [2, 3, 2], "pivot": [-2.25373, 2.77289, -3.26766], "rotation": [-43.80747, 2.0854, 3.54812], "uv": [0, 52]},
						{"origin": [-3.44047, 0.02456, -5.64836], "size": [2, 1, 2], "inflate": 0.001, "pivot": [-2.44047, 0.84511, -5.10985], "rotation": [-10.30747, 2.0854, 3.54812], "uv": [36, 56]},
						{"origin": [-3.625, 0.075, -1.175], "size": [2, 2, 5], "pivot": [-2.625, 1.90589, 1.84779], "rotation": [0, 24, 0], "uv": [25, 37]},
						{"origin": [-4.125, 1.01461, 1.11795], "size": [3, 3, 3], "pivot": [-2.625, 1.90589, 1.84779], "rotation": [19.5, 24, 0], "uv": [40, 44]}
					]
				}
			]
		}
	]
}