{
	"format_version": "1.12.0",
	"minecraft:geometry": [
		{
			"description": {
				"identifier": "geometry.unknown",
				"texture_width": 64,
				"texture_height": 64,
				"visible_bounds_width": 3,
				"visible_bounds_height": 2.5,
				"visible_bounds_offset": [0, 0.75, 0]
			},
			"bones": [
				{
					"name": "bone9",
					"pivot": [0, 0, 0]
				},
				{
					"name": "bone",
					"parent": "bone9",
					"pivot": [0, 7, -10],
					"rotation": [-90, 0, 0]
				},
				{
					"name": "bone2",
					"parent": "bone",
					"pivot": [0, 7, -6],
					"rotation": [45, 0, 0],
					"cubes": [
						{"origin": [-2, 7, -6], "size": [4, 1, 4], "uv": [26, 34]}
					]
				},
				{
					"name": "bone3",
					"parent": "bone2",
					"pivot": [0, 7, -2],
					"rotation": [45, 0, 0],
					"cubes": [
						{"origin": [-2, 7, -2], "size": [4, 1, 4], "uv": [0, 33]}
					]
				},
				{
					"name": "bone4",
					"parent": "bone3",
					"pivot": [0, 7, 2],
					"rotation": [22.5, 0, 0],
					"cubes": [
						{"origin": [-2, 7, 2], "size": [4, 1, 4], "pivot": [0, 7, 2], "rotation": [5, 0, 0], "uv": [14, 32]}
					]
				},
				{
					"name": "bone5",
					"parent": "bone4",
					"pivot": [0, 7, 6],
					"rotation": [-45, 0, 0],
					"cubes": [
						{"origin": [-2, 7, 5], "size": [4, 1, 5], "inflate": 0.001, "uv": [0, 27]}
					]
				},
				{
					"name": "bone6",
					"parent": "bone5",
					"pivot": [0, 7, 10],
					"rotation": [22.5, 0, 0],
					"cubes": [
						{"origin": [-2, 7, 10], "size": [4, 1, 4], "uv": [9, 7]},
						{"origin": [-3, 8, 14], "size": [6, 0, 5], "pivot": [0, 8, 14], "rotation": [45, 0, 0], "uv": [0, 22]}
					]
				},
				{
					"name": "bone7",
					"parent": "bone",
					"pivot": [0, 7, -10],
					"cubes": [
						{"origin": [-2, 6, -10], "size": [4, 2, 4], "pivot": [0, 8, -6], "rotation": [-5, 0, 0], "uv": [29, 28]},
						{"origin": [-6, 7, -10], "size": [12, 0, 5], "pivot": [0, 8, -6], "rotation": [-5, 0, 0], "uv": [0, 13]},
						{"origin": [-8, 8, -23], "size": [16, 0, 13], "pivot": [0, 8, -6], "rotation": [-5, 0, 0], "uv": [-13, 51]},
						{"origin": [-3, 6.34862, -14.01522], "size": [6, 2, 4], "inflate": 0.01, "pivot": [0, 8, -10], "rotation": [12, 0, 0], "uv": [13, 26]},
						{"origin": [-3, 5.17327, -18.78681], "size": [6, 2, 6], "inflate": 0.02, "pivot": [0, 6, -14], "rotation": [124.5, 0, 0], "uv": [18, 18]},
						{"origin": [-0.5, 7.22327, -17.78681], "size": [1, 0, 5], "inflate": 0.02, "pivot": [0, 6, -14], "rotation": [124.5, 0, 0], "uv": [0, 0]},
						{"origin": [-5, 6.17327, -17.78681], "size": [10, 0, 4], "inflate": 0.02, "pivot": [0, 6, -14], "rotation": [124.5, 0, 0], "uv": [0, 18]},
						{"origin": [-2, 7.19827, -13.78681], "size": [4, 0, 3], "inflate": 0.02, "pivot": [0, 6, -14], "rotation": [124.5, 0, 0], "uv": [0, 5]}
					]
				},
				{
					"name": "bone8",
					"parent": "bone7",
					"pivot": [0, 8, -6]
				}
			]
		}
	]
}