{
	"credit": "Made with Blockbench",
	"texture_size": [64, 64],
	"textures": {
		"0": "item/pickaxe/drill/drill_pickaxe",
		"particle": "item/pickaxe/drill/drill_pickaxe"
	},
	"elements": [
		{
			"from": [2.998, -0.002, 6.998],
			"to": [13.002, 10.002, 15.002],
			"rotation": {"angle": 0, "axis": "y", "origin": [8, 5, 11]},
			"faces": {
				"north": {"uv": [2.5, 0, 0, 2.5], "texture": "#0"},
				"east": {"uv": [4.5, 2.5, 2.5, 5], "texture": "#0"},
				"south": {"uv": [2.5, 2.5, 0, 5], "texture": "#0"},
				"west": {"uv": [4.5, 0, 2.5, 2.5], "texture": "#0"},
				"up": {"uv": [4.5, 2, 7, 0], "texture": "#0"},
				"down": {"uv": [4.5, 2, 7, 4], "texture": "#0"}
			}
		},
		{
			"from": [7, 6.25, 7.75],
			"to": [13.75, 11.25, 10.25],
			"rotation": {"angle": 0, "axis": "y", "origin": [8, 5, 11]},
			"faces": {
				"north": {"uv": [10.25, 4.5, 8.5, 5.75], "texture": "#0"},
				"east": {"uv": [12.625, 7, 12, 8.25], "texture": "#0"},
				"south": {"uv": [10.5, 0, 8.75, 1.25], "texture": "#0"},
				"west": {"uv": [1.625, 12, 1, 13.25], "texture": "#0"},
				"up": {"uv": [3.75, 11.625, 5.5, 11], "texture": "#0"},
				"down": {"uv": [6.75, 11, 8.5, 11.625], "texture": "#0"}
			}
		},
		{
			"from": [9.25, 8.25, 10.25],
			"to": [10.25, 10.75, 15.75],
			"rotation": {"angle": 0, "axis": "y", "origin": [8, 5, 11]},
			"faces": {
				"north": {"uv": [2.5, 11, 2.25, 11.625], "texture": "#0"},
				"east": {"uv": [10.875, 11.75, 9.5, 12.375], "texture": "#0"},
				"south": {"uv": [5.75, 11, 5.5, 11.625], "texture": "#0"},
				"west": {"uv": [8.125, 11.75, 6.75, 12.375], "texture": "#0"},
				"up": {"uv": [7, 14.625, 7.25, 13.25], "texture": "#0"},
				"down": {"uv": [7.25, 13.25, 7.5, 14.625], "texture": "#0"}
			}
		},
		{
			"from": [7.75, 8.25, 10.25],
			"to": [8.75, 11.25, 16.25],
			"rotation": {"angle": 0, "axis": "y", "origin": [8, 5, 11]},
			"faces": {
				"north": {"uv": [4.5, 5, 4.25, 5.75], "texture": "#0"},
				"east": {"uv": [12, 0, 10.5, 0.75], "texture": "#0"},
				"south": {"uv": [1.25, 10, 1, 10.75], "texture": "#0"},
				"west": {"uv": [9.5, 10.25, 8, 11], "texture": "#0"},
				"up": {"uv": [1.5, 14.75, 1.75, 13.25], "texture": "#0"},
				"down": {"uv": [6.75, 13.25, 7, 14.75], "texture": "#0"}
			}
		},
		{
			"from": [2.25, -1.1, 8.1],
			"to": [7.25, 10.75, 9.85],
			"rotation": {"angle": 0, "axis": "y", "origin": [8.25, 9.75, 13.25]},
			"faces": {
				"north": {"uv": [7.5, 6, 6.25, 9], "texture": "#0"},
				"east": {"uv": [1, 10, 0.5, 13], "texture": "#0"},
				"south": {"uv": [1.25, 7, 0, 10], "texture": "#0"},
				"west": {"uv": [0.5, 10, 0, 13], "texture": "#0"},
				"up": {"uv": [9, 3.25, 10.25, 2.75], "texture": "#0"},
				"down": {"uv": [12.5, 3.5, 13.75, 4], "texture": "#0"}
			}
		},
		{
			"from": [2.25, -1.1, 11.1],
			"to": [7.25, 2.75, 12.85],
			"rotation": {"angle": 0, "axis": "y", "origin": [8.25, 9.75, 13.25]},
			"faces": {
				"north": {"uv": [5.75, 10, 4.5, 11], "texture": "#0"},
				"east": {"uv": [10.5, 13, 10, 14], "texture": "#0"},
				"south": {"uv": [11.5, 1.25, 10.25, 2.25], "texture": "#0"},
				"west": {"uv": [6.25, 8, 5.75, 9], "texture": "#0"},
				"up": {"uv": [12.5, 9.5, 13.75, 9], "texture": "#0"},
				"down": {"uv": [9.25, 12.5, 10.5, 13], "texture": "#0"}
			}
		},
		{
			"from": [4.5, 1.5, 15],
			"to": [11.5, 8.5, 17],
			"rotation": {"angle": 0, "axis": "y", "origin": [8, 5, 11]},
			"faces": {
				"north": {"uv": [8.5, 4, 6.75, 5.75], "texture": "#0"},
				"east": {"uv": [2.75, 11.75, 2.25, 13.5], "texture": "#0"},
				"south": {"uv": [8.75, 0, 7, 1.75], "texture": "#0"},
				"west": {"uv": [12, 11.5, 11.5, 13.25], "texture": "#0"},
				"up": {"uv": [11.5, 2.25, 13.25, 1.75], "texture": "#0"},
				"down": {"uv": [11.75, 2.25, 13.5, 2.75], "texture": "#0"}
			}
		},
		{
			"from": [5.5, 2.075, 17],
			"to": [10.5, 7.925, 18.5],
			"rotation": {"angle": 0, "axis": "y", "origin": [8, 5, 11]},
			"faces": {
				"north": {"uv": [10.25, 1.25, 9, 2.75], "texture": "#0"},
				"east": {"uv": [10.875, 12.5, 10.5, 14], "texture": "#0"},
				"south": {"uv": [7, 9, 5.75, 10.5], "texture": "#0"},
				"west": {"uv": [8.125, 12.5, 7.75, 14], "texture": "#0"},
				"up": {"uv": [13.25, 4.375, 14.5, 4], "texture": "#0"},
				"down": {"uv": [13.25, 4.5, 14.5, 4.875], "texture": "#0"}
			}
		},
		{
			"from": [5.5, 1.92175, 15.69151],
			"to": [10.5, 3.42175, 17.19151],
			"rotation": {"angle": -22.5, "axis": "x", "origin": [8, 5, 17.4059]},
			"faces": {
				"north": {"uv": [14.5, 9.5, 13.25, 9.875], "texture": "#0"},
				"east": {"uv": [13.875, 2.5, 13.5, 2.875], "texture": "#0"},
				"south": {"uv": [14.5, 10, 13.25, 10.375], "texture": "#0"},
				"west": {"uv": [2.625, 13.5, 2.25, 13.875], "texture": "#0"},
				"up": {"uv": [13.25, 10.875, 14.5, 10.5], "texture": "#0"},
				"down": {"uv": [13.25, 11, 14.5, 11.375], "texture": "#0"}
			}
		},
		{
			"from": [5.5, 6.57825, 15.69151],
			"to": [10.5, 8.07825, 17.19151],
			"rotation": {"angle": 22.5, "axis": "x", "origin": [8, 5, 17.4059]},
			"faces": {
				"north": {"uv": [14.5, 5, 13.25, 5.375], "texture": "#0"},
				"east": {"uv": [13.875, 2, 13.5, 2.375], "texture": "#0"},
				"south": {"uv": [14.5, 5.5, 13.25, 5.875], "texture": "#0"},
				"west": {"uv": [2.125, 13.5, 1.75, 13.875], "texture": "#0"},
				"up": {"uv": [13.25, 6.375, 14.5, 6], "texture": "#0"},
				"down": {"uv": [13.25, 6.5, 14.5, 6.875], "texture": "#0"}
			}
		},
		{
			"from": [5.34773, 2.075, 15.80569],
			"to": [6.84773, 7.925, 17.30569],
			"rotation": {"angle": 22.5, "axis": "y", "origin": [8.42597, 5.425, 17.52008]},
			"faces": {
				"north": {"uv": [0.375, 13, 0, 14.5], "texture": "#0"},
				"east": {"uv": [9.125, 13, 8.75, 14.5], "texture": "#0"},
				"south": {"uv": [8.625, 13, 8.25, 14.5], "texture": "#0"},
				"west": {"uv": [0.875, 13, 0.5, 14.5], "texture": "#0"},
				"up": {"uv": [3.25, 13.875, 3.625, 13.5], "texture": "#0"},
				"down": {"uv": [3.75, 13.5, 4.125, 13.875], "texture": "#0"}
			}
		},
		{
			"from": [9.15227, 2.075, 15.80569],
			"to": [10.65227, 7.925, 17.30569],
			"rotation": {"angle": -22.5, "axis": "y", "origin": [7.57403, 5.425, 17.52008]},
			"faces": {
				"north": {"uv": [5.375, 12.75, 5, 14.25], "texture": "#0"},
				"east": {"uv": [6.375, 12.75, 6, 14.25], "texture": "#0"},
				"south": {"uv": [13.125, 5.5, 12.75, 7], "texture": "#0"},
				"west": {"uv": [5.875, 12.75, 5.5, 14.25], "texture": "#0"},
				"up": {"uv": [2.75, 13.875, 3.125, 13.5], "texture": "#0"},
				"down": {"uv": [13.5, 3, 13.875, 3.375], "texture": "#0"}
			}
		},
		{
			"from": [10.65227, 4.225, 15.50569],
			"to": [11.35227, 5.775, 17.05569],
			"rotation": {"angle": -22.5, "axis": "y", "origin": [7.57403, 5.425, 17.52008]},
			"faces": {
				"north": {"uv": [6.875, 10.5, 6.75, 10.875], "texture": "#0"},
				"east": {"uv": [13.875, 8.25, 13.5, 8.625], "texture": "#0"},
				"south": {"uv": [11.375, 0.75, 11.25, 1.125], "texture": "#0"},
				"west": {"uv": [4.625, 13.5, 4.25, 13.875], "texture": "#0"},
				"up": {"uv": [8.25, 12.125, 8.375, 11.75], "texture": "#0"},
				"down": {"uv": [11.75, 9.5, 11.875, 9.875], "texture": "#0"}
			}
		},
		{
			"from": [11.48555, 4.225, 16.5549],
			"to": [11.83555, 5.775, 17.1049],
			"rotation": {"angle": 0, "axis": "y", "origin": [11.48555, 5, 16.3299]},
			"faces": {
				"north": {"uv": [11.875, 10, 11.75, 10.375], "texture": "#0"},
				"east": {"uv": [12.125, 13.5, 12, 13.875], "texture": "#0"},
				"south": {"uv": [4.875, 13.5, 4.75, 13.875], "texture": "#0"},
				"west": {"uv": [7.625, 13.25, 7.5, 13.625], "texture": "#0"},
				"up": {"uv": [2.5, 9.875, 2.625, 9.75], "texture": "#0"},
				"down": {"uv": [2.75, 9.75, 2.875, 9.875], "texture": "#0"}
			}
		},
		{
			"from": [4.16445, 4.225, 16.5549],
			"to": [4.51445, 5.775, 17.1049],
			"rotation": {"angle": 0, "axis": "y", "origin": [4.51445, 5, 16.3299]},
			"faces": {
				"north": {"uv": [11.75, 10, 11.875, 10.375], "texture": "#0"},
				"east": {"uv": [7.5, 13.25, 7.625, 13.625], "texture": "#0"},
				"south": {"uv": [4.75, 13.5, 4.875, 13.875], "texture": "#0"},
				"west": {"uv": [12, 13.5, 12.125, 13.875], "texture": "#0"},
				"up": {"uv": [2.625, 9.875, 2.5, 9.75], "texture": "#0"},
				"down": {"uv": [2.875, 9.75, 2.75, 9.875], "texture": "#0"}
			}
		},
		{
			"from": [4.64773, 4.225, 15.50569],
			"to": [5.34773, 5.775, 17.05569],
			"rotation": {"angle": 22.5, "axis": "y", "origin": [8.42597, 5.425, 17.52008]},
			"faces": {
				"north": {"uv": [6.75, 10.5, 6.875, 10.875], "texture": "#0"},
				"east": {"uv": [4.25, 13.5, 4.625, 13.875], "texture": "#0"},
				"south": {"uv": [11.25, 0.75, 11.375, 1.125], "texture": "#0"},
				"west": {"uv": [13.5, 8.25, 13.875, 8.625], "texture": "#0"},
				"up": {"uv": [8.375, 12.125, 8.25, 11.75], "texture": "#0"},
				"down": {"uv": [11.875, 9.5, 11.75, 9.875], "texture": "#0"}
			}
		},
		{
			"from": [7.225, 8.48555, 16.5549],
			"to": [8.775, 8.83555, 17.1049],
			"rotation": {"angle": 0, "axis": "y", "origin": [8, 5, 17.25843]},
			"faces": {
				"north": {"uv": [11.875, 10, 11.75, 10.375], "rotation": 90, "texture": "#0"},
				"east": {"uv": [2.75, 9.75, 2.875, 9.875], "rotation": 270, "texture": "#0"},
				"south": {"uv": [4.875, 13.5, 4.75, 13.875], "rotation": 270, "texture": "#0"},
				"west": {"uv": [2.5, 9.875, 2.625, 9.75], "rotation": 270, "texture": "#0"},
				"up": {"uv": [12.125, 13.5, 12, 13.875], "rotation": 270, "texture": "#0"},
				"down": {"uv": [7.625, 13.25, 7.5, 13.625], "rotation": 270, "texture": "#0"}
			}
		},
		{
			"from": [7.225, 7.78483, 15.64878],
			"to": [8.775, 8.48483, 17.19878],
			"rotation": {"angle": 22.5, "axis": "x", "origin": [8, 5, 17.25843]},
			"faces": {
				"north": {"uv": [6.875, 10.5, 6.75, 10.875], "rotation": 90, "texture": "#0"},
				"east": {"uv": [11.75, 9.5, 11.875, 9.875], "rotation": 270, "texture": "#0"},
				"south": {"uv": [11.375, 0.75, 11.25, 1.125], "rotation": 270, "texture": "#0"},
				"west": {"uv": [8.25, 12.125, 8.375, 11.75], "rotation": 270, "texture": "#0"},
				"up": {"uv": [13.875, 8.25, 13.5, 8.625], "rotation": 270, "texture": "#0"},
				"down": {"uv": [4.625, 13.5, 4.25, 13.875], "rotation": 270, "texture": "#0"}
			}
		},
		{
			"from": [7.225, 1.16445, 16.5549],
			"to": [8.775, 1.51445, 17.1049],
			"rotation": {"angle": 0, "axis": "y", "origin": [8, 5, 17.25843]},
			"faces": {
				"north": {"uv": [11.75, 10, 11.875, 10.375], "rotation": 90, "texture": "#0"},
				"east": {"uv": [2.875, 9.75, 2.75, 9.875], "rotation": 270, "texture": "#0"},
				"south": {"uv": [4.75, 13.5, 4.875, 13.875], "rotation": 270, "texture": "#0"},
				"west": {"uv": [2.625, 9.875, 2.5, 9.75], "rotation": 270, "texture": "#0"},
				"up": {"uv": [7.5, 13.25, 7.625, 13.625], "rotation": 270, "texture": "#0"},
				"down": {"uv": [12, 13.5, 12.125, 13.875], "rotation": 270, "texture": "#0"}
			}
		},
		{
			"from": [7.225, 1.51517, 15.64878],
			"to": [8.775, 2.21517, 17.19878],
			"rotation": {"angle": -22.5, "axis": "x", "origin": [8, 5, 17.25843]},
			"faces": {
				"north": {"uv": [6.75, 10.5, 6.875, 10.875], "rotation": 90, "texture": "#0"},
				"east": {"uv": [11.875, 9.5, 11.75, 9.875], "rotation": 270, "texture": "#0"},
				"south": {"uv": [11.25, 0.75, 11.375, 1.125], "rotation": 270, "texture": "#0"},
				"west": {"uv": [8.375, 12.125, 8.25, 11.75], "rotation": 270, "texture": "#0"},
				"up": {"uv": [4.25, 13.5, 4.625, 13.875], "rotation": 270, "texture": "#0"},
				"down": {"uv": [13.5, 8.25, 13.875, 8.625], "rotation": 270, "texture": "#0"}
			}
		},
		{
			"from": [11.35, 2.7, 7],
			"to": [14.85, 5.7, 10.75],
			"rotation": {"angle": -45, "axis": "z", "origin": [13.875, 4.5, 8.5]},
			"faces": {
				"north": {"uv": [13.375, 0.75, 12.5, 1.5], "texture": "#0"},
				"east": {"uv": [13.25, 4, 12.25, 4.75], "texture": "#0"},
				"south": {"uv": [13.375, 2.75, 12.5, 3.5], "texture": "#0"},
				"west": {"uv": [13, 0, 12, 0.75], "texture": "#0"},
				"up": {"uv": [3.25, 8, 4.125, 7], "texture": "#0"},
				"down": {"uv": [11.5, 0.75, 12.375, 1.75], "texture": "#0"}
			}
		},
		{
			"from": [11.13808, 2.76265, 10.75],
			"to": [14.63808, 7.01265, 14.5],
			"rotation": {"angle": -22.5, "axis": "z", "origin": [12.93808, 5.01265, 11.5]},
			"faces": {
				"north": {"uv": [11.875, 7, 11, 8.125], "texture": "#0"},
				"east": {"uv": [11.25, 5.75, 10.25, 6.875], "texture": "#0"},
				"south": {"uv": [11.875, 8.25, 11, 9.375], "texture": "#0"},
				"west": {"uv": [11.25, 4.5, 10.25, 5.625], "texture": "#0"},
				"up": {"uv": [11.5, 4, 12.375, 3], "texture": "#0"},
				"down": {"uv": [11.5, 10.5, 12.375, 11.5], "texture": "#0"}
			}
		},
		{
			"from": [1.36192, 2.76265, 10.75],
			"to": [4.86192, 7.01265, 14.5],
			"rotation": {"angle": 22.5, "axis": "z", "origin": [3.06192, 5.01265, 11.5]},
			"faces": {
				"north": {"uv": [9.375, 11, 8.5, 12.125], "texture": "#0"},
				"east": {"uv": [6.75, 10.5, 5.75, 11.625], "texture": "#0"},
				"south": {"uv": [12.125, 4.25, 11.25, 5.375], "texture": "#0"},
				"west": {"uv": [11.5, 3, 10.5, 4.125], "texture": "#0"},
				"up": {"uv": [4.75, 12.75, 5.625, 11.75], "texture": "#0"},
				"down": {"uv": [5.75, 11.75, 6.625, 12.75], "texture": "#0"}
			}
		},
		{
			"from": [1.15, 2.7, 7],
			"to": [4.65, 5.7, 10.75],
			"rotation": {"angle": 45, "axis": "z", "origin": [2.125, 4.5, 8.5]},
			"faces": {
				"north": {"uv": [7.625, 12.5, 6.75, 13.25], "texture": "#0"},
				"east": {"uv": [9.25, 12.25, 8.25, 13], "texture": "#0"},
				"south": {"uv": [13.375, 8.25, 12.5, 9], "texture": "#0"},
				"west": {"uv": [13.25, 4.75, 12.25, 5.5], "texture": "#0"},
				"up": {"uv": [2.75, 12.75, 3.625, 11.75], "texture": "#0"},
				"down": {"uv": [3.75, 11.75, 4.625, 12.75], "texture": "#0"}
			}
		},
		{
			"from": [11.46084, 3.74661, 14.25],
			"to": [14.46084, 6.74661, 16.25],
			"rotation": {"angle": -22.5, "axis": "x", "origin": [13.96084, 4.24661, 15]},
			"faces": {
				"north": {"uv": [4.25, 12.75, 3.5, 13.5], "texture": "#0"},
				"east": {"uv": [1.5, 13.25, 1, 14], "texture": "#0"},
				"south": {"uv": [5, 12.75, 4.25, 13.5], "texture": "#0"},
				"west": {"uv": [9.75, 8.5, 9.25, 9.25], "texture": "#0"},
				"up": {"uv": [10.25, 7.5, 11, 7], "texture": "#0"},
				"down": {"uv": [10.5, 0.75, 11.25, 1.25], "texture": "#0"}
			}
		},
		{
			"from": [1.53916, 3.74661, 14.25],
			"to": [4.53916, 6.74661, 16.25],
			"rotation": {"angle": -22.5, "axis": "x", "origin": [2.03916, 4.24661, 15]},
			"faces": {
				"north": {"uv": [3.5, 12.75, 4.25, 13.5], "texture": "#0"},
				"east": {"uv": [9.25, 8.5, 9.75, 9.25], "texture": "#0"},
				"south": {"uv": [4.25, 12.75, 5, 13.5], "texture": "#0"},
				"west": {"uv": [1, 13.25, 1.5, 14], "texture": "#0"},
				"up": {"uv": [11, 7.5, 10.25, 7], "texture": "#0"},
				"down": {"uv": [11.25, 0.75, 10.5, 1.25], "texture": "#0"}
			}
		},
		{
			"from": [11.25, -0.5, 8],
			"to": [13.25, 2, 14],
			"rotation": {"angle": -22.5, "axis": "z", "origin": [14, -0.5, 11]},
			"faces": {
				"north": {"uv": [11.5, 13.25, 11, 13.875], "texture": "#0"},
				"east": {"uv": [12.75, 6.25, 11.25, 6.875], "texture": "#0"},
				"south": {"uv": [12, 13.25, 11.5, 13.875], "texture": "#0"},
				"west": {"uv": [12.75, 5.5, 11.25, 6.125], "texture": "#0"},
				"up": {"uv": [11, 13.25, 11.5, 11.75], "texture": "#0"},
				"down": {"uv": [1.75, 12, 2.25, 13.5], "texture": "#0"}
			}
		},
		{
			"from": [13.25, 0.5, 7],
			"to": [14.25, 1.5, 15],
			"rotation": {"angle": -22.5, "axis": "z", "origin": [14, -0.5, 11]},
			"faces": {
				"north": {"uv": [4.5, 5.75, 4.25, 6], "texture": "#0"},
				"east": {"uv": [14.75, 7.5, 12.75, 7.75], "texture": "#0"},
				"south": {"uv": [7.5, 5.75, 7.25, 6], "texture": "#0"},
				"west": {"uv": [14.75, 7.25, 12.75, 7.5], "texture": "#0"},
				"up": {"uv": [6.5, 14.75, 6.75, 12.75], "texture": "#0"},
				"down": {"uv": [9.25, 13, 9.5, 15], "texture": "#0"}
			}
		},
		{
			"from": [12, 0.5, 7],
			"to": [13.25, 1.5, 15],
			"rotation": {"angle": -22.5, "axis": "z", "origin": [14, -0.5, 11]},
			"faces": {
				"north": {"uv": [7.125, 5.75, 6.75, 6], "texture": "#0"},
				"east": {"uv": [14.75, 8, 12.75, 8.25], "texture": "#0"},
				"south": {"uv": [7.375, 9, 7, 9.25], "texture": "#0"},
				"west": {"uv": [14.75, 7.75, 12.75, 8], "texture": "#0"},
				"up": {"uv": [12, 10.25, 12.375, 8.25], "texture": "#0"},
				"down": {"uv": [12, 11.5, 12.375, 13.5], "texture": "#0"}
			}
		},
		{
			"from": [14, -3, 7],
			"to": [15, -2, 15],
			"rotation": {"angle": -22.5, "axis": "z", "origin": [14, -0.5, 11]},
			"faces": {
				"north": {"uv": [9, 1.25, 8.75, 1.5], "texture": "#0"},
				"east": {"uv": [15.25, 1.75, 13.25, 2], "texture": "#0"},
				"south": {"uv": [9, 1.5, 8.75, 1.75], "texture": "#0"},
				"west": {"uv": [15, 0.5, 13, 0.75], "texture": "#0"},
				"up": {"uv": [9.5, 15, 9.75, 13], "texture": "#0"},
				"down": {"uv": [9.75, 13, 10, 15], "texture": "#0"}
			}
		},
		{
			"from": [5.75, -3, 7],
			"to": [14, -2, 15],
			"rotation": {"angle": -22.5, "axis": "z", "origin": [14, -0.5, 11]},
			"faces": {
				"north": {"uv": [14.625, 1.5, 12.5, 1.75], "texture": "#0"},
				"east": {"uv": [15, 0.25, 13, 0.5], "texture": "#0"},
				"south": {"uv": [14.875, 7, 12.75, 7.25], "texture": "#0"},
				"west": {"uv": [15, 0, 13, 0.25], "texture": "#0"},
				"up": {"uv": [4.5, 6, 6.625, 4], "texture": "#0"},
				"down": {"uv": [0, 5, 2.125, 7], "texture": "#0"}
			}
		},
		{
			"from": [6.25, -3.5, 8],
			"to": [14.25, -0.5, 14],
			"rotation": {"angle": -22.5, "axis": "z", "origin": [14, -0.5, 11]},
			"faces": {
				"north": {"uv": [11.75, 9.75, 9.75, 10.5], "texture": "#0"},
				"east": {"uv": [11.75, 2.25, 10.25, 3], "texture": "#0"},
				"south": {"uv": [4.5, 10, 2.5, 10.75], "texture": "#0"},
				"west": {"uv": [8.5, 3.25, 7, 4], "texture": "#0"},
				"up": {"uv": [1.25, 8.5, 3.25, 7], "texture": "#0"},
				"down": {"uv": [7, 1.75, 9, 3.25], "texture": "#0"}
			}
		},
		{
			"from": [4, 1, 2.25],
			"to": [12, 9, 7],
			"rotation": {"angle": 45, "axis": "z", "origin": [8, 5, 5]},
			"faces": {
				"north": {"uv": [4.25, 5, 2.25, 7], "texture": "#0"},
				"east": {"uv": [5.75, 8, 4.5, 10], "texture": "#0"},
				"south": {"uv": [6.25, 6, 4.25, 8], "texture": "#0"},
				"west": {"uv": [4.5, 8, 3.25, 10], "texture": "#0"},
				"up": {"uv": [1.25, 9.75, 3.25, 8.5], "texture": "#0"},
				"down": {"uv": [8.5, 3.25, 10.5, 4.5], "texture": "#0"}
			}
		},
		{
			"from": [4.75, 1.75, -1.5],
			"to": [11.25, 8.25, 2.25],
			"rotation": {"angle": 45, "axis": "z", "origin": [8, 5, 5]},
			"faces": {
				"north": {"uv": [9.125, 5.75, 7.5, 7.375], "texture": "#0"},
				"east": {"uv": [8, 9.25, 7, 10.875], "texture": "#0"},
				"south": {"uv": [9.125, 7.5, 7.5, 9.125], "texture": "#0"},
				"west": {"uv": [10.25, 5.75, 9.25, 7.375], "texture": "#0"},
				"up": {"uv": [9.25, 8.5, 10.875, 7.5], "texture": "#0"},
				"down": {"uv": [8, 9.25, 9.625, 10.25], "texture": "#0"}
			}
		},
		{
			"from": [5.5, 2.5, -4.75],
			"to": [10.5, 7.5, -1.5],
			"rotation": {"angle": 45, "axis": "z", "origin": [8, 5, 5.25]},
			"faces": {
				"north": {"uv": [2.5, 9.75, 1.25, 11], "texture": "#0"},
				"east": {"uv": [11.375, 10.5, 10.5, 11.75], "texture": "#0"},
				"south": {"uv": [11, 8.5, 9.75, 9.75], "texture": "#0"},
				"west": {"uv": [10.375, 10.5, 9.5, 11.75], "texture": "#0"},
				"up": {"uv": [2.5, 11.625, 3.75, 10.75], "texture": "#0"},
				"down": {"uv": [1, 11, 2.25, 11.875], "texture": "#0"}
			}
		},
		{
			"from": [6.5, 3.5, -7.5],
			"to": [9.5, 6.5, -4.75],
			"rotation": {"angle": 45, "axis": "z", "origin": [8, 5, 5.25]},
			"faces": {
				"north": {"uv": [13.25, 9.5, 12.5, 10.25], "texture": "#0"},
				"east": {"uv": [13.25, 11.75, 12.5, 12.5], "texture": "#0"},
				"south": {"uv": [13.25, 11, 12.5, 11.75], "texture": "#0"},
				"west": {"uv": [13.25, 10.25, 12.5, 11], "texture": "#0"},
				"up": {"uv": [12.5, 13.25, 13.25, 12.5], "texture": "#0"},
				"down": {"uv": [2.75, 12.75, 3.5, 13.5], "texture": "#0"}
			}
		},
		{
			"from": [7.25, 4.25, -9.75],
			"to": [8.75, 5.75, -7.5],
			"rotation": {"angle": 45, "axis": "z", "origin": [8, 5, 5.25]},
			"faces": {
				"north": {"uv": [13.375, 13.25, 13, 13.625], "texture": "#0"},
				"east": {"uv": [13.875, 12, 13.25, 12.375], "texture": "#0"},
				"south": {"uv": [13.875, 0.75, 13.5, 1.125], "texture": "#0"},
				"west": {"uv": [13.875, 11.5, 13.25, 11.875], "texture": "#0"},
				"up": {"uv": [12.5, 13.875, 12.875, 13.25], "texture": "#0"},
				"down": {"uv": [13.25, 12.5, 13.625, 13.125], "texture": "#0"}
			}
		}
	],
	"gui_light": "front",
	"display": {
		"thirdperson_righthand": {
			"translation": [0, 0, 0.5],
			"scale": [0.7, 0.7, 0.7]
		},
		"thirdperson_lefthand": {
			"translation": [0, 0, 0.5],
			"scale": [0.7, 0.7, 0.7]
		},
		"firstperson_righthand": {
			"rotation": [18.07, 19.98, -1.91],
			"translation": [-0.75, 4.5, 0],
			"scale": [0.62, 0.62, 0.62]
		},
		"firstperson_lefthand": {
			"rotation": [18.07, 19.98, -1.91],
			"translation": [-0.75, 4.5, 0],
			"scale": [0.62, 0.62, 0.62]
		},
		"ground": {
			"rotation": [45, 0, 0],
			"translation": [0, 4.25, 0],
			"scale": [0.6, 0.6, 0.6]
		},
		"gui": {
			"rotation": [98.72, 45.24, -77.79],
			"translation": [3, 0, 0],
			"scale": [0.71, 0.71, 0.71]
		},
		"head": {
			"scale": [0, 0, 0]
		},
		"fixed": {
			"rotation": [-90, 0, 0],
			"translation": [0, 3, -10.75]
		}
	}
}