{
  "species": "cobblemon:charmander",
  "order": 1,
  "variations": [
    {
      "aspects": ["plushie"],
      "poser": "cobblemon:substitute",
      "model": "cobblemon:charmander_plushie.geo",
      "texture": "cobblemon:textures/pokemon/plushies/charmander/charmander_plushie.png",
      "layers": [
        {
          "name": "flame",
          "texture": {
            "frames": [
              "cobblemon:textures/pokemon/plushies/empty_e.png",
              "cobblemon:textures/pokemon/plushies/empty_e.png",
              "cobblemon:textures/pokemon/plushies/empty_e.png",
              "cobblemon:textures/pokemon/plushies/empty_e.png"
            ],
            "fps": 10,
            "loop": true
          },
          "emissive": true
        },
        {
          "name": "emissive",
          "emissive": true,
          "texture": "cobblemon:textures/pokemon/plushies/empty_e.png",
          "translucent": false
        }
      ]
    }
  ]
}
