{
  "species": "cobblemon:groudon",
  "order": 2,
  "variations": [
    {
      "aspects": [ "plushie" ],
      "poser": "cobblemon:substitute",
      "model": "cobblemon:groudon_plushie.geo",
      "texture": "cobblemon:textures/pokemon/plushies/groudon/groudon_plushie.png",
      "layers": [
        {
          "name": "emissive",
          "emissive": true,
          "texture": "cobblemon:textures/pokemon/plushies/empty_e.png",
          "translucent": false
        }
      ]
    }
  ]
}
