{
  "species": "cobblemon:nidoran",
  "order": 1,
  "variations": [
    {
      "aspects": ["plushie","male"],
      "poser": "cobblemon:substitute",
      "model": "cobblemon:nidoran_male_plushie.geo",
      "texture": "cobblemon:textures/pokemon/plushies/nidoran/nidoran_male_plushie.png",
      "layers": [
        {
          "name": "emissive",
          "emissive": true,
          "texture": "cobblemon:textures/pokemon/plushies/empty_e.png",
          "translucent": false
        }
      ]
    },
    {
      "aspects": ["plushie","female"],
      "poser": "cobblemon:substitute",
      "model": "cobblemon:nidoran_female_plushie.geo",
      "texture": "cobblemon:textures/pokemon/plushies/nidoran/nidoran_female_plushie.png",
      "layers": [
        {
          "name": "emissive",
          "emissive": true,
          "texture": "cobblemon:textures/pokemon/plushies/empty_e.png",
          "translucent": false
        }
      ]
    }
  ]
}
