{
    "species": "cobblemon:ninetales",
    "order": 1,
    "variations": [
      {
        "aspects": ["plushie"],
        "poser": "cobblemon:substitute",
        "model": "cobblemon:ninetales_plushie.geo",
        "texture": "cobblemon:textures/pokemon/plushies/ninetales/ninetales_plushie.png",
        "layers": [
          {
            "name": "emissive",
            "emissive": true,
            "texture": "cobblemon:textures/pokemon/plushies/empty_e.png",
            "translucent": false
          }
        ]
      }
    ]
  }
  