{
  "species": "cobblemon:snorunt",
  "order": 1,
  "variations": [
    {
      "aspects": ["plushie"],
      "poser": "cobblemon:substitute",
      "model": "cobblemon:snorunt_plushie.geo",
      "texture": "cobblemon:textures/pokemon/plushies/snorunt/snorunt_plushie.png",
      "layers": [
        {
          "name": "emissive",
          "emissive": true,
          "texture": "cobblemon:textures/pokemon/plushies/empty_e.png",
          "translucent": false
        }
      ]
    }
  ]
}
