{
  "species": "cobblemon:vulpix",
  "order": 1,
  "variations": [
    {
      "aspects": ["plushie"],
      "poser": "cobblemon:substitute",
      "model": "cobblemon:vulpix_plushie.geo",
      "texture": "cobblemon:textures/pokemon/plushies/vulpix/vulpix_plushie.png",
      "layers": [
        {
          "name": "emissive",
          "emissive": true,
          "texture": "cobblemon:textures/pokemon/plushies/empty_e.png",
          "translucent": false
        }
      ]
    },
    {
      "aspects": ["plushie","alolan"],
      "poser": "cobblemon:substitute",
      "model": "cobblemon:vulpix_alolan_plushie.geo",
      "texture": "cobblemon:textures/pokemon/plushies/vulpix/vulpix_alolan_plushie.png",
      "layers": [
        {
          "name": "emissive",
          "emissive": true,
          "texture": "cobblemon:textures/pokemon/plushies/empty_e.png",
          "translucent": false
        }
      ]
    }
  ]
}
