{
	"parent":"builtin/entity",
	"gui_light":"side",
	"display": {
        "thirdperson_righthand": {
            "scale": [ 2, 2, 2 ]
        },
        "thirdperson_lefthand": {
            "scale": [ 2, 2, 2 ]
        },
        "firstperson_righthand": {
            "scale": [ 2, 2, 2 ]
        },
        "firstperson_lefthand": {
            "scale": [ 2, 2, 2 ]
        },
        "gui": {
			"translation": [ 1, 4, 1 ],
            "scale": [ 3, 3, 3]
        },
        "head": {
            "scale": [ 2, 2, 2 ]
        },
        "ground": {
            "scale": [ 2, 2, 2 ]
        },
        "fixed": {
            "scale": [ 2, 2, 2 ]
        }
    }
}