{
	"parent":"builtin/entity",
	"gui_light":"side",
	"display": {
        "thirdperson_righthand": {
            "scale": [ 2, 2, 2 ]
        },
        "thirdperson_lefthand": {
            "scale": [ 2, 2, 2 ]
        },
        "firstperson_righthand": {
            "scale": [ 2, 2, 2 ]
        },
        "firstperson_lefthand": {
            "scale": [ 2, 2, 2 ]
        },
        "gui": {
			"translation": [ 7, -6, 1 ],
            "scale": [ 2.5, 2.5, 2.5]
        },
        "head": {
            "scale": [ 2, 2, 2 ]
        },
        "ground": {
            "scale": [ 2, 2, 2 ]
        },
        "fixed": {
            "scale": [ 2, 2, 2 ]
        }
    }
}