{
	"format_version": "1.8.0",
	"animations": {
		"animation.giratina_celebration.ground_idle": {
			"loop": true,
			"animation_length": 1.25,
			"bones": {
				"bone10": {
					"rotation": {
						"0.0": [0, 0, 0],
						"0.125": [0, 0, 0]
					},
					"position": {
						"0.0": [0, 0, 0],
						"0.125": [0, 0, 0]
					},
					"scale": {
						"0.0": [1, 1, 1],
						"0.125": [1, 1, 1],
						"0.25": [0.9, 0.9, 0.9],
						"0.375": [1.1, 1.1, 1.1],
						"0.4167": [1, 1, 1]
					}
				},
				"bone11": {
					"scale": {
						"0.0": [1, 1, 1],
						"0.25": [1.1, 1.1, 1.1],
						"0.5": [1, 1, 1],
						"0.75": [1.1, 1.1, 1.1],
						"1.0": [1, 1, 1],
						"1.25": [1.1, 1.1, 1.1]
					}
				}
			}
		}
	}
}